solid OpenSCAD_Model
  facet normal 0 0 -1
    outer loop
      vertex -25.57820725201806 -31.91229349178414 0
      vertex -25.64548132206251 -31.71411047216403 0
      vertex -25.485640646055103 -32.099999999999994 0
    endloop
  endfacet
  facet normal 0 0 -1
    outer loop
      vertex -25.485640646055103 -32.099999999999994 0
      vertex -25.231370849898475 -32.43137084989847 0
      vertex -25.369365344465976 -32.27401828641395 0
    endloop
  endfacet
  facet normal 0 0 -1
    outer loop
      vertex -25.485640646055103 -32.099999999999994 0
      vertex -25.64548132206251 -31.71411047216403 0
      vertex -25.074018286413953 -32.56936534446597 0
    endloop
  endfacet
  facet normal 0 0 -1
    outer loop
      vertex -25.64548132206251 -31.71411047216403 0
      vertex -24.1 -32.9 0
      vertex -25.074018286413953 -32.56936534446597 0
    endloop
  endfacet
  facet normal 0 0 -1
    outer loop
      vertex -25.485640646055103 -32.099999999999994 0
      vertex -25.074018286413953 -32.56936534446597 0
      vertex -25.231370849898475 -32.43137084989847 0
    endloop
  endfacet
  facet normal 0 0 -1
    outer loop
      vertex -25.64548132206251 -31.71411047216403 0
      vertex -25.686311778198096 -31.50884190755208 0
      vertex -25.7 -31.299999999999997 0
    endloop
  endfacet
  facet normal 0 0 -1
    outer loop
      vertex -25.074018286413953 -32.56936534446597 0
      vertex -24.712293491784145 -32.778207252018056 0
      vertex -24.9 -32.6856406460551 0
    endloop
  endfacet
  facet normal 0 0 -1
    outer loop
      vertex -25.074018286413953 -32.56936534446597 0
      vertex -24.1 -32.9 0
      vertex -24.712293491784145 -32.778207252018056 0
    endloop
  endfacet
  facet normal 0 0 -1
    outer loop
      vertex -24.712293491784145 -32.778207252018056 0
      vertex -24.1 -32.9 0
      vertex -24.514110472164035 -32.845481322062504 0
    endloop
  endfacet
  facet normal 0 0 -1
    outer loop
      vertex -24.514110472164035 -32.845481322062504 0
      vertex -24.1 -32.9 0
      vertex -24.308841907552083 -32.88631177819809 0
    endloop
  endfacet
  facet normal -0.8968727415326844 -0.4422886902190091 0
    outer loop
      vertex -25.57820725201806 -31.91229349178414 0
      vertex -25.485640646055103 -32.099999999999994 0
      vertex -25.57820725201806 -31.91229349178414 5
    endloop
  endfacet
  facet normal -0.8314696123025438 -0.5555702330196042 0
    outer loop
      vertex -25.485640646055103 -32.099999999999994 0
      vertex -25.369365344465976 -32.27401828641395 0
      vertex -25.485640646055103 -32.099999999999994 5
    endloop
  endfacet
  facet normal -0.7518398074789753 -0.6593458151000713 0
    outer loop
      vertex -25.369365344465976 -32.27401828641395 0
      vertex -25.231370849898475 -32.43137084989847 0
      vertex -25.369365344465976 -32.27401828641395 5
    endloop
  endfacet
  facet normal -0.6593458151000713 -0.7518398074789753 0
    outer loop
      vertex -25.231370849898475 -32.43137084989847 0
      vertex -25.074018286413953 -32.56936534446597 0
      vertex -25.231370849898475 -32.43137084989847 5
    endloop
  endfacet
  facet normal -0.5555702330196042 -0.8314696123025438 0
    outer loop
      vertex -25.074018286413953 -32.56936534446597 0
      vertex -24.9 -32.6856406460551 0
      vertex -25.074018286413953 -32.56936534446597 5
    endloop
  endfacet
  facet normal -0.9469301294951094 -0.32143946530315076 0
    outer loop
      vertex -25.57820725201806 -31.91229349178414 0
      vertex -25.64548132206251 -31.71411047216403 5
      vertex -25.64548132206251 -31.71411047216403 0
    endloop
  endfacet
  facet normal -0.9807852804032304 -0.1950903220161282 0
    outer loop
      vertex -25.64548132206251 -31.71411047216403 0
      vertex -25.686311778198096 -31.50884190755208 5
      vertex -25.686311778198096 -31.50884190755208 0
    endloop
  endfacet
  facet normal -0.9978589232386036 -0.06540312923014291 0
    outer loop
      vertex -25.686311778198096 -31.50884190755208 0
      vertex -25.7 -31.299999999999997 5
      vertex -25.7 -31.299999999999997 0
    endloop
  endfacet
  facet normal -0.4422886902190091 -0.8968727415326844 0
    outer loop
      vertex -24.9 -32.6856406460551 0
      vertex -24.712293491784145 -32.778207252018056 0
      vertex -24.9 -32.6856406460551 5
    endloop
  endfacet
  facet normal -0.32143946530315076 -0.9469301294951094 0
    outer loop
      vertex -24.712293491784145 -32.778207252018056 0
      vertex -24.514110472164035 -32.845481322062504 0
      vertex -24.712293491784145 -32.778207252018056 5
    endloop
  endfacet
  facet normal -0.1950903220161282 -0.9807852804032304 0
    outer loop
      vertex -24.514110472164035 -32.845481322062504 0
      vertex -24.308841907552083 -32.88631177819809 0
      vertex -24.514110472164035 -32.845481322062504 5
    endloop
  endfacet
  facet normal -0.0654031292301598 -0.9978589232386024 0
    outer loop
      vertex -24.308841907552083 -32.88631177819809 0
      vertex -24.1 -32.9 0
      vertex -24.308841907552083 -32.88631177819809 5
    endloop
  endfacet
  facet normal 0 0 -1
    outer loop
      vertex -25.64548132206251 -31.71411047216403 0
      vertex -4.6 -32.9 0
      vertex -24.1 -32.9 0
    endloop
  endfacet
  facet normal 0 -1 0
    outer loop
      vertex -24.1 -32.9 0
      vertex -4.6 -32.9 0
      vertex -24.1 -32.9 5
    endloop
  endfacet
  facet normal -0.8968727415326844 -0.4422886902190091 0
    outer loop
      vertex -25.485640646055103 -32.099999999999994 0
      vertex -25.485640646055103 -32.099999999999994 5
      vertex -25.57820725201806 -31.91229349178414 5
    endloop
  endfacet
  facet normal -0.8314696123025438 -0.5555702330196042 0
    outer loop
      vertex -25.369365344465976 -32.27401828641395 0
      vertex -25.369365344465976 -32.27401828641395 5
      vertex -25.485640646055103 -32.099999999999994 5
    endloop
  endfacet
  facet normal -0.6593458151000713 -0.7518398074789753 0
    outer loop
      vertex -25.074018286413953 -32.56936534446597 0
      vertex -25.074018286413953 -32.56936534446597 5
      vertex -25.231370849898475 -32.43137084989847 5
    endloop
  endfacet
  facet normal -0.5555702330196042 -0.8314696123025438 0
    outer loop
      vertex -24.9 -32.6856406460551 0
      vertex -24.9 -32.6856406460551 5
      vertex -25.074018286413953 -32.56936534446597 5
    endloop
  endfacet
  facet normal -0.7518398074789753 -0.6593458151000713 0
    outer loop
      vertex -25.231370849898475 -32.43137084989847 0
      vertex -25.231370849898475 -32.43137084989847 5
      vertex -25.369365344465976 -32.27401828641395 5
    endloop
  endfacet
  facet normal -0.9469301294951094 -0.32143946530315076 0
    outer loop
      vertex -25.57820725201806 -31.91229349178414 0
      vertex -25.57820725201806 -31.91229349178414 5
      vertex -25.64548132206251 -31.71411047216403 5
    endloop
  endfacet
  facet normal -0.9807852804032304 -0.1950903220161282 0
    outer loop
      vertex -25.64548132206251 -31.71411047216403 0
      vertex -25.64548132206251 -31.71411047216403 5
      vertex -25.686311778198096 -31.50884190755208 5
    endloop
  endfacet
  facet normal -0.9978589232386036 -0.06540312923014291 0
    outer loop
      vertex -25.686311778198096 -31.50884190755208 0
      vertex -25.686311778198096 -31.50884190755208 5
      vertex -25.7 -31.299999999999997 5
    endloop
  endfacet
  facet normal -0.4422886902190091 -0.8968727415326844 0
    outer loop
      vertex -24.712293491784145 -32.778207252018056 0
      vertex -24.712293491784145 -32.778207252018056 5
      vertex -24.9 -32.6856406460551 5
    endloop
  endfacet
  facet normal -0.32143946530315076 -0.9469301294951094 0
    outer loop
      vertex -24.514110472164035 -32.845481322062504 0
      vertex -24.514110472164035 -32.845481322062504 5
      vertex -24.712293491784145 -32.778207252018056 5
    endloop
  endfacet
  facet normal -0.1950903220161282 -0.9807852804032304 0
    outer loop
      vertex -24.308841907552083 -32.88631177819809 0
      vertex -24.308841907552083 -32.88631177819809 5
      vertex -24.514110472164035 -32.845481322062504 5
    endloop
  endfacet
  facet normal -0.0654031292301598 -0.9978589232386024 0
    outer loop
      vertex -24.1 -32.9 0
      vertex -24.1 -32.9 5
      vertex -24.308841907552083 -32.88631177819809 5
    endloop
  endfacet
  facet normal 0 -1 0
    outer loop
      vertex -24.1 -32.9 5
      vertex -4.6 -32.9 0
      vertex -20.35 -32.9 5
    endloop
  endfacet
  facet normal 0 0 -1
    outer loop
      vertex -25.64548132206251 -31.71411047216403 0
      vertex -25.7 -31.299999999999997 0
      vertex -25.7 31.299999999999997 0
    endloop
  endfacet
  facet normal 0 0 -1
    outer loop
      vertex -25.64548132206251 -31.71411047216403 0
      vertex -24.1 32.9 0
      vertex -3 -31.299999999999997 0
    endloop
  endfacet
  facet normal -1 0 0
    outer loop
      vertex -25.7 -31.299999999999997 0
      vertex -25.7 -31.299999999999997 5
      vertex -25.7 31.299999999999997 5
    endloop
  endfacet
  facet normal 0 0 -1
    outer loop
      vertex -25.64548132206251 -31.71411047216403 0
      vertex -3 -31.299999999999997 0
      vertex -4.6 -32.9 0
    endloop
  endfacet
  facet normal 0 0 -1
    outer loop
      vertex -4.6 -32.9 0
      vertex -4.1858895278359665 -32.845481322062504 0
      vertex -4.391158092447917 -32.88631177819809 0
    endloop
  endfacet
  facet normal 0 0 -1
    outer loop
      vertex -4.6 -32.9 0
      vertex -3.799999999999999 -32.6856406460551 0
      vertex -4.1858895278359665 -32.845481322062504 0
    endloop
  endfacet
  facet normal 0 0 -1
    outer loop
      vertex -4.1858895278359665 -32.845481322062504 0
      vertex -3.799999999999999 -32.6856406460551 0
      vertex -3.9877065082158563 -32.778207252018056 0
    endloop
  endfacet
  facet normal 0 0 -1
    outer loop
      vertex -4.6 -32.9 0
      vertex -3.468629150101524 -32.43137084989847 0
      vertex -3.799999999999999 -32.6856406460551 0
    endloop
  endfacet
  facet normal 0 0 -1
    outer loop
      vertex -3.799999999999999 -32.6856406460551 0
      vertex -3.468629150101524 -32.43137084989847 0
      vertex -3.6259817135860466 -32.56936534446597 0
    endloop
  endfacet
  facet normal 0 0 -1
    outer loop
      vertex -4.6 -32.9 0
      vertex -3 -31.299999999999997 0
      vertex -3.468629150101524 -32.43137084989847 0
    endloop
  endfacet
  facet normal 0 0 -1
    outer loop
      vertex -3.468629150101524 -32.43137084989847 0
      vertex -3.1217927479819405 -31.91229349178414 0
      vertex -3.3306346555340234 -32.27401828641395 0
    endloop
  endfacet
  facet normal 0 0 -1
    outer loop
      vertex -3.3306346555340234 -32.27401828641395 0
      vertex -3.1217927479819405 -31.91229349178414 0
      vertex -3.2143593539448982 -32.099999999999994 0
    endloop
  endfacet
  facet normal 0 0 -1
    outer loop
      vertex -3.468629150101524 -32.43137084989847 0
      vertex -3 -31.299999999999997 0
      vertex -3.1217927479819405 -31.91229349178414 0
    endloop
  endfacet
  facet normal 0 0 -1
    outer loop
      vertex -3.1217927479819405 -31.91229349178414 0
      vertex -3 -31.299999999999997 0
      vertex -3.054518677937491 -31.71411047216403 0
    endloop
  endfacet
  facet normal 0 0 -1
    outer loop
      vertex -3.054518677937491 -31.71411047216403 0
      vertex -3 -31.299999999999997 0
      vertex -3.013688221801903 -31.50884190755208 0
    endloop
  endfacet
  facet normal 0.06540312923015924 -0.9978589232386024 0
    outer loop
      vertex -4.6 -32.9 0
      vertex -4.391158092447917 -32.88631177819809 0
      vertex -4.6 -32.9 5
    endloop
  endfacet
  facet normal 0.1950903220161298 -0.98078528040323 0
    outer loop
      vertex -4.391158092447917 -32.88631177819809 0
      vertex -4.1858895278359665 -32.845481322062504 0
      vertex -4.391158092447917 -32.88631177819809 5
    endloop
  endfacet
  facet normal 0.32143946530315076 -0.9469301294951094 0
    outer loop
      vertex -4.1858895278359665 -32.845481322062504 0
      vertex -3.9877065082158563 -32.778207252018056 0
      vertex -4.1858895278359665 -32.845481322062504 5
    endloop
  endfacet
  facet normal 0.4422886902190024 -0.8968727415326878 0
    outer loop
      vertex -3.9877065082158563 -32.778207252018056 0
      vertex -3.799999999999999 -32.6856406460551 0
      vertex -3.9877065082158563 -32.778207252018056 5
    endloop
  endfacet
  facet normal 0.5555702330196081 -0.8314696123025411 0
    outer loop
      vertex -3.799999999999999 -32.6856406460551 0
      vertex -3.6259817135860466 -32.56936534446597 0
      vertex -3.799999999999999 -32.6856406460551 5
    endloop
  endfacet
  facet normal 0.6593458151000713 -0.7518398074789753 0
    outer loop
      vertex -3.6259817135860466 -32.56936534446597 0
      vertex -3.468629150101524 -32.43137084989847 0
      vertex -3.6259817135860466 -32.56936534446597 5
    endloop
  endfacet
  facet normal 0.7518398074789753 -0.6593458151000713 0
    outer loop
      vertex -3.468629150101524 -32.43137084989847 0
      vertex -3.3306346555340234 -32.27401828641395 0
      vertex -3.468629150101524 -32.43137084989847 5
    endloop
  endfacet
  facet normal 0.8314696123025479 -0.5555702330195984 0
    outer loop
      vertex -3.3306346555340234 -32.27401828641395 0
      vertex -3.2143593539448982 -32.099999999999994 0
      vertex -3.3306346555340234 -32.27401828641395 5
    endloop
  endfacet
  facet normal 0.8968727415326844 -0.4422886902190091 0
    outer loop
      vertex -3.2143593539448982 -32.099999999999994 0
      vertex -3.1217927479819405 -31.91229349178414 0
      vertex -3.2143593539448982 -32.099999999999994 5
    endloop
  endfacet
  facet normal 0.9469301294951067 -0.32143946530315837 0
    outer loop
      vertex -3.1217927479819405 -31.91229349178414 0
      vertex -3.054518677937491 -31.71411047216403 0
      vertex -3.1217927479819405 -31.91229349178414 5
    endloop
  endfacet
  facet normal 0.9807852804032304 -0.1950903220161282 0
    outer loop
      vertex -3.054518677937491 -31.71411047216403 0
      vertex -3.013688221801903 -31.50884190755208 0
      vertex -3.054518677937491 -31.71411047216403 5
    endloop
  endfacet
  facet normal 0.9978589232386036 -0.06540312923014291 0
    outer loop
      vertex -3.013688221801903 -31.50884190755208 0
      vertex -3 -31.299999999999997 0
      vertex -3.013688221801903 -31.50884190755208 5
    endloop
  endfacet
  facet normal 0 -1 0
    outer loop
      vertex -20.35 -32.9 5
      vertex -4.6 -32.9 0
      vertex -8.35 -32.9 5
    endloop
  endfacet
  facet normal 0 -1 0
    outer loop
      vertex -4.6 -32.9 0
      vertex -4.6 -32.9 5
      vertex -8.35 -32.9 5
    endloop
  endfacet
  facet normal 0.06540312923015924 -0.9978589232386024 0
    outer loop
      vertex -4.391158092447917 -32.88631177819809 0
      vertex -4.391158092447917 -32.88631177819809 5
      vertex -4.6 -32.9 5
    endloop
  endfacet
  facet normal 0.1950903220161298 -0.98078528040323 0
    outer loop
      vertex -4.1858895278359665 -32.845481322062504 0
      vertex -4.1858895278359665 -32.845481322062504 5
      vertex -4.391158092447917 -32.88631177819809 5
    endloop
  endfacet
  facet normal 0.32143946530315076 -0.9469301294951094 0
    outer loop
      vertex -3.9877065082158563 -32.778207252018056 0
      vertex -3.9877065082158563 -32.778207252018056 5
      vertex -4.1858895278359665 -32.845481322062504 5
    endloop
  endfacet
  facet normal 0.4422886902190024 -0.8968727415326878 0
    outer loop
      vertex -3.799999999999999 -32.6856406460551 0
      vertex -3.799999999999999 -32.6856406460551 5
      vertex -3.9877065082158563 -32.778207252018056 5
    endloop
  endfacet
  facet normal 0.5555702330196081 -0.8314696123025411 0
    outer loop
      vertex -3.6259817135860466 -32.56936534446597 0
      vertex -3.6259817135860466 -32.56936534446597 5
      vertex -3.799999999999999 -32.6856406460551 5
    endloop
  endfacet
  facet normal 0.6593458151000713 -0.7518398074789753 0
    outer loop
      vertex -3.468629150101524 -32.43137084989847 0
      vertex -3.468629150101524 -32.43137084989847 5
      vertex -3.6259817135860466 -32.56936534446597 5
    endloop
  endfacet
  facet normal 0.7518398074789753 -0.6593458151000713 0
    outer loop
      vertex -3.3306346555340234 -32.27401828641395 0
      vertex -3.3306346555340234 -32.27401828641395 5
      vertex -3.468629150101524 -32.43137084989847 5
    endloop
  endfacet
  facet normal 0.8314696123025479 -0.5555702330195984 0
    outer loop
      vertex -3.2143593539448982 -32.099999999999994 0
      vertex -3.2143593539448982 -32.099999999999994 5
      vertex -3.3306346555340234 -32.27401828641395 5
    endloop
  endfacet
  facet normal 0.8968727415326844 -0.4422886902190091 0
    outer loop
      vertex -3.1217927479819405 -31.91229349178414 0
      vertex -3.1217927479819405 -31.91229349178414 5
      vertex -3.2143593539448982 -32.099999999999994 5
    endloop
  endfacet
  facet normal 0.9469301294951067 -0.32143946530315837 0
    outer loop
      vertex -3.054518677937491 -31.71411047216403 0
      vertex -3.054518677937491 -31.71411047216403 5
      vertex -3.1217927479819405 -31.91229349178414 5
    endloop
  endfacet
  facet normal 0.9807852804032304 -0.1950903220161282 0
    outer loop
      vertex -3.013688221801903 -31.50884190755208 0
      vertex -3.013688221801903 -31.50884190755208 5
      vertex -3.054518677937491 -31.71411047216403 5
    endloop
  endfacet
  facet normal 0.9978589232386036 -0.06540312923014291 0
    outer loop
      vertex -3 -31.299999999999997 0
      vertex -3 -31.299999999999997 5
      vertex -3.013688221801903 -31.50884190755208 5
    endloop
  endfacet
  facet normal 1 0 0
    outer loop
      vertex -3 -31.299999999999997 0
      vertex -3 31.299999999999997 0
      vertex -3 -31.299999999999997 5
    endloop
  endfacet
  facet normal 0 0 -1
    outer loop
      vertex -25.64548132206251 -31.71411047216403 0
      vertex -25.7 31.299999999999997 0
      vertex -24.1 32.9 0
    endloop
  endfacet
  facet normal -1 0 0
    outer loop
      vertex -25.7 -31.299999999999997 0
      vertex -25.7 31.299999999999997 5
      vertex -25.7 31.299999999999997 0
    endloop
  endfacet
  facet normal 0 0 -1
    outer loop
      vertex -25.7 31.299999999999997 0
      vertex -25.686311778198096 31.50884190755208 0
      vertex -25.57820725201806 31.91229349178414 0
    endloop
  endfacet
  facet normal 0 0 -1
    outer loop
      vertex -25.686311778198096 31.50884190755208 0
      vertex -25.64548132206251 31.71411047216403 0
      vertex -25.57820725201806 31.91229349178414 0
    endloop
  endfacet
  facet normal 0 0 -1
    outer loop
      vertex -25.7 31.299999999999997 0
      vertex -25.57820725201806 31.91229349178414 0
      vertex -25.231370849898475 32.43137084989847 0
    endloop
  endfacet
  facet normal 0 0 -1
    outer loop
      vertex -25.57820725201806 31.91229349178414 0
      vertex -25.485640646055103 32.099999999999994 0
      vertex -25.369365344465976 32.27401828641395 0
    endloop
  endfacet
  facet normal 0 0 -1
    outer loop
      vertex -25.57820725201806 31.91229349178414 0
      vertex -25.369365344465976 32.27401828641395 0
      vertex -25.231370849898475 32.43137084989847 0
    endloop
  endfacet
  facet normal 0 0 -1
    outer loop
      vertex -25.7 31.299999999999997 0
      vertex -25.231370849898475 32.43137084989847 0
      vertex -24.1 32.9 0
    endloop
  endfacet
  facet normal 0 0 -1
    outer loop
      vertex -25.231370849898475 32.43137084989847 0
      vertex -25.074018286413953 32.56936534446597 0
      vertex -24.712293491784145 32.778207252018056 0
    endloop
  endfacet
  facet normal 0 0 -1
    outer loop
      vertex -25.074018286413953 32.56936534446597 0
      vertex -24.9 32.6856406460551 0
      vertex -24.712293491784145 32.778207252018056 0
    endloop
  endfacet
  facet normal 0 0 -1
    outer loop
      vertex -25.231370849898475 32.43137084989847 0
      vertex -24.712293491784145 32.778207252018056 0
      vertex -24.1 32.9 0
    endloop
  endfacet
  facet normal 0 0 -1
    outer loop
      vertex -24.712293491784145 32.778207252018056 0
      vertex -24.514110472164035 32.845481322062504 0
      vertex -24.1 32.9 0
    endloop
  endfacet
  facet normal 0 0 -1
    outer loop
      vertex -24.514110472164035 32.845481322062504 0
      vertex -24.308841907552083 32.88631177819809 0
      vertex -24.1 32.9 0
    endloop
  endfacet
  facet normal -0.9978589232386036 0.06540312923014291 0
    outer loop
      vertex -25.7 31.299999999999997 0
      vertex -25.686311778198096 31.50884190755208 5
      vertex -25.686311778198096 31.50884190755208 0
    endloop
  endfacet
  facet normal -0.9807852804032304 0.1950903220161282 0
    outer loop
      vertex -25.686311778198096 31.50884190755208 0
      vertex -25.64548132206251 31.71411047216403 5
      vertex -25.64548132206251 31.71411047216403 0
    endloop
  endfacet
  facet normal -0.9469301294951094 0.32143946530315076 0
    outer loop
      vertex -25.64548132206251 31.71411047216403 0
      vertex -25.57820725201806 31.91229349178414 5
      vertex -25.57820725201806 31.91229349178414 0
    endloop
  endfacet
  facet normal -0.8968727415326844 0.4422886902190091 0
    outer loop
      vertex -25.57820725201806 31.91229349178414 0
      vertex -25.485640646055103 32.099999999999994 5
      vertex -25.485640646055103 32.099999999999994 0
    endloop
  endfacet
  facet normal -0.8314696123025438 0.5555702330196042 0
    outer loop
      vertex -25.485640646055103 32.099999999999994 0
      vertex -25.369365344465976 32.27401828641395 5
      vertex -25.369365344465976 32.27401828641395 0
    endloop
  endfacet
  facet normal -0.7518398074789753 0.6593458151000713 0
    outer loop
      vertex -25.369365344465976 32.27401828641395 0
      vertex -25.231370849898475 32.43137084989847 5
      vertex -25.231370849898475 32.43137084989847 0
    endloop
  endfacet
  facet normal -0.6593458151000713 0.7518398074789753 0
    outer loop
      vertex -25.231370849898475 32.43137084989847 0
      vertex -25.074018286413953 32.56936534446597 5
      vertex -25.074018286413953 32.56936534446597 0
    endloop
  endfacet
  facet normal -0.5555702330196042 0.8314696123025438 0
    outer loop
      vertex -25.074018286413953 32.56936534446597 0
      vertex -24.9 32.6856406460551 5
      vertex -24.9 32.6856406460551 0
    endloop
  endfacet
  facet normal -0.4422886902190091 0.8968727415326844 0
    outer loop
      vertex -24.9 32.6856406460551 0
      vertex -24.712293491784145 32.778207252018056 5
      vertex -24.712293491784145 32.778207252018056 0
    endloop
  endfacet
  facet normal -0.32143946530315076 0.9469301294951094 0
    outer loop
      vertex -24.712293491784145 32.778207252018056 0
      vertex -24.514110472164035 32.845481322062504 5
      vertex -24.514110472164035 32.845481322062504 0
    endloop
  endfacet
  facet normal -0.1950903220161282 0.9807852804032304 0
    outer loop
      vertex -24.514110472164035 32.845481322062504 0
      vertex -24.308841907552083 32.88631177819809 5
      vertex -24.308841907552083 32.88631177819809 0
    endloop
  endfacet
  facet normal -0.0654031292301598 0.9978589232386024 0
    outer loop
      vertex -24.308841907552083 32.88631177819809 0
      vertex -24.1 32.9 5
      vertex -24.1 32.9 0
    endloop
  endfacet
  facet normal 0 1 0
    outer loop
      vertex -24.1 32.9 0
      vertex -20.413987138263664 32.9 2.836012861736334
      vertex -8.286012861736335 32.9 2.836012861736334
    endloop
  endfacet
  facet normal 0 1 0
    outer loop
      vertex -24.1 32.9 0
      vertex -24.1 32.9 5
      vertex -20.413987138263664 32.9 2.836012861736334
    endloop
  endfacet
  facet normal -0.9978589232386036 0.06540312923014291 0
    outer loop
      vertex -25.7 31.299999999999997 0
      vertex -25.7 31.299999999999997 5
      vertex -25.686311778198096 31.50884190755208 5
    endloop
  endfacet
  facet normal -0.9807852804032304 0.1950903220161282 0
    outer loop
      vertex -25.686311778198096 31.50884190755208 0
      vertex -25.686311778198096 31.50884190755208 5
      vertex -25.64548132206251 31.71411047216403 5
    endloop
  endfacet
  facet normal -0.9469301294951094 0.32143946530315076 0
    outer loop
      vertex -25.64548132206251 31.71411047216403 0
      vertex -25.64548132206251 31.71411047216403 5
      vertex -25.57820725201806 31.91229349178414 5
    endloop
  endfacet
  facet normal -0.8968727415326844 0.4422886902190091 0
    outer loop
      vertex -25.57820725201806 31.91229349178414 0
      vertex -25.57820725201806 31.91229349178414 5
      vertex -25.485640646055103 32.099999999999994 5
    endloop
  endfacet
  facet normal -0.8314696123025438 0.5555702330196042 0
    outer loop
      vertex -25.485640646055103 32.099999999999994 0
      vertex -25.485640646055103 32.099999999999994 5
      vertex -25.369365344465976 32.27401828641395 5
    endloop
  endfacet
  facet normal -0.7518398074789753 0.6593458151000713 0
    outer loop
      vertex -25.369365344465976 32.27401828641395 0
      vertex -25.369365344465976 32.27401828641395 5
      vertex -25.231370849898475 32.43137084989847 5
    endloop
  endfacet
  facet normal -0.6593458151000713 0.7518398074789753 0
    outer loop
      vertex -25.231370849898475 32.43137084989847 0
      vertex -25.231370849898475 32.43137084989847 5
      vertex -25.074018286413953 32.56936534446597 5
    endloop
  endfacet
  facet normal -0.5555702330196042 0.8314696123025438 0
    outer loop
      vertex -25.074018286413953 32.56936534446597 0
      vertex -25.074018286413953 32.56936534446597 5
      vertex -24.9 32.6856406460551 5
    endloop
  endfacet
  facet normal -0.4422886902190091 0.8968727415326844 0
    outer loop
      vertex -24.9 32.6856406460551 0
      vertex -24.9 32.6856406460551 5
      vertex -24.712293491784145 32.778207252018056 5
    endloop
  endfacet
  facet normal -0.32143946530315076 0.9469301294951094 0
    outer loop
      vertex -24.712293491784145 32.778207252018056 0
      vertex -24.712293491784145 32.778207252018056 5
      vertex -24.514110472164035 32.845481322062504 5
    endloop
  endfacet
  facet normal -0.1950903220161282 0.9807852804032304 0
    outer loop
      vertex -24.514110472164035 32.845481322062504 0
      vertex -24.514110472164035 32.845481322062504 5
      vertex -24.308841907552083 32.88631177819809 5
    endloop
  endfacet
  facet normal -0.0654031292301598 0.9978589232386024 0
    outer loop
      vertex -24.308841907552083 32.88631177819809 0
      vertex -24.308841907552083 32.88631177819809 5
      vertex -24.1 32.9 5
    endloop
  endfacet
  facet normal 0 0 -1
    outer loop
      vertex -24.1 32.9 0
      vertex -3.054518677937491 31.71411047216403 0
      vertex -3 -31.299999999999997 0
    endloop
  endfacet
  facet normal 0 0 -1
    outer loop
      vertex -3 -31.299999999999997 0
      vertex -3.054518677937491 31.71411047216403 0
      vertex -3 31.299999999999997 0
    endloop
  endfacet
  facet normal 1 0 0
    outer loop
      vertex -3 -31.299999999999997 5
      vertex -3 31.299999999999997 0
      vertex -3 31.299999999999997 5
    endloop
  endfacet
  facet normal 0 0 -1
    outer loop
      vertex -24.1 32.9 0
      vertex -4.6 32.9 0
      vertex -3.054518677937491 31.71411047216403 0
    endloop
  endfacet
  facet normal 0 1 0
    outer loop
      vertex -24.1 32.9 0
      vertex -8.286012861736335 32.9 2.836012861736334
      vertex -4.6 32.9 0
    endloop
  endfacet
  facet normal 0 0 -1
    outer loop
      vertex -4.6 32.9 0
      vertex -4.391158092447917 32.88631177819809 0
      vertex -4.1858895278359665 32.845481322062504 0
    endloop
  endfacet
  facet normal 0 0 -1
    outer loop
      vertex -4.6 32.9 0
      vertex -4.1858895278359665 32.845481322062504 0
      vertex -3.6259817135860466 32.56936534446597 0
    endloop
  endfacet
  facet normal 0 0 -1
    outer loop
      vertex -4.1858895278359665 32.845481322062504 0
      vertex -3.9877065082158563 32.778207252018056 0
      vertex -3.6259817135860466 32.56936534446597 0
    endloop
  endfacet
  facet normal 0 0 -1
    outer loop
      vertex -4.6 32.9 0
      vertex -3.6259817135860466 32.56936534446597 0
      vertex -3.054518677937491 31.71411047216403 0
    endloop
  endfacet
  facet normal 0 0 -1
    outer loop
      vertex -3.9877065082158563 32.778207252018056 0
      vertex -3.799999999999999 32.6856406460551 0
      vertex -3.6259817135860466 32.56936534446597 0
    endloop
  endfacet
  facet normal 0 0 -1
    outer loop
      vertex -3.6259817135860466 32.56936534446597 0
      vertex -3.468629150101524 32.43137084989847 0
      vertex -3.2143593539448982 32.099999999999994 0
    endloop
  endfacet
  facet normal 0 0 -1
    outer loop
      vertex -3.6259817135860466 32.56936534446597 0
      vertex -3.2143593539448982 32.099999999999994 0
      vertex -3.054518677937491 31.71411047216403 0
    endloop
  endfacet
  facet normal 0 0 -1
    outer loop
      vertex -3.468629150101524 32.43137084989847 0
      vertex -3.3306346555340234 32.27401828641395 0
      vertex -3.2143593539448982 32.099999999999994 0
    endloop
  endfacet
  facet normal 0 0 -1
    outer loop
      vertex -3 31.299999999999997 0
      vertex -3.054518677937491 31.71411047216403 0
      vertex -3.013688221801903 31.50884190755208 0
    endloop
  endfacet
  facet normal 0 0 -1
    outer loop
      vertex -3.054518677937491 31.71411047216403 0
      vertex -3.2143593539448982 32.099999999999994 0
      vertex -3.1217927479819405 31.91229349178414 0
    endloop
  endfacet
  facet normal 0.06540312923015924 0.9978589232386024 0
    outer loop
      vertex -4.6 32.9 0
      vertex -4.391158092447917 32.88631177819809 5
      vertex -4.391158092447917 32.88631177819809 0
    endloop
  endfacet
  facet normal 0.1950903220161298 0.98078528040323 0
    outer loop
      vertex -4.391158092447917 32.88631177819809 0
      vertex -4.1858895278359665 32.845481322062504 5
      vertex -4.1858895278359665 32.845481322062504 0
    endloop
  endfacet
  facet normal 0.32143946530315076 0.9469301294951094 0
    outer loop
      vertex -4.1858895278359665 32.845481322062504 0
      vertex -3.9877065082158563 32.778207252018056 5
      vertex -3.9877065082158563 32.778207252018056 0
    endloop
  endfacet
  facet normal 0.4422886902190024 0.8968727415326878 0
    outer loop
      vertex -3.9877065082158563 32.778207252018056 0
      vertex -3.799999999999999 32.6856406460551 5
      vertex -3.799999999999999 32.6856406460551 0
    endloop
  endfacet
  facet normal 0.5555702330196081 0.8314696123025411 0
    outer loop
      vertex -3.799999999999999 32.6856406460551 0
      vertex -3.6259817135860466 32.56936534446597 5
      vertex -3.6259817135860466 32.56936534446597 0
    endloop
  endfacet
  facet normal 0.7518398074789753 0.6593458151000713 0
    outer loop
      vertex -3.468629150101524 32.43137084989847 0
      vertex -3.3306346555340234 32.27401828641395 5
      vertex -3.3306346555340234 32.27401828641395 0
    endloop
  endfacet
  facet normal 0.8314696123025479 0.5555702330195984 0
    outer loop
      vertex -3.3306346555340234 32.27401828641395 0
      vertex -3.2143593539448982 32.099999999999994 5
      vertex -3.2143593539448982 32.099999999999994 0
    endloop
  endfacet
  facet normal 0.6593458151000713 0.7518398074789753 0
    outer loop
      vertex -3.6259817135860466 32.56936534446597 0
      vertex -3.468629150101524 32.43137084989847 5
      vertex -3.468629150101524 32.43137084989847 0
    endloop
  endfacet
  facet normal 0.9807852804032304 0.1950903220161282 0
    outer loop
      vertex -3.013688221801903 31.50884190755208 0
      vertex -3.054518677937491 31.71411047216403 0
      vertex -3.013688221801903 31.50884190755208 5
    endloop
  endfacet
  facet normal 0.9469301294951067 0.32143946530315837 0
    outer loop
      vertex -3.054518677937491 31.71411047216403 0
      vertex -3.1217927479819405 31.91229349178414 0
      vertex -3.054518677937491 31.71411047216403 5
    endloop
  endfacet
  facet normal 0.9978589232386036 0.06540312923014291 0
    outer loop
      vertex -3 31.299999999999997 0
      vertex -3.013688221801903 31.50884190755208 0
      vertex -3 31.299999999999997 5
    endloop
  endfacet
  facet normal 0.8968727415326844 0.4422886902190091 0
    outer loop
      vertex -3.2143593539448982 32.099999999999994 0
      vertex -3.1217927479819405 31.91229349178414 5
      vertex -3.1217927479819405 31.91229349178414 0
    endloop
  endfacet
  facet normal 0 1 0
    outer loop
      vertex -4.6 32.9 0
      vertex -8.286012861736335 32.9 2.836012861736334
      vertex -4.6 32.9 5
    endloop
  endfacet
  facet normal 0.06540312923015924 0.9978589232386024 0
    outer loop
      vertex -4.6 32.9 0
      vertex -4.6 32.9 5
      vertex -4.391158092447917 32.88631177819809 5
    endloop
  endfacet
  facet normal 0.1950903220161298 0.98078528040323 0
    outer loop
      vertex -4.391158092447917 32.88631177819809 0
      vertex -4.391158092447917 32.88631177819809 5
      vertex -4.1858895278359665 32.845481322062504 5
    endloop
  endfacet
  facet normal 0.32143946530315076 0.9469301294951094 0
    outer loop
      vertex -4.1858895278359665 32.845481322062504 0
      vertex -4.1858895278359665 32.845481322062504 5
      vertex -3.9877065082158563 32.778207252018056 5
    endloop
  endfacet
  facet normal 0.4422886902190024 0.8968727415326878 0
    outer loop
      vertex -3.9877065082158563 32.778207252018056 0
      vertex -3.9877065082158563 32.778207252018056 5
      vertex -3.799999999999999 32.6856406460551 5
    endloop
  endfacet
  facet normal 0.5555702330196081 0.8314696123025411 0
    outer loop
      vertex -3.799999999999999 32.6856406460551 0
      vertex -3.799999999999999 32.6856406460551 5
      vertex -3.6259817135860466 32.56936534446597 5
    endloop
  endfacet
  facet normal 0.7518398074789753 0.6593458151000713 0
    outer loop
      vertex -3.468629150101524 32.43137084989847 0
      vertex -3.468629150101524 32.43137084989847 5
      vertex -3.3306346555340234 32.27401828641395 5
    endloop
  endfacet
  facet normal 0.8314696123025479 0.5555702330195984 0
    outer loop
      vertex -3.3306346555340234 32.27401828641395 0
      vertex -3.3306346555340234 32.27401828641395 5
      vertex -3.2143593539448982 32.099999999999994 5
    endloop
  endfacet
  facet normal 0.6593458151000713 0.7518398074789753 0
    outer loop
      vertex -3.6259817135860466 32.56936534446597 0
      vertex -3.6259817135860466 32.56936534446597 5
      vertex -3.468629150101524 32.43137084989847 5
    endloop
  endfacet
  facet normal 0.9807852804032304 0.1950903220161282 0
    outer loop
      vertex -3.054518677937491 31.71411047216403 0
      vertex -3.054518677937491 31.71411047216403 5
      vertex -3.013688221801903 31.50884190755208 5
    endloop
  endfacet
  facet normal 0.9469301294951067 0.32143946530315837 0
    outer loop
      vertex -3.1217927479819405 31.91229349178414 0
      vertex -3.1217927479819405 31.91229349178414 5
      vertex -3.054518677937491 31.71411047216403 5
    endloop
  endfacet
  facet normal 0.9978589232386036 0.06540312923014291 0
    outer loop
      vertex -3.013688221801903 31.50884190755208 0
      vertex -3.013688221801903 31.50884190755208 5
      vertex -3 31.299999999999997 5
    endloop
  endfacet
  facet normal 0.8968727415326844 0.4422886902190091 0
    outer loop
      vertex -3.2143593539448982 32.099999999999994 0
      vertex -3.2143593539448982 32.099999999999994 5
      vertex -3.1217927479819405 31.91229349178414 5
    endloop
  endfacet
  facet normal 0 1 0
    outer loop
      vertex -20.413987138263664 32.9 2.836012861736334
      vertex -24.1 32.9 5
      vertex -20.413987138263664 32.9 5
    endloop
  endfacet
  facet normal 0 1 0
    outer loop
      vertex -8.286012861736335 32.9 2.836012861736334
      vertex -8.286012861736335 32.9 5
      vertex -4.6 32.9 5
    endloop
  endfacet
  facet normal 0 0 -1
    outer loop
      vertex 3.013688221801903 -31.50884190755208 0
      vertex 3.1217927479819405 -31.91229349178414 0
      vertex 3.054518677937491 -31.71411047216403 0
    endloop
  endfacet
  facet normal 0 0 -1
    outer loop
      vertex 3 -31.299999999999997 0
      vertex 3.1217927479819405 -31.91229349178414 0
      vertex 3.013688221801903 -31.50884190755208 0
    endloop
  endfacet
  facet normal 0 0 -1
    outer loop
      vertex 3.1217927479819405 -31.91229349178414 0
      vertex 3.468629150101524 -32.43137084989847 0
      vertex 3.2143593539448982 -32.099999999999994 0
    endloop
  endfacet
  facet normal 0 0 -1
    outer loop
      vertex 3.2143593539448982 -32.099999999999994 0
      vertex 3.468629150101524 -32.43137084989847 0
      vertex 3.3306346555340234 -32.27401828641395 0
    endloop
  endfacet
  facet normal 0 0 -1
    outer loop
      vertex 3.1217927479819405 -31.91229349178414 0
      vertex 3.9877065082158563 -32.778207252018056 0
      vertex 3.468629150101524 -32.43137084989847 0
    endloop
  endfacet
  facet normal 0 0 -1
    outer loop
      vertex 3.6259817135860466 -32.56936534446597 0
      vertex 3.9877065082158563 -32.778207252018056 0
      vertex 3.799999999999999 -32.6856406460551 0
    endloop
  endfacet
  facet normal 0 0 -1
    outer loop
      vertex 3.468629150101524 -32.43137084989847 0
      vertex 3.9877065082158563 -32.778207252018056 0
      vertex 3.6259817135860466 -32.56936534446597 0
    endloop
  endfacet
  facet normal 0 0 -1
    outer loop
      vertex 3.1217927479819405 -31.91229349178414 0
      vertex 4.6 -32.9 0
      vertex 3.9877065082158563 -32.778207252018056 0
    endloop
  endfacet
  facet normal 0 0 -1
    outer loop
      vertex 3.9877065082158563 -32.778207252018056 0
      vertex 4.6 -32.9 0
      vertex 4.1858895278359665 -32.845481322062504 0
    endloop
  endfacet
  facet normal 0 0 -1
    outer loop
      vertex 4.1858895278359665 -32.845481322062504 0
      vertex 4.6 -32.9 0
      vertex 4.391158092447917 -32.88631177819809 0
    endloop
  endfacet
  facet normal 0 0 -1
    outer loop
      vertex 3.1217927479819405 -31.91229349178414 0
      vertex 8.349999999999998 -32.82346153846154 0
      vertex 4.6 -32.9 0
    endloop
  endfacet
  facet normal -0.8968727415326844 -0.4422886902190091 0
    outer loop
      vertex 3.1217927479819405 -31.91229349178414 4.800000000000001
      vertex 3.1217927479819405 -31.91229349178414 0
      vertex 3.2143593539448982 -32.099999999999994 0
    endloop
  endfacet
  facet normal -0.9978589232386035 -0.06540312923014291 0
    outer loop
      vertex 3 -31.299999999999997 4.800000000000001
      vertex 3 -31.299999999999997 0
      vertex 3.013688221801903 -31.50884190755208 0
    endloop
  endfacet
  facet normal -0.9469301294951067 -0.32143946530315837 0
    outer loop
      vertex 3.054518677937491 -31.71411047216403 4.800000000000001
      vertex 3.054518677937491 -31.71411047216403 0
      vertex 3.1217927479819405 -31.91229349178414 0
    endloop
  endfacet
  facet normal -0.9807852804032304 -0.1950903220161282 0
    outer loop
      vertex 3.013688221801903 -31.50884190755208 4.800000000000001
      vertex 3.013688221801903 -31.50884190755208 0
      vertex 3.054518677937491 -31.71411047216403 0
    endloop
  endfacet
  facet normal -0.6593458151000712 -0.7518398074789754 0
    outer loop
      vertex 3.468629150101524 -32.43137084989847 4.800000000000001
      vertex 3.468629150101524 -32.43137084989847 0
      vertex 3.6259817135860466 -32.56936534446597 0
    endloop
  endfacet
  facet normal -0.8314696123025478 -0.5555702330195983 0
    outer loop
      vertex 3.2143593539448982 -32.099999999999994 4.800000000000001
      vertex 3.2143593539448982 -32.099999999999994 0
      vertex 3.3306346555340234 -32.27401828641395 0
    endloop
  endfacet
  facet normal -0.7518398074789754 -0.6593458151000712 0
    outer loop
      vertex 3.3306346555340234 -32.27401828641395 4.800000000000001
      vertex 3.3306346555340234 -32.27401828641395 0
      vertex 3.468629150101524 -32.43137084989847 0
    endloop
  endfacet
  facet normal -0.5555702330196082 -0.8314696123025413 0
    outer loop
      vertex 3.6259817135860466 -32.56936534446597 4.800000000000001
      vertex 3.6259817135860466 -32.56936534446597 0
      vertex 3.799999999999999 -32.6856406460551 0
    endloop
  endfacet
  facet normal -0.44228869021900236 -0.8968727415326876 0
    outer loop
      vertex 3.799999999999999 -32.6856406460551 4.800000000000001
      vertex 3.799999999999999 -32.6856406460551 0
      vertex 3.9877065082158563 -32.778207252018056 0
    endloop
  endfacet
  facet normal -0.32143946530315076 -0.9469301294951094 0
    outer loop
      vertex 3.9877065082158563 -32.778207252018056 4.800000000000001
      vertex 3.9877065082158563 -32.778207252018056 0
      vertex 4.1858895278359665 -32.845481322062504 0
    endloop
  endfacet
  facet normal -0.19509032201612983 -0.9807852804032301 0
    outer loop
      vertex 4.1858895278359665 -32.845481322062504 4.800000000000001
      vertex 4.1858895278359665 -32.845481322062504 0
      vertex 4.391158092447917 -32.88631177819809 0
    endloop
  endfacet
  facet normal -0.06540312923015923 -0.9978589232386024 0
    outer loop
      vertex 4.391158092447917 -32.88631177819809 4.800000000000001
      vertex 4.391158092447917 -32.88631177819809 0
      vertex 4.6 -32.9 0
    endloop
  endfacet
  facet normal 0 0 -1
    outer loop
      vertex 4.6 -32.9 0
      vertex 8.349999999999998 -32.82346153846154 0
      vertex 8.286012861736335 -32.9 0
    endloop
  endfacet
  facet normal 0 0 -1
    outer loop
      vertex 3.1217927479819405 -31.91229349178414 0
      vertex 20.35 -32.82346153846154 0
      vertex 8.349999999999998 -32.82346153846154 0
    endloop
  endfacet
  facet normal 0 -1 0
    outer loop
      vertex 8.286012861736335 -32.9 4.800000000000001
      vertex 4.6 -32.9 0
      vertex 8.286012861736335 -32.9 0
    endloop
  endfacet
  facet normal -0.8968727415326844 -0.4422886902190091 0
    outer loop
      vertex 3.1217927479819405 -31.91229349178414 4.800000000000001
      vertex 3.2143593539448982 -32.099999999999994 0
      vertex 3.2143593539448982 -32.099999999999994 4.800000000000001
    endloop
  endfacet
  facet normal -0.9978589232386035 -0.06540312923014291 0
    outer loop
      vertex 3 -31.299999999999997 4.800000000000001
      vertex 3.013688221801903 -31.50884190755208 0
      vertex 3.013688221801903 -31.50884190755208 4.800000000000001
    endloop
  endfacet
  facet normal -0.9469301294951067 -0.32143946530315837 0
    outer loop
      vertex 3.054518677937491 -31.71411047216403 4.800000000000001
      vertex 3.1217927479819405 -31.91229349178414 0
      vertex 3.1217927479819405 -31.91229349178414 4.800000000000001
    endloop
  endfacet
  facet normal -0.9807852804032304 -0.1950903220161282 0
    outer loop
      vertex 3.013688221801903 -31.50884190755208 4.800000000000001
      vertex 3.054518677937491 -31.71411047216403 0
      vertex 3.054518677937491 -31.71411047216403 4.800000000000001
    endloop
  endfacet
  facet normal -0.6593458151000712 -0.7518398074789754 0
    outer loop
      vertex 3.468629150101524 -32.43137084989847 4.800000000000001
      vertex 3.6259817135860466 -32.56936534446597 0
      vertex 3.6259817135860466 -32.56936534446597 4.800000000000001
    endloop
  endfacet
  facet normal -0.8314696123025478 -0.5555702330195983 0
    outer loop
      vertex 3.2143593539448982 -32.099999999999994 4.800000000000001
      vertex 3.3306346555340234 -32.27401828641395 0
      vertex 3.3306346555340234 -32.27401828641395 4.800000000000001
    endloop
  endfacet
  facet normal -0.7518398074789754 -0.6593458151000712 0
    outer loop
      vertex 3.3306346555340234 -32.27401828641395 4.800000000000001
      vertex 3.468629150101524 -32.43137084989847 0
      vertex 3.468629150101524 -32.43137084989847 4.800000000000001
    endloop
  endfacet
  facet normal -0.5555702330196082 -0.8314696123025413 0
    outer loop
      vertex 3.6259817135860466 -32.56936534446597 4.800000000000001
      vertex 3.799999999999999 -32.6856406460551 0
      vertex 3.799999999999999 -32.6856406460551 4.800000000000001
    endloop
  endfacet
  facet normal -0.44228869021900236 -0.8968727415326876 0
    outer loop
      vertex 3.799999999999999 -32.6856406460551 4.800000000000001
      vertex 3.9877065082158563 -32.778207252018056 0
      vertex 3.9877065082158563 -32.778207252018056 4.800000000000001
    endloop
  endfacet
  facet normal -0.32143946530315076 -0.9469301294951094 0
    outer loop
      vertex 3.9877065082158563 -32.778207252018056 4.800000000000001
      vertex 4.1858895278359665 -32.845481322062504 0
      vertex 4.1858895278359665 -32.845481322062504 4.800000000000001
    endloop
  endfacet
  facet normal -0.19509032201612983 -0.9807852804032301 0
    outer loop
      vertex 4.1858895278359665 -32.845481322062504 4.800000000000001
      vertex 4.391158092447917 -32.88631177819809 0
      vertex 4.391158092447917 -32.88631177819809 4.800000000000001
    endloop
  endfacet
  facet normal -0.06540312923015923 -0.9978589232386024 0
    outer loop
      vertex 4.391158092447917 -32.88631177819809 4.800000000000001
      vertex 4.6 -32.9 0
      vertex 4.6 -32.9 4.800000000000001
    endloop
  endfacet
  facet normal 0 -1 0
    outer loop
      vertex 4.6 -32.9 4.800000000000001
      vertex 4.6 -32.9 0
      vertex 8.286012861736335 -32.9 4.800000000000001
    endloop
  endfacet
  facet normal 0 0 -1
    outer loop
      vertex 3.054518677937491 31.71411047216403 0
      vertex 3.1217927479819405 -31.91229349178414 0
      vertex 3 -31.299999999999997 0
    endloop
  endfacet
  facet normal 0 0 -1
    outer loop
      vertex 3.054518677937491 31.71411047216403 0
      vertex 25.64548132206251 -31.71411047216403 0
      vertex 3.1217927479819405 -31.91229349178414 0
    endloop
  endfacet
  facet normal -1 0 0
    outer loop
      vertex 3 31.299999999999997 4.800000000000001
      vertex 3 -31.299999999999997 0
      vertex 3 -31.299999999999997 4.800000000000001
    endloop
  endfacet
  facet normal 0 0 -1
    outer loop
      vertex 3.1217927479819405 -31.91229349178414 0
      vertex 24.1 -32.9 0
      vertex 20.35 -32.82346153846154 0
    endloop
  endfacet
  facet normal 0 0 -1
    outer loop
      vertex 3.1217927479819405 -31.91229349178414 0
      vertex 25.64548132206251 -31.71411047216403 0
      vertex 24.1 -32.9 0
    endloop
  endfacet
  facet normal 0 0 -1
    outer loop
      vertex 20.35 -32.82346153846154 0
      vertex 24.1 -32.9 0
      vertex 20.413987138263664 -32.9 0
    endloop
  endfacet
  facet normal 0 0 -1
    outer loop
      vertex 24.1 -32.9 0
      vertex 24.514110472164035 -32.845481322062504 0
      vertex 24.308841907552083 -32.88631177819809 0
    endloop
  endfacet
  facet normal 0 0 -1
    outer loop
      vertex 24.1 -32.9 0
      vertex 25.074018286413953 -32.56936534446597 0
      vertex 24.514110472164035 -32.845481322062504 0
    endloop
  endfacet
  facet normal 0 0 -1
    outer loop
      vertex 24.514110472164035 -32.845481322062504 0
      vertex 25.074018286413953 -32.56936534446597 0
      vertex 24.712293491784145 -32.778207252018056 0
    endloop
  endfacet
  facet normal 0 0 -1
    outer loop
      vertex 24.712293491784145 -32.778207252018056 0
      vertex 25.074018286413953 -32.56936534446597 0
      vertex 24.9 -32.6856406460551 0
    endloop
  endfacet
  facet normal 0 0 -1
    outer loop
      vertex 24.1 -32.9 0
      vertex 25.64548132206251 -31.71411047216403 0
      vertex 25.074018286413953 -32.56936534446597 0
    endloop
  endfacet
  facet normal 0 0 -1
    outer loop
      vertex 25.074018286413953 -32.56936534446597 0
      vertex 25.485640646055103 -32.099999999999994 0
      vertex 25.231370849898475 -32.43137084989847 0
    endloop
  endfacet
  facet normal 0 0 -1
    outer loop
      vertex 25.231370849898475 -32.43137084989847 0
      vertex 25.485640646055103 -32.099999999999994 0
      vertex 25.369365344465976 -32.27401828641395 0
    endloop
  endfacet
  facet normal 0 0 -1
    outer loop
      vertex 25.074018286413953 -32.56936534446597 0
      vertex 25.64548132206251 -31.71411047216403 0
      vertex 25.485640646055103 -32.099999999999994 0
    endloop
  endfacet
  facet normal 0 0 -1
    outer loop
      vertex 25.64548132206251 -31.71411047216403 0
      vertex 25.57820725201806 -31.91229349178414 0
      vertex 25.485640646055103 -32.099999999999994 0
    endloop
  endfacet
  facet normal 0 0 -1
    outer loop
      vertex 25.7 -31.299999999999997 0
      vertex 25.686311778198096 -31.50884190755208 0
      vertex 25.64548132206251 -31.71411047216403 0
    endloop
  endfacet
  facet normal 0 -1 0
    outer loop
      vertex 24.1 -32.9 4.800000000000001
      vertex 20.413987138263664 -32.9 0
      vertex 24.1 -32.9 0
    endloop
  endfacet
  facet normal 0.0654031292301598 -0.9978589232386024 0
    outer loop
      vertex 24.1 -32.9 4.800000000000001
      vertex 24.1 -32.9 0
      vertex 24.308841907552083 -32.88631177819809 0
    endloop
  endfacet
  facet normal 0.1950903220161282 -0.9807852804032304 0
    outer loop
      vertex 24.308841907552083 -32.88631177819809 4.800000000000001
      vertex 24.308841907552083 -32.88631177819809 0
      vertex 24.514110472164035 -32.845481322062504 0
    endloop
  endfacet
  facet normal 0.32143946530315076 -0.9469301294951094 0
    outer loop
      vertex 24.514110472164035 -32.845481322062504 4.800000000000001
      vertex 24.514110472164035 -32.845481322062504 0
      vertex 24.712293491784145 -32.778207252018056 0
    endloop
  endfacet
  facet normal 0.4422886902190091 -0.8968727415326844 0
    outer loop
      vertex 24.712293491784145 -32.778207252018056 4.800000000000001
      vertex 24.712293491784145 -32.778207252018056 0
      vertex 24.9 -32.6856406460551 0
    endloop
  endfacet
  facet normal 0.5555702330196043 -0.831469612302544 0
    outer loop
      vertex 24.9 -32.6856406460551 4.800000000000001
      vertex 24.9 -32.6856406460551 0
      vertex 25.074018286413953 -32.56936534446597 0
    endloop
  endfacet
  facet normal 0.6593458151000712 -0.7518398074789754 0
    outer loop
      vertex 25.074018286413953 -32.56936534446597 4.800000000000001
      vertex 25.074018286413953 -32.56936534446597 0
      vertex 25.231370849898475 -32.43137084989847 0
    endloop
  endfacet
  facet normal 0.7518398074789754 -0.6593458151000712 0
    outer loop
      vertex 25.231370849898475 -32.43137084989847 4.800000000000001
      vertex 25.231370849898475 -32.43137084989847 0
      vertex 25.369365344465976 -32.27401828641395 0
    endloop
  endfacet
  facet normal 0.831469612302544 -0.5555702330196043 0
    outer loop
      vertex 25.369365344465976 -32.27401828641395 4.800000000000001
      vertex 25.369365344465976 -32.27401828641395 0
      vertex 25.485640646055103 -32.099999999999994 0
    endloop
  endfacet
  facet normal 0.8968727415326844 -0.4422886902190091 0
    outer loop
      vertex 25.485640646055103 -32.099999999999994 4.800000000000001
      vertex 25.485640646055103 -32.099999999999994 0
      vertex 25.57820725201806 -31.91229349178414 0
    endloop
  endfacet
  facet normal 0.9469301294951094 -0.32143946530315076 0
    outer loop
      vertex 25.57820725201806 -31.91229349178414 4.800000000000001
      vertex 25.57820725201806 -31.91229349178414 0
      vertex 25.64548132206251 -31.71411047216403 0
    endloop
  endfacet
  facet normal 0.9807852804032304 -0.1950903220161282 0
    outer loop
      vertex 25.64548132206251 -31.71411047216403 4.800000000000001
      vertex 25.64548132206251 -31.71411047216403 0
      vertex 25.686311778198096 -31.50884190755208 0
    endloop
  endfacet
  facet normal 0.9978589232386035 -0.06540312923014291 0
    outer loop
      vertex 25.686311778198096 -31.50884190755208 4.800000000000001
      vertex 25.686311778198096 -31.50884190755208 0
      vertex 25.7 -31.299999999999997 0
    endloop
  endfacet
  facet normal 0 -1 0
    outer loop
      vertex 20.413987138263664 -32.9 4.800000000000001
      vertex 20.413987138263664 -32.9 0
      vertex 24.1 -32.9 4.800000000000001
    endloop
  endfacet
  facet normal 0.0654031292301598 -0.9978589232386024 0
    outer loop
      vertex 24.1 -32.9 4.800000000000001
      vertex 24.308841907552083 -32.88631177819809 0
      vertex 24.308841907552083 -32.88631177819809 4.800000000000001
    endloop
  endfacet
  facet normal 0.1950903220161282 -0.9807852804032304 0
    outer loop
      vertex 24.308841907552083 -32.88631177819809 4.800000000000001
      vertex 24.514110472164035 -32.845481322062504 0
      vertex 24.514110472164035 -32.845481322062504 4.800000000000001
    endloop
  endfacet
  facet normal 0.32143946530315076 -0.9469301294951094 0
    outer loop
      vertex 24.514110472164035 -32.845481322062504 4.800000000000001
      vertex 24.712293491784145 -32.778207252018056 0
      vertex 24.712293491784145 -32.778207252018056 4.800000000000001
    endloop
  endfacet
  facet normal 0.4422886902190091 -0.8968727415326844 0
    outer loop
      vertex 24.712293491784145 -32.778207252018056 4.800000000000001
      vertex 24.9 -32.6856406460551 0
      vertex 24.9 -32.6856406460551 4.800000000000001
    endloop
  endfacet
  facet normal 0.5555702330196043 -0.831469612302544 0
    outer loop
      vertex 24.9 -32.6856406460551 4.800000000000001
      vertex 25.074018286413953 -32.56936534446597 0
      vertex 25.074018286413953 -32.56936534446597 4.800000000000001
    endloop
  endfacet
  facet normal 0.6593458151000712 -0.7518398074789754 0
    outer loop
      vertex 25.074018286413953 -32.56936534446597 4.800000000000001
      vertex 25.231370849898475 -32.43137084989847 0
      vertex 25.231370849898475 -32.43137084989847 4.800000000000001
    endloop
  endfacet
  facet normal 0.7518398074789754 -0.6593458151000712 0
    outer loop
      vertex 25.231370849898475 -32.43137084989847 4.800000000000001
      vertex 25.369365344465976 -32.27401828641395 0
      vertex 25.369365344465976 -32.27401828641395 4.800000000000001
    endloop
  endfacet
  facet normal 0.831469612302544 -0.5555702330196043 0
    outer loop
      vertex 25.369365344465976 -32.27401828641395 4.800000000000001
      vertex 25.485640646055103 -32.099999999999994 0
      vertex 25.485640646055103 -32.099999999999994 4.800000000000001
    endloop
  endfacet
  facet normal 0.8968727415326844 -0.4422886902190091 0
    outer loop
      vertex 25.485640646055103 -32.099999999999994 4.800000000000001
      vertex 25.57820725201806 -31.91229349178414 0
      vertex 25.57820725201806 -31.91229349178414 4.800000000000001
    endloop
  endfacet
  facet normal 0.9469301294951094 -0.32143946530315076 0
    outer loop
      vertex 25.64548132206251 -31.71411047216403 4.800000000000001
      vertex 25.57820725201806 -31.91229349178414 4.800000000000001
      vertex 25.64548132206251 -31.71411047216403 0
    endloop
  endfacet
  facet normal 0.9807852804032304 -0.1950903220161282 0
    outer loop
      vertex 25.686311778198096 -31.50884190755208 4.800000000000001
      vertex 25.64548132206251 -31.71411047216403 4.800000000000001
      vertex 25.686311778198096 -31.50884190755208 0
    endloop
  endfacet
  facet normal 0.9978589232386035 -0.06540312923014291 0
    outer loop
      vertex 25.7 -31.299999999999997 4.800000000000001
      vertex 25.686311778198096 -31.50884190755208 4.800000000000001
      vertex 25.7 -31.299999999999997 0
    endloop
  endfacet
  facet normal 0 0 -1
    outer loop
      vertex 25.7 31.299999999999997 0
      vertex 25.7 -31.299999999999997 0
      vertex 25.64548132206251 -31.71411047216403 0
    endloop
  endfacet
  facet normal 1 0 0
    outer loop
      vertex 25.7 31.299999999999997 0
      vertex 25.7 -31.299999999999997 4.800000000000001
      vertex 25.7 -31.299999999999997 0
    endloop
  endfacet
  facet normal 0 0 -1
    outer loop
      vertex 3.054518677937491 31.71411047216403 0
      vertex 3 -31.299999999999997 0
      vertex 3 31.299999999999997 0
    endloop
  endfacet
  facet normal -1 0 0
    outer loop
      vertex 3 31.299999999999997 4.800000000000001
      vertex 3 31.299999999999997 0
      vertex 3 -31.299999999999997 0
    endloop
  endfacet
  facet normal 0 0 -1
    outer loop
      vertex 3.054518677937491 31.71411047216403 0
      vertex 8.35 28.4 0
      vertex 25.64548132206251 -31.71411047216403 0
    endloop
  endfacet
  facet normal 0 0 -1
    outer loop
      vertex 3.054518677937491 31.71411047216403 0
      vertex 3 31.299999999999997 0
      vertex 3.013688221801903 31.50884190755208 0
    endloop
  endfacet
  facet normal 0 0 -1
    outer loop
      vertex 3.1217927479819405 31.91229349178414 0
      vertex 3.2143593539448982 32.099999999999994 0
      vertex 3.054518677937491 31.71411047216403 0
    endloop
  endfacet
  facet normal 0 0 -1
    outer loop
      vertex 3.2143593539448982 32.099999999999994 0
      vertex 3.6259817135860466 32.56936534446597 0
      vertex 3.054518677937491 31.71411047216403 0
    endloop
  endfacet
  facet normal 0 0 -1
    outer loop
      vertex 3.2143593539448982 32.099999999999994 0
      vertex 3.3306346555340234 32.27401828641395 0
      vertex 3.468629150101524 32.43137084989847 0
    endloop
  endfacet
  facet normal 0 0 -1
    outer loop
      vertex 3.2143593539448982 32.099999999999994 0
      vertex 3.468629150101524 32.43137084989847 0
      vertex 3.6259817135860466 32.56936534446597 0
    endloop
  endfacet
  facet normal 0 0 -1
    outer loop
      vertex 3.054518677937491 31.71411047216403 0
      vertex 3.6259817135860466 32.56936534446597 0
      vertex 4.6 32.9 0
    endloop
  endfacet
  facet normal 0 0 -1
    outer loop
      vertex 3.6259817135860466 32.56936534446597 0
      vertex 3.799999999999999 32.6856406460551 0
      vertex 3.9877065082158563 32.778207252018056 0
    endloop
  endfacet
  facet normal 0 0 -1
    outer loop
      vertex 3.6259817135860466 32.56936534446597 0
      vertex 3.9877065082158563 32.778207252018056 0
      vertex 4.6 32.9 0
    endloop
  endfacet
  facet normal 0 0 -1
    outer loop
      vertex 3.9877065082158563 32.778207252018056 0
      vertex 4.1858895278359665 32.845481322062504 0
      vertex 4.6 32.9 0
    endloop
  endfacet
  facet normal 0 0 -1
    outer loop
      vertex 4.1858895278359665 32.845481322062504 0
      vertex 4.391158092447917 32.88631177819809 0
      vertex 4.6 32.9 0
    endloop
  endfacet
  facet normal 0 0 -1
    outer loop
      vertex 3.054518677937491 31.71411047216403 0
      vertex 4.6 32.9 0
      vertex 8.35 32.9 0
    endloop
  endfacet
  facet normal -0.9978589232386035 0.06540312923014291 0
    outer loop
      vertex 3.013688221801903 31.50884190755208 4.800000000000001
      vertex 3.013688221801903 31.50884190755208 0
      vertex 3 31.299999999999997 0
    endloop
  endfacet
  facet normal -0.9807852804032304 0.1950903220161282 0
    outer loop
      vertex 3.054518677937491 31.71411047216403 4.800000000000001
      vertex 3.054518677937491 31.71411047216403 0
      vertex 3.013688221801903 31.50884190755208 0
    endloop
  endfacet
  facet normal -0.9469301294951067 0.32143946530315837 0
    outer loop
      vertex 3.1217927479819405 31.91229349178414 4.800000000000001
      vertex 3.1217927479819405 31.91229349178414 0
      vertex 3.054518677937491 31.71411047216403 0
    endloop
  endfacet
  facet normal -0.8968727415326844 0.4422886902190091 0
    outer loop
      vertex 3.2143593539448982 32.099999999999994 4.800000000000001
      vertex 3.2143593539448982 32.099999999999994 0
      vertex 3.1217927479819405 31.91229349178414 0
    endloop
  endfacet
  facet normal -0.8314696123025478 0.5555702330195983 0
    outer loop
      vertex 3.3306346555340234 32.27401828641395 4.800000000000001
      vertex 3.3306346555340234 32.27401828641395 0
      vertex 3.2143593539448982 32.099999999999994 0
    endloop
  endfacet
  facet normal -0.7518398074789754 0.6593458151000712 0
    outer loop
      vertex 3.468629150101524 32.43137084989847 4.800000000000001
      vertex 3.468629150101524 32.43137084989847 0
      vertex 3.3306346555340234 32.27401828641395 0
    endloop
  endfacet
  facet normal -0.6593458151000712 0.7518398074789754 0
    outer loop
      vertex 3.6259817135860466 32.56936534446597 4.800000000000001
      vertex 3.6259817135860466 32.56936534446597 0
      vertex 3.468629150101524 32.43137084989847 0
    endloop
  endfacet
  facet normal -0.5555702330196082 0.8314696123025413 0
    outer loop
      vertex 3.799999999999999 32.6856406460551 4.800000000000001
      vertex 3.799999999999999 32.6856406460551 0
      vertex 3.6259817135860466 32.56936534446597 0
    endloop
  endfacet
  facet normal -0.44228869021900236 0.8968727415326876 0
    outer loop
      vertex 3.9877065082158563 32.778207252018056 4.800000000000001
      vertex 3.9877065082158563 32.778207252018056 0
      vertex 3.799999999999999 32.6856406460551 0
    endloop
  endfacet
  facet normal -0.32143946530315076 0.9469301294951094 0
    outer loop
      vertex 4.1858895278359665 32.845481322062504 4.800000000000001
      vertex 4.1858895278359665 32.845481322062504 0
      vertex 3.9877065082158563 32.778207252018056 0
    endloop
  endfacet
  facet normal -0.19509032201612983 0.9807852804032301 0
    outer loop
      vertex 4.391158092447917 32.88631177819809 4.800000000000001
      vertex 4.391158092447917 32.88631177819809 0
      vertex 4.1858895278359665 32.845481322062504 0
    endloop
  endfacet
  facet normal -0.06540312923015923 0.9978589232386024 0
    outer loop
      vertex 4.6 32.9 4.800000000000001
      vertex 4.6 32.9 0
      vertex 4.391158092447917 32.88631177819809 0
    endloop
  endfacet
  facet normal 0 1 0
    outer loop
      vertex 4.6 32.9 4.800000000000001
      vertex 8.35 32.9 0
      vertex 4.6 32.9 0
    endloop
  endfacet
  facet normal 0 0 -1
    outer loop
      vertex 3.054518677937491 31.71411047216403 0
      vertex 8.35 32.9 0
      vertex 8.35 28.4 0
    endloop
  endfacet
  facet normal -0.9978589232386035 0.06540312923014291 0
    outer loop
      vertex 3.013688221801903 31.50884190755208 4.800000000000001
      vertex 3 31.299999999999997 0
      vertex 3 31.299999999999997 4.800000000000001
    endloop
  endfacet
  facet normal -0.9807852804032304 0.1950903220161282 0
    outer loop
      vertex 3.054518677937491 31.71411047216403 4.800000000000001
      vertex 3.013688221801903 31.50884190755208 0
      vertex 3.013688221801903 31.50884190755208 4.800000000000001
    endloop
  endfacet
  facet normal -0.9469301294951067 0.32143946530315837 0
    outer loop
      vertex 3.1217927479819405 31.91229349178414 4.800000000000001
      vertex 3.054518677937491 31.71411047216403 0
      vertex 3.054518677937491 31.71411047216403 4.800000000000001
    endloop
  endfacet
  facet normal -0.8968727415326844 0.4422886902190091 0
    outer loop
      vertex 3.1217927479819405 31.91229349178414 4.800000000000001
      vertex 3.2143593539448982 32.099999999999994 4.800000000000001
      vertex 3.1217927479819405 31.91229349178414 0
    endloop
  endfacet
  facet normal -0.8314696123025478 0.5555702330195983 0
    outer loop
      vertex 3.2143593539448982 32.099999999999994 4.800000000000001
      vertex 3.3306346555340234 32.27401828641395 4.800000000000001
      vertex 3.2143593539448982 32.099999999999994 0
    endloop
  endfacet
  facet normal -0.7518398074789754 0.6593458151000712 0
    outer loop
      vertex 3.3306346555340234 32.27401828641395 4.800000000000001
      vertex 3.468629150101524 32.43137084989847 4.800000000000001
      vertex 3.3306346555340234 32.27401828641395 0
    endloop
  endfacet
  facet normal -0.6593458151000712 0.7518398074789754 0
    outer loop
      vertex 3.468629150101524 32.43137084989847 4.800000000000001
      vertex 3.6259817135860466 32.56936534446597 4.800000000000001
      vertex 3.468629150101524 32.43137084989847 0
    endloop
  endfacet
  facet normal -0.5555702330196082 0.8314696123025413 0
    outer loop
      vertex 3.6259817135860466 32.56936534446597 4.800000000000001
      vertex 3.799999999999999 32.6856406460551 4.800000000000001
      vertex 3.6259817135860466 32.56936534446597 0
    endloop
  endfacet
  facet normal -0.44228869021900236 0.8968727415326876 0
    outer loop
      vertex 3.799999999999999 32.6856406460551 4.800000000000001
      vertex 3.9877065082158563 32.778207252018056 4.800000000000001
      vertex 3.799999999999999 32.6856406460551 0
    endloop
  endfacet
  facet normal -0.32143946530315076 0.9469301294951094 0
    outer loop
      vertex 3.9877065082158563 32.778207252018056 4.800000000000001
      vertex 4.1858895278359665 32.845481322062504 4.800000000000001
      vertex 3.9877065082158563 32.778207252018056 0
    endloop
  endfacet
  facet normal -0.19509032201612983 0.9807852804032301 0
    outer loop
      vertex 4.1858895278359665 32.845481322062504 4.800000000000001
      vertex 4.391158092447917 32.88631177819809 4.800000000000001
      vertex 4.1858895278359665 32.845481322062504 0
    endloop
  endfacet
  facet normal -0.06540312923015923 0.9978589232386024 0
    outer loop
      vertex 4.391158092447917 32.88631177819809 4.800000000000001
      vertex 4.6 32.9 4.800000000000001
      vertex 4.391158092447917 32.88631177819809 0
    endloop
  endfacet
  facet normal 0 1 0
    outer loop
      vertex 4.6 32.9 4.800000000000001
      vertex 8.35 32.9 4.5
      vertex 8.35 32.9 0
    endloop
  endfacet
  facet normal 0 0 -1
    outer loop
      vertex 8.35 28.4 0
      vertex 20.35 28.4 0
      vertex 25.64548132206251 -31.71411047216403 0
    endloop
  endfacet
  facet normal 0 0 -1
    outer loop
      vertex 20.35 31.094301373552938 0
      vertex 25.64548132206251 -31.71411047216403 0
      vertex 20.35 28.4 0
    endloop
  endfacet
  facet normal 0 0 -1
    outer loop
      vertex 20.35 31.094301373552938 0
      vertex 25.57820725201806 31.91229349178414 0
      vertex 25.64548132206251 -31.71411047216403 0
    endloop
  endfacet
  facet normal 0 0 -1
    outer loop
      vertex 25.57820725201806 31.91229349178414 0
      vertex 25.7 31.299999999999997 0
      vertex 25.64548132206251 -31.71411047216403 0
    endloop
  endfacet
  facet normal 1 0 0
    outer loop
      vertex 25.7 31.299999999999997 4.800000000000001
      vertex 25.7 -31.299999999999997 4.800000000000001
      vertex 25.7 31.299999999999997 0
    endloop
  endfacet
  facet normal 0 0 -1
    outer loop
      vertex 20.35 32.9 0
      vertex 25.57820725201806 31.91229349178414 0
      vertex 20.35 31.094301373552938 0
    endloop
  endfacet
  facet normal 0 1 0
    outer loop
      vertex 20.35 32.9 1.3900000000000006
      vertex 24.1 32.9 0
      vertex 20.35 32.9 0
    endloop
  endfacet
  facet normal 0 0 -1
    outer loop
      vertex 20.35 32.9 0
      vertex 24.1 32.9 0
      vertex 25.57820725201806 31.91229349178414 0
    endloop
  endfacet
  facet normal 0 0 -1
    outer loop
      vertex 24.1 32.9 0
      vertex 24.308841907552083 32.88631177819809 0
      vertex 24.514110472164035 32.845481322062504 0
    endloop
  endfacet
  facet normal 0 0 -1
    outer loop
      vertex 24.1 32.9 0
      vertex 24.514110472164035 32.845481322062504 0
      vertex 24.9 32.6856406460551 0
    endloop
  endfacet
  facet normal 0 0 -1
    outer loop
      vertex 24.1 32.9 0
      vertex 24.9 32.6856406460551 0
      vertex 25.57820725201806 31.91229349178414 0
    endloop
  endfacet
  facet normal 0 0 -1
    outer loop
      vertex 24.514110472164035 32.845481322062504 0
      vertex 24.712293491784145 32.778207252018056 0
      vertex 24.9 32.6856406460551 0
    endloop
  endfacet
  facet normal 0 0 -1
    outer loop
      vertex 25.64548132206251 31.71411047216403 0
      vertex 25.686311778198096 31.50884190755208 0
      vertex 25.7 31.299999999999997 0
    endloop
  endfacet
  facet normal 0 0 -1
    outer loop
      vertex 25.57820725201806 31.91229349178414 0
      vertex 25.64548132206251 31.71411047216403 0
      vertex 25.7 31.299999999999997 0
    endloop
  endfacet
  facet normal 0 0 -1
    outer loop
      vertex 24.9 32.6856406460551 0
      vertex 25.369365344465976 32.27401828641395 0
      vertex 25.57820725201806 31.91229349178414 0
    endloop
  endfacet
  facet normal 0 0 -1
    outer loop
      vertex 24.9 32.6856406460551 0
      vertex 25.074018286413953 32.56936534446597 0
      vertex 25.369365344465976 32.27401828641395 0
    endloop
  endfacet
  facet normal 0 0 -1
    outer loop
      vertex 25.074018286413953 32.56936534446597 0
      vertex 25.231370849898475 32.43137084989847 0
      vertex 25.369365344465976 32.27401828641395 0
    endloop
  endfacet
  facet normal 0 0 -1
    outer loop
      vertex 25.369365344465976 32.27401828641395 0
      vertex 25.485640646055103 32.099999999999994 0
      vertex 25.57820725201806 31.91229349178414 0
    endloop
  endfacet
  facet normal 0.0654031292301598 0.9978589232386024 0
    outer loop
      vertex 24.308841907552083 32.88631177819809 4.800000000000001
      vertex 24.308841907552083 32.88631177819809 0
      vertex 24.1 32.9 0
    endloop
  endfacet
  facet normal 0.1950903220161282 0.9807852804032304 0
    outer loop
      vertex 24.514110472164035 32.845481322062504 4.800000000000001
      vertex 24.514110472164035 32.845481322062504 0
      vertex 24.308841907552083 32.88631177819809 0
    endloop
  endfacet
  facet normal 0.32143946530315076 0.9469301294951094 0
    outer loop
      vertex 24.712293491784145 32.778207252018056 4.800000000000001
      vertex 24.712293491784145 32.778207252018056 0
      vertex 24.514110472164035 32.845481322062504 0
    endloop
  endfacet
  facet normal 0.4422886902190091 0.8968727415326844 0
    outer loop
      vertex 24.9 32.6856406460551 4.800000000000001
      vertex 24.9 32.6856406460551 0
      vertex 24.712293491784145 32.778207252018056 0
    endloop
  endfacet
  facet normal 0.9978589232386035 0.06540312923014291 0
    outer loop
      vertex 25.7 31.299999999999997 4.800000000000001
      vertex 25.7 31.299999999999997 0
      vertex 25.686311778198096 31.50884190755208 0
    endloop
  endfacet
  facet normal 0.9807852804032304 0.1950903220161282 0
    outer loop
      vertex 25.686311778198096 31.50884190755208 4.800000000000001
      vertex 25.686311778198096 31.50884190755208 0
      vertex 25.64548132206251 31.71411047216403 0
    endloop
  endfacet
  facet normal 0.9469301294951094 0.32143946530315076 0
    outer loop
      vertex 25.64548132206251 31.71411047216403 4.800000000000001
      vertex 25.64548132206251 31.71411047216403 0
      vertex 25.57820725201806 31.91229349178414 0
    endloop
  endfacet
  facet normal 0.5555702330196043 0.831469612302544 0
    outer loop
      vertex 25.074018286413953 32.56936534446597 4.800000000000001
      vertex 25.074018286413953 32.56936534446597 0
      vertex 24.9 32.6856406460551 0
    endloop
  endfacet
  facet normal 0.6593458151000712 0.7518398074789754 0
    outer loop
      vertex 25.231370849898475 32.43137084989847 4.800000000000001
      vertex 25.231370849898475 32.43137084989847 0
      vertex 25.074018286413953 32.56936534446597 0
    endloop
  endfacet
  facet normal 0.7518398074789754 0.6593458151000712 0
    outer loop
      vertex 25.369365344465976 32.27401828641395 4.800000000000001
      vertex 25.369365344465976 32.27401828641395 0
      vertex 25.231370849898475 32.43137084989847 0
    endloop
  endfacet
  facet normal 0.831469612302544 0.5555702330196043 0
    outer loop
      vertex 25.485640646055103 32.099999999999994 4.800000000000001
      vertex 25.485640646055103 32.099999999999994 0
      vertex 25.369365344465976 32.27401828641395 0
    endloop
  endfacet
  facet normal 0.8968727415326844 0.4422886902190091 0
    outer loop
      vertex 25.57820725201806 31.91229349178414 4.800000000000001
      vertex 25.57820725201806 31.91229349178414 0
      vertex 25.485640646055103 32.099999999999994 0
    endloop
  endfacet
  facet normal 0 1 0
    outer loop
      vertex 20.35 32.9 4.800000000000001
      vertex 24.1 32.9 0
      vertex 20.35 32.9 1.3900000000000006
    endloop
  endfacet
  facet normal 0 1 0
    outer loop
      vertex 20.35 32.9 4.800000000000001
      vertex 24.1 32.9 4.800000000000001
      vertex 24.1 32.9 0
    endloop
  endfacet
  facet normal 0.0654031292301598 0.9978589232386024 0
    outer loop
      vertex 24.1 32.9 4.800000000000001
      vertex 24.308841907552083 32.88631177819809 4.800000000000001
      vertex 24.1 32.9 0
    endloop
  endfacet
  facet normal 0.1950903220161282 0.9807852804032304 0
    outer loop
      vertex 24.308841907552083 32.88631177819809 4.800000000000001
      vertex 24.514110472164035 32.845481322062504 4.800000000000001
      vertex 24.308841907552083 32.88631177819809 0
    endloop
  endfacet
  facet normal 0.32143946530315076 0.9469301294951094 0
    outer loop
      vertex 24.514110472164035 32.845481322062504 4.800000000000001
      vertex 24.712293491784145 32.778207252018056 4.800000000000001
      vertex 24.514110472164035 32.845481322062504 0
    endloop
  endfacet
  facet normal 0.4422886902190091 0.8968727415326844 0
    outer loop
      vertex 24.712293491784145 32.778207252018056 4.800000000000001
      vertex 24.9 32.6856406460551 4.800000000000001
      vertex 24.712293491784145 32.778207252018056 0
    endloop
  endfacet
  facet normal 0.9978589232386035 0.06540312923014291 0
    outer loop
      vertex 25.686311778198096 31.50884190755208 4.800000000000001
      vertex 25.7 31.299999999999997 4.800000000000001
      vertex 25.686311778198096 31.50884190755208 0
    endloop
  endfacet
  facet normal 0.9807852804032304 0.1950903220161282 0
    outer loop
      vertex 25.64548132206251 31.71411047216403 4.800000000000001
      vertex 25.686311778198096 31.50884190755208 4.800000000000001
      vertex 25.64548132206251 31.71411047216403 0
    endloop
  endfacet
  facet normal 0.9469301294951094 0.32143946530315076 0
    outer loop
      vertex 25.57820725201806 31.91229349178414 4.800000000000001
      vertex 25.64548132206251 31.71411047216403 4.800000000000001
      vertex 25.57820725201806 31.91229349178414 0
    endloop
  endfacet
  facet normal 0.7518398074789754 0.6593458151000712 0
    outer loop
      vertex 25.231370849898475 32.43137084989847 4.800000000000001
      vertex 25.369365344465976 32.27401828641395 4.800000000000001
      vertex 25.231370849898475 32.43137084989847 0
    endloop
  endfacet
  facet normal 0.5555702330196043 0.831469612302544 0
    outer loop
      vertex 24.9 32.6856406460551 4.800000000000001
      vertex 25.074018286413953 32.56936534446597 4.800000000000001
      vertex 24.9 32.6856406460551 0
    endloop
  endfacet
  facet normal 0.6593458151000712 0.7518398074789754 0
    outer loop
      vertex 25.074018286413953 32.56936534446597 4.800000000000001
      vertex 25.231370849898475 32.43137084989847 4.800000000000001
      vertex 25.074018286413953 32.56936534446597 0
    endloop
  endfacet
  facet normal 0.831469612302544 0.5555702330196043 0
    outer loop
      vertex 25.369365344465976 32.27401828641395 4.800000000000001
      vertex 25.485640646055103 32.099999999999994 4.800000000000001
      vertex 25.369365344465976 32.27401828641395 0
    endloop
  endfacet
  facet normal 0.8968727415326844 0.4422886902190091 0
    outer loop
      vertex 25.485640646055103 32.099999999999994 4.800000000000001
      vertex 25.57820725201806 31.91229349178414 4.800000000000001
      vertex 25.485640646055103 32.099999999999994 0
    endloop
  endfacet
  facet normal 0 1 0
    outer loop
      vertex 4.6 32.9 4.800000000000001
      vertex 8.35 32.9 4.800000000000001
      vertex 8.35 32.9 4.5
    endloop
  endfacet
  facet normal 0 0 1
    outer loop
      vertex -23.1 -30.666025403784438 1.6
      vertex -22.98268343236509 -30.723879532511287 1.6
      vertex -23.198813999786108 -30.6 1.6
    endloop
  endfacet
  facet normal 0 0 1
    outer loop
      vertex -22.98268343236509 -30.723879532511287 1.6
      vertex -22.85881904510252 -30.76592582628907 1.6
      vertex -23.198813999786108 -30.6 1.6
    endloop
  endfacet
  facet normal 0 0 1
    outer loop
      vertex -22.85881904510252 -30.76592582628907 1.6
      vertex -22.6 -30.8 1.6
      vertex -23.198813999786108 -30.6 1.6
    endloop
  endfacet
  facet normal 0 0 1
    outer loop
      vertex -22.85881904510252 -30.76592582628907 1.6
      vertex -22.73052619222005 -30.79144486137381 1.6
      vertex -22.6 -30.8 1.6
    endloop
  endfacet
  facet normal 0 0 1
    outer loop
      vertex -22.6 -30.8 1.6
      vertex -22.1 -30.6 1.6
      vertex -23.198813999786108 -30.6 1.6
    endloop
  endfacet
  facet normal 0 0 1
    outer loop
      vertex -22.6 -30.8 1.6
      vertex -6.1 -30.8 1.6
      vertex -22.1 -30.6 1.6
    endloop
  endfacet
  facet normal 0.5555702330195933 0.8314696123025512 0
    outer loop
      vertex -23.1 -30.666025403784438 1.6
      vertex -23.198813999786108 -30.6 1.6
      vertex -23.198813999786108 -30.6 3.4000000000000004
    endloop
  endfacet
  facet normal 0.44228869021899836 0.8968727415326897 0
    outer loop
      vertex -23.1 -30.666025403784438 1.6
      vertex -22.98268343236509 -30.723879532511287 5
      vertex -22.98268343236509 -30.723879532511287 1.6
    endloop
  endfacet
  facet normal 0.3214394653031772 0.9469301294951004 0
    outer loop
      vertex -22.98268343236509 -30.723879532511287 1.6
      vertex -22.85881904510252 -30.76592582628907 5
      vertex -22.85881904510252 -30.76592582628907 1.6
    endloop
  endfacet
  facet normal 0.19509032201612103 0.980785280403232 0
    outer loop
      vertex -22.85881904510252 -30.76592582628907 1.6
      vertex -22.73052619222005 -30.79144486137381 5
      vertex -22.73052619222005 -30.79144486137381 1.6
    endloop
  endfacet
  facet normal 0.06540312923014019 0.9978589232386037 0
    outer loop
      vertex -22.73052619222005 -30.79144486137381 1.6
      vertex -22.6 -30.8 5
      vertex -22.6 -30.8 1.6
    endloop
  endfacet
  facet normal 0.5555702330195933 0.8314696123025512 0
    outer loop
      vertex -23.1 -30.666025403784438 1.6
      vertex -23.198813999786108 -30.6 3.4000000000000004
      vertex -23.1 -30.666025403784438 5
    endloop
  endfacet
  facet normal 0 0 1
    outer loop
      vertex -6.1 -30.8 1.6
      vertex -6.6 -30.6 1.6
      vertex -22.1 -30.6 1.6
    endloop
  endfacet
  facet normal 0 0 1
    outer loop
      vertex -6.1 -30.8 1.6
      vertex -5.84118095489748 -30.76592582628907 1.6
      vertex -6.6 -30.6 1.6
    endloop
  endfacet
  facet normal 0 0 1
    outer loop
      vertex -5.84118095489748 -30.76592582628907 1.6
      vertex -5.71731656763491 -30.723879532511287 1.6
      vertex -6.6 -30.6 1.6
    endloop
  endfacet
  facet normal 0 0 1
    outer loop
      vertex -6.1 -30.8 1.6
      vertex -5.9694738077799485 -30.79144486137381 1.6
      vertex -5.84118095489748 -30.76592582628907 1.6
    endloop
  endfacet
  facet normal 0 0 1
    outer loop
      vertex -5.71731656763491 -30.723879532511287 1.6
      vertex -5.6 -30.666025403784438 1.6
      vertex -6.6 -30.6 1.6
    endloop
  endfacet
  facet normal 0 0 1
    outer loop
      vertex -5.6 -30.666025403784438 1.6
      vertex -5.501186000213892 -30.6 1.6
      vertex -6.6 -30.6 1.6
    endloop
  endfacet
  facet normal 0 1 0
    outer loop
      vertex -22.6 -30.8 1.6
      vertex -6.1 -30.8 5
      vertex -6.1 -30.8 1.6
    endloop
  endfacet
  facet normal -0.5555702330195864 0.8314696123025559 0
    outer loop
      vertex -5.6 -30.666025403784438 1.6
      vertex -5.501186000213892 -30.6 3.4000000000000004
      vertex -5.501186000213892 -30.6 1.6
    endloop
  endfacet
  facet normal -0.0654031292301393 0.9978589232386037 0
    outer loop
      vertex -6.1 -30.8 1.6
      vertex -5.9694738077799485 -30.79144486137381 5
      vertex -5.9694738077799485 -30.79144486137381 1.6
    endloop
  endfacet
  facet normal -0.1950903220161236 0.9807852804032313 0
    outer loop
      vertex -5.9694738077799485 -30.79144486137381 1.6
      vertex -5.84118095489748 -30.76592582628907 5
      vertex -5.84118095489748 -30.76592582628907 1.6
    endloop
  endfacet
  facet normal -0.3214394653031731 0.9469301294951018 0
    outer loop
      vertex -5.84118095489748 -30.76592582628907 1.6
      vertex -5.71731656763491 -30.723879532511287 5
      vertex -5.71731656763491 -30.723879532511287 1.6
    endloop
  endfacet
  facet normal -0.44228869021900374 0.8968727415326871 0
    outer loop
      vertex -5.71731656763491 -30.723879532511287 1.6
      vertex -5.6 -30.666025403784438 5
      vertex -5.6 -30.666025403784438 1.6
    endloop
  endfacet
  facet normal -0.5555702330195877 0.8314696123025549 1.0288162925419563e-16
    outer loop
      vertex -5.6 -30.666025403784438 1.6
      vertex -5.491238570991278 -30.593353340291237 5
      vertex -5.501186000213892 -30.6 3.4000000000000004
    endloop
  endfacet
  facet normal 0 0 1
    outer loop
      vertex -6.6 29 1.6
      vertex -22.1 -30.6 1.6
      vertex -6.6 -30.6 1.6
    endloop
  endfacet
  facet normal 0.8314696123025397 0.5555702330196105 0
    outer loop
      vertex -23.393353340291235 -30.40876142900872 5
      vertex -23.393353340291235 -30.40876142900872 3.4000000000000004
      vertex -23.46602540378444 -30.3 3.4000000000000004
    endloop
  endfacet
  facet normal 0.7518398074789787 0.6593458151000675 0
    outer loop
      vertex -23.307106781186548 -30.507106781186547 5
      vertex -23.307106781186548 -30.507106781186547 3.4000000000000004
      vertex -23.393353340291235 -30.40876142900872 3.4000000000000004
    endloop
  endfacet
  facet normal 0.9469301294951115 0.3214394653031446 0
    outer loop
      vertex -23.523879532511287 -30.182683432365092 5
      vertex -23.523879532511287 -30.182683432365092 3.4000000000000004
      vertex -23.565925826289067 -30.05881904510252 3.4000000000000004
    endloop
  endfacet
  facet normal 0.997858923238602 0.06540312923016545 0
    outer loop
      vertex -23.59144486137381 -29.930526192220054 5
      vertex -23.59144486137381 -29.930526192220054 3.4000000000000004
      vertex -23.6 -29.8 3.4000000000000004
    endloop
  endfacet
  facet normal 0.9807852804032309 0.19509032201612622 0
    outer loop
      vertex -23.565925826289067 -30.05881904510252 5
      vertex -23.565925826289067 -30.05881904510252 3.4000000000000004
      vertex -23.59144486137381 -29.930526192220054 3.4000000000000004
    endloop
  endfacet
  facet normal 0.8968727415326845 0.4422886902190092 0
    outer loop
      vertex -23.46602540378444 -30.3 5
      vertex -23.46602540378444 -30.3 3.4000000000000004
      vertex -23.523879532511287 -30.182683432365092 3.4000000000000004
    endloop
  endfacet
  facet normal 0.44228869021899836 0.8968727415326897 0
    outer loop
      vertex -23.1 -30.666025403784438 1.6
      vertex -23.1 -30.666025403784438 5
      vertex -22.98268343236509 -30.723879532511287 5
    endloop
  endfacet
  facet normal 0.3214394653031772 0.9469301294951004 0
    outer loop
      vertex -22.98268343236509 -30.723879532511287 1.6
      vertex -22.98268343236509 -30.723879532511287 5
      vertex -22.85881904510252 -30.76592582628907 5
    endloop
  endfacet
  facet normal 0.19509032201612103 0.980785280403232 0
    outer loop
      vertex -22.85881904510252 -30.76592582628907 1.6
      vertex -22.85881904510252 -30.76592582628907 5
      vertex -22.73052619222005 -30.79144486137381 5
    endloop
  endfacet
  facet normal 0.06540312923014019 0.9978589232386037 0
    outer loop
      vertex -22.73052619222005 -30.79144486137381 1.6
      vertex -22.73052619222005 -30.79144486137381 5
      vertex -22.6 -30.8 5
    endloop
  endfacet
  facet normal 0.5555702330195764 0.8314696123025624 0
    outer loop
      vertex -23.20876142900872 -30.593353340291237 5
      vertex -23.198813999786108 -30.6 3.4000000000000004
      vertex -23.20876142900872 -30.593353340291237 3.4000000000000004
    endloop
  endfacet
  facet normal 0.6593458151000827 0.7518398074789653 0
    outer loop
      vertex -23.20876142900872 -30.593353340291237 5
      vertex -23.20876142900872 -30.593353340291237 3.4000000000000004
      vertex -23.307106781186548 -30.507106781186547 3.4000000000000004
    endloop
  endfacet
  facet normal 0.8314696123025397 0.5555702330196105 0
    outer loop
      vertex -23.46602540378444 -30.3 5
      vertex -23.393353340291235 -30.40876142900872 5
      vertex -23.46602540378444 -30.3 3.4000000000000004
    endloop
  endfacet
  facet normal 0.7518398074789787 0.6593458151000675 0
    outer loop
      vertex -23.393353340291235 -30.40876142900872 5
      vertex -23.307106781186548 -30.507106781186547 5
      vertex -23.393353340291235 -30.40876142900872 3.4000000000000004
    endloop
  endfacet
  facet normal 0.8968727415326845 0.4422886902190092 0
    outer loop
      vertex -23.523879532511287 -30.182683432365092 5
      vertex -23.46602540378444 -30.3 5
      vertex -23.523879532511287 -30.182683432365092 3.4000000000000004
    endloop
  endfacet
  facet normal 0.9469301294951115 0.3214394653031446 0
    outer loop
      vertex -23.523879532511287 -30.182683432365092 5
      vertex -23.565925826289067 -30.05881904510252 3.4000000000000004
      vertex -23.565925826289067 -30.05881904510252 5
    endloop
  endfacet
  facet normal 0.997858923238602 0.06540312923016545 0
    outer loop
      vertex -23.59144486137381 -29.930526192220054 5
      vertex -23.6 -29.8 3.4000000000000004
      vertex -23.6 -29.8 5
    endloop
  endfacet
  facet normal 0.9807852804032309 0.19509032201612622 0
    outer loop
      vertex -23.59144486137381 -29.930526192220054 5
      vertex -23.565925826289067 -30.05881904510252 5
      vertex -23.59144486137381 -29.930526192220054 3.4000000000000004
    endloop
  endfacet
  facet normal 0.5555702330195917 0.8314696123025522 1.3831619347819863e-16
    outer loop
      vertex -23.20876142900872 -30.593353340291237 5
      vertex -23.1 -30.666025403784438 5
      vertex -23.198813999786108 -30.6 3.4000000000000004
    endloop
  endfacet
  facet normal 0.6593458151000827 0.7518398074789653 0
    outer loop
      vertex -23.307106781186548 -30.507106781186547 5
      vertex -23.20876142900872 -30.593353340291237 5
      vertex -23.307106781186548 -30.507106781186547 3.4000000000000004
    endloop
  endfacet
  facet normal 0 1 0
    outer loop
      vertex -22.6 -30.8 1.6
      vertex -22.6 -30.8 5
      vertex -20.35 -30.8 5
    endloop
  endfacet
  facet normal 0 1 0
    outer loop
      vertex -22.6 -30.8 1.6
      vertex -20.35 -30.8 5
      vertex -8.35 -30.8 5
    endloop
  endfacet
  facet normal 1 0 0
    outer loop
      vertex -23.6 -29.8 5
      vertex -23.6 -29.8 3.4000000000000004
      vertex -23.6 29 3.4000000000000004
    endloop
  endfacet
  facet normal 0 1 0
    outer loop
      vertex -22.6 -30.8 1.6
      vertex -8.35 -30.8 5
      vertex -6.1 -30.8 5
    endloop
  endfacet
  facet normal -0.0654031292301393 0.9978589232386037 0
    outer loop
      vertex -6.1 -30.8 1.6
      vertex -6.1 -30.8 5
      vertex -5.9694738077799485 -30.79144486137381 5
    endloop
  endfacet
  facet normal -0.1950903220161236 0.9807852804032313 0
    outer loop
      vertex -5.9694738077799485 -30.79144486137381 1.6
      vertex -5.9694738077799485 -30.79144486137381 5
      vertex -5.84118095489748 -30.76592582628907 5
    endloop
  endfacet
  facet normal -0.3214394653031731 0.9469301294951018 0
    outer loop
      vertex -5.84118095489748 -30.76592582628907 1.6
      vertex -5.84118095489748 -30.76592582628907 5
      vertex -5.71731656763491 -30.723879532511287 5
    endloop
  endfacet
  facet normal -0.44228869021900374 0.8968727415326871 0
    outer loop
      vertex -5.71731656763491 -30.723879532511287 1.6
      vertex -5.71731656763491 -30.723879532511287 5
      vertex -5.6 -30.666025403784438 5
    endloop
  endfacet
  facet normal -0.5555702330195855 0.8314696123025564 0
    outer loop
      vertex -5.6 -30.666025403784438 1.6
      vertex -5.6 -30.666025403784438 5
      vertex -5.491238570991278 -30.593353340291237 5
    endloop
  endfacet
  facet normal -0.5555702330195764 0.8314696123025624 0
    outer loop
      vertex -5.491238570991278 -30.593353340291237 5
      vertex -5.491238570991278 -30.593353340291237 3.4000000000000004
      vertex -5.501186000213892 -30.6 3.4000000000000004
    endloop
  endfacet
  facet normal -0.6593458151000827 0.7518398074789653 0
    outer loop
      vertex -5.392893218813452 -30.507106781186547 5
      vertex -5.392893218813452 -30.507106781186547 3.4000000000000004
      vertex -5.491238570991278 -30.593353340291237 3.4000000000000004
    endloop
  endfacet
  facet normal -0.7518398074789787 0.6593458151000675 0
    outer loop
      vertex -5.306646659708765 -30.40876142900872 5
      vertex -5.306646659708765 -30.40876142900872 3.4000000000000004
      vertex -5.392893218813452 -30.507106781186547 3.4000000000000004
    endloop
  endfacet
  facet normal -0.8314696123025397 0.5555702330196105 0
    outer loop
      vertex -5.23397459621556 -30.3 5
      vertex -5.23397459621556 -30.3 3.4000000000000004
      vertex -5.306646659708765 -30.40876142900872 3.4000000000000004
    endloop
  endfacet
  facet normal -0.8968727415326898 0.44228869021899825 0
    outer loop
      vertex -5.176120467488714 -30.182683432365092 5
      vertex -5.176120467488714 -30.182683432365092 3.4000000000000004
      vertex -5.23397459621556 -30.3 3.4000000000000004
    endloop
  endfacet
  facet normal -0.9469301294951074 0.32143946530315676 0
    outer loop
      vertex -5.134074173710932 -30.05881904510252 5
      vertex -5.134074173710932 -30.05881904510252 3.4000000000000004
      vertex -5.176120467488714 -30.182683432365092 3.4000000000000004
    endloop
  endfacet
  facet normal -0.9807852804032282 0.19509032201613927 0
    outer loop
      vertex -5.108555138626189 -29.930526192220054 5
      vertex -5.108555138626189 -29.930526192220054 3.4000000000000004
      vertex -5.134074173710932 -30.05881904510252 3.4000000000000004
    endloop
  endfacet
  facet normal -0.9978589232386037 0.06540312923013841 0
    outer loop
      vertex -5.1 -29.8 5
      vertex -5.1 -29.8 3.4000000000000004
      vertex -5.108555138626189 -29.930526192220054 3.4000000000000004
    endloop
  endfacet
  facet normal -0.6593458151000827 0.7518398074789653 0
    outer loop
      vertex -5.491238570991278 -30.593353340291237 5
      vertex -5.392893218813452 -30.507106781186547 5
      vertex -5.491238570991278 -30.593353340291237 3.4000000000000004
    endloop
  endfacet
  facet normal -0.7518398074789787 0.6593458151000675 0
    outer loop
      vertex -5.392893218813452 -30.507106781186547 5
      vertex -5.306646659708765 -30.40876142900872 5
      vertex -5.392893218813452 -30.507106781186547 3.4000000000000004
    endloop
  endfacet
  facet normal -0.8314696123025397 0.5555702330196105 0
    outer loop
      vertex -5.306646659708765 -30.40876142900872 5
      vertex -5.23397459621556 -30.3 5
      vertex -5.306646659708765 -30.40876142900872 3.4000000000000004
    endloop
  endfacet
  facet normal -0.8968727415326898 0.44228869021899825 0
    outer loop
      vertex -5.23397459621556 -30.3 5
      vertex -5.176120467488714 -30.182683432365092 5
      vertex -5.23397459621556 -30.3 3.4000000000000004
    endloop
  endfacet
  facet normal -0.9469301294951074 0.32143946530315676 0
    outer loop
      vertex -5.176120467488714 -30.182683432365092 5
      vertex -5.134074173710932 -30.05881904510252 5
      vertex -5.176120467488714 -30.182683432365092 3.4000000000000004
    endloop
  endfacet
  facet normal -0.9807852804032282 0.19509032201613927 0
    outer loop
      vertex -5.134074173710932 -30.05881904510252 5
      vertex -5.108555138626189 -29.930526192220054 5
      vertex -5.134074173710932 -30.05881904510252 3.4000000000000004
    endloop
  endfacet
  facet normal -0.9978589232386037 0.06540312923013841 0
    outer loop
      vertex -5.108555138626189 -29.930526192220054 5
      vertex -5.1 -29.8 5
      vertex -5.108555138626189 -29.930526192220054 3.4000000000000004
    endloop
  endfacet
  facet normal -1 0 0
    outer loop
      vertex -5.1 -29.8 5
      vertex -5.1 29.8 5
      vertex -5.1 -29.8 3.4000000000000004
    endloop
  endfacet
  facet normal 0 0 1
    outer loop
      vertex -22.1 -30.6 1.6
      vertex -6.6 29 1.6
      vertex -22.1 29 1.6
    endloop
  endfacet
  facet normal 0 0 1
    outer loop
      vertex -23.6 29.8 1.6
      vertex -23.523879532511287 30.182683432365092 1.6
      vertex -23.59144486137381 29.930526192220054 1.6
    endloop
  endfacet
  facet normal 0 0 1
    outer loop
      vertex -23.59144486137381 29.930526192220054 1.6
      vertex -23.523879532511287 30.182683432365092 1.6
      vertex -23.565925826289067 30.05881904510252 1.6
    endloop
  endfacet
  facet normal 0 0 1
    outer loop
      vertex -23.6 29.8 1.6
      vertex -23.307106781186548 30.507106781186547 1.6
      vertex -23.523879532511287 30.182683432365092 1.6
    endloop
  endfacet
  facet normal 0 0 1
    outer loop
      vertex -23.523879532511287 30.182683432365092 1.6
      vertex -23.307106781186548 30.507106781186547 1.6
      vertex -23.46602540378444 30.3 1.6
    endloop
  endfacet
  facet normal 0 0 1
    outer loop
      vertex -23.46602540378444 30.3 1.6
      vertex -23.307106781186548 30.507106781186547 1.6
      vertex -23.393353340291235 30.40876142900872 1.6
    endloop
  endfacet
  facet normal 0 0 1
    outer loop
      vertex -23.6 29.8 1.6
      vertex -23.6 29 1.6
      vertex -22.1 29 1.6
    endloop
  endfacet
  facet normal 0 0 1
    outer loop
      vertex -23.6 29.8 1.6
      vertex -22.6 30.8 1.6
      vertex -23.307106781186548 30.507106781186547 1.6
    endloop
  endfacet
  facet normal 0 0 1
    outer loop
      vertex -23.307106781186548 30.507106781186547 1.6
      vertex -23.1 30.666025403784438 1.6
      vertex -23.20876142900872 30.593353340291237 1.6
    endloop
  endfacet
  facet normal 0 0 1
    outer loop
      vertex -23.307106781186548 30.507106781186547 1.6
      vertex -22.98268343236509 30.723879532511287 1.6
      vertex -23.1 30.666025403784438 1.6
    endloop
  endfacet
  facet normal 0 0 1
    outer loop
      vertex -23.307106781186548 30.507106781186547 1.6
      vertex -22.6 30.8 1.6
      vertex -22.98268343236509 30.723879532511287 1.6
    endloop
  endfacet
  facet normal 0 0 1
    outer loop
      vertex -23.6 29.8 1.6
      vertex -22.1 29 1.6
      vertex -22.6 30.8 1.6
    endloop
  endfacet
  facet normal 0 0 1
    outer loop
      vertex -22.98268343236509 30.723879532511287 1.6
      vertex -22.6 30.8 1.6
      vertex -22.85881904510252 30.76592582628907 1.6
    endloop
  endfacet
  facet normal 0 0 1
    outer loop
      vertex -22.85881904510252 30.76592582628907 1.6
      vertex -22.6 30.8 1.6
      vertex -22.73052619222005 30.79144486137381 1.6
    endloop
  endfacet
  facet normal 0 0 1
    outer loop
      vertex -22.6 30.8 1.6
      vertex -22.1 29 1.6
      vertex -6.6 29 1.6
    endloop
  endfacet
  facet normal 1 0 0
    outer loop
      vertex -23.6 29.8 1.6
      vertex -23.6 29 3.4000000000000004
      vertex -23.6 29 1.6
    endloop
  endfacet
  facet normal 0.997858923238602 -0.06540312923016545 0
    outer loop
      vertex -23.6 29.8 1.6
      vertex -23.59144486137381 29.930526192220054 1.6
      vertex -23.6 29.8 5
    endloop
  endfacet
  facet normal 0.980785280403231 -0.19509032201612625 0
    outer loop
      vertex -23.59144486137381 29.930526192220054 1.6
      vertex -23.565925826289067 30.05881904510252 1.6
      vertex -23.59144486137381 29.930526192220054 5
    endloop
  endfacet
  facet normal 0.9469301294951115 -0.3214394653031446 0
    outer loop
      vertex -23.565925826289067 30.05881904510252 1.6
      vertex -23.523879532511287 30.182683432365092 1.6
      vertex -23.565925826289067 30.05881904510252 5
    endloop
  endfacet
  facet normal 0.8968727415326845 -0.44228869021900913 0
    outer loop
      vertex -23.523879532511287 30.182683432365092 1.6
      vertex -23.46602540378444 30.3 1.6
      vertex -23.523879532511287 30.182683432365092 5
    endloop
  endfacet
  facet normal 0.8314696123025397 -0.5555702330196105 0
    outer loop
      vertex -23.46602540378444 30.3 1.6
      vertex -23.393353340291235 30.40876142900872 1.6
      vertex -23.46602540378444 30.3 5
    endloop
  endfacet
  facet normal 0.7518398074789787 -0.6593458151000674 0
    outer loop
      vertex -23.393353340291235 30.40876142900872 1.6
      vertex -23.307106781186548 30.507106781186547 1.6
      vertex -23.393353340291235 30.40876142900872 5
    endloop
  endfacet
  facet normal 0.6593458151000827 -0.7518398074789652 0
    outer loop
      vertex -23.307106781186548 30.507106781186547 1.6
      vertex -23.20876142900872 30.593353340291237 1.6
      vertex -23.307106781186548 30.507106781186547 5
    endloop
  endfacet
  facet normal 0.5555702330195917 -0.8314696123025522 0
    outer loop
      vertex -23.20876142900872 30.593353340291237 1.6
      vertex -23.1 30.666025403784438 1.6
      vertex -23.20876142900872 30.593353340291237 5
    endloop
  endfacet
  facet normal 0.44228869021899836 -0.8968727415326897 0
    outer loop
      vertex -23.1 30.666025403784438 1.6
      vertex -22.98268343236509 30.723879532511287 1.6
      vertex -23.1 30.666025403784438 5
    endloop
  endfacet
  facet normal 0.3214394653031772 -0.9469301294951004 0
    outer loop
      vertex -22.98268343236509 30.723879532511287 1.6
      vertex -22.85881904510252 30.76592582628907 1.6
      vertex -22.98268343236509 30.723879532511287 5
    endloop
  endfacet
  facet normal 0.19509032201612103 -0.980785280403232 0
    outer loop
      vertex -22.85881904510252 30.76592582628907 1.6
      vertex -22.73052619222005 30.79144486137381 1.6
      vertex -22.85881904510252 30.76592582628907 5
    endloop
  endfacet
  facet normal 0.06540312923014019 -0.9978589232386037 0
    outer loop
      vertex -22.73052619222005 30.79144486137381 1.6
      vertex -22.6 30.8 1.6
      vertex -22.73052619222005 30.79144486137381 5
    endloop
  endfacet
  facet normal 1 0 0
    outer loop
      vertex -23.6 29.8 1.6
      vertex -23.6 29.8 5
      vertex -23.6 29 3.4000000000000004
    endloop
  endfacet
  facet normal 0 -1 0
    outer loop
      vertex -22.6 30.8 1.6
      vertex -6.1 30.8 1.6
      vertex -22.6 30.8 5
    endloop
  endfacet
  facet normal 0 -1 0
    outer loop
      vertex -22.6 30.8 5
      vertex -6.1 30.8 1.6
      vertex -18.658360128617364 30.8 4.591639871382635
    endloop
  endfacet
  facet normal 0 0 1
    outer loop
      vertex -22.6 30.8 1.6
      vertex -6.6 29 1.6
      vertex -5.134074173710932 30.05881904510252 1.6
    endloop
  endfacet
  facet normal 0 0 1
    outer loop
      vertex -22.6 30.8 1.6
      vertex -5.134074173710932 30.05881904510252 1.6
      vertex -6.1 30.8 1.6
    endloop
  endfacet
  facet normal 0 0 1
    outer loop
      vertex -6.1 30.8 1.6
      vertex -5.84118095489748 30.76592582628907 1.6
      vertex -5.9694738077799485 30.79144486137381 1.6
    endloop
  endfacet
  facet normal 0 0 1
    outer loop
      vertex -6.1 30.8 1.6
      vertex -5.491238570991278 30.593353340291237 1.6
      vertex -5.84118095489748 30.76592582628907 1.6
    endloop
  endfacet
  facet normal 0 0 1
    outer loop
      vertex -5.84118095489748 30.76592582628907 1.6
      vertex -5.491238570991278 30.593353340291237 1.6
      vertex -5.71731656763491 30.723879532511287 1.6
    endloop
  endfacet
  facet normal 0 0 1
    outer loop
      vertex -5.134074173710932 30.05881904510252 1.6
      vertex -6.6 29 1.6
      vertex -5.1 29 1.6
    endloop
  endfacet
  facet normal 0 0 1
    outer loop
      vertex -5.134074173710932 30.05881904510252 1.6
      vertex -5.1 29 1.6
      vertex -5.1 29.8 1.6
    endloop
  endfacet
  facet normal 0 0 1
    outer loop
      vertex -5.491238570991278 30.593353340291237 1.6
      vertex -5.134074173710932 30.05881904510252 1.6
      vertex -5.23397459621556 30.3 1.6
    endloop
  endfacet
  facet normal 0 0 1
    outer loop
      vertex -6.1 30.8 1.6
      vertex -5.134074173710932 30.05881904510252 1.6
      vertex -5.491238570991278 30.593353340291237 1.6
    endloop
  endfacet
  facet normal 0 0 1
    outer loop
      vertex -5.71731656763491 30.723879532511287 1.6
      vertex -5.491238570991278 30.593353340291237 1.6
      vertex -5.6 30.666025403784438 1.6
    endloop
  endfacet
  facet normal 0 0 1
    outer loop
      vertex -5.491238570991278 30.593353340291237 1.6
      vertex -5.23397459621556 30.3 1.6
      vertex -5.392893218813452 30.507106781186547 1.6
    endloop
  endfacet
  facet normal 0 0 1
    outer loop
      vertex -5.392893218813452 30.507106781186547 1.6
      vertex -5.23397459621556 30.3 1.6
      vertex -5.306646659708765 30.40876142900872 1.6
    endloop
  endfacet
  facet normal 0 0 1
    outer loop
      vertex -5.134074173710932 30.05881904510252 1.6
      vertex -5.1 29.8 1.6
      vertex -5.108555138626189 29.930526192220054 1.6
    endloop
  endfacet
  facet normal 0 0 1
    outer loop
      vertex -5.23397459621556 30.3 1.6
      vertex -5.134074173710932 30.05881904510252 1.6
      vertex -5.176120467488714 30.182683432365092 1.6
    endloop
  endfacet
  facet normal 0 -1 0
    outer loop
      vertex -18.658360128617364 30.8 4.591639871382635
      vertex -6.1 30.8 1.6
      vertex -10.041639871382635 30.8 4.591639871382635
    endloop
  endfacet
  facet normal 0 -1 0
    outer loop
      vertex -6.1 30.8 1.6
      vertex -6.1 30.8 5
      vertex -10.041639871382635 30.8 4.591639871382635
    endloop
  endfacet
  facet normal -1 0 0
    outer loop
      vertex -5.1 29.8 1.6
      vertex -5.1 29 1.6
      vertex -5.1 29 3.4000000000000004
    endloop
  endfacet
  facet normal -0.0654031292301393 -0.9978589232386037 0
    outer loop
      vertex -6.1 30.8 1.6
      vertex -5.9694738077799485 30.79144486137381 1.6
      vertex -6.1 30.8 5
    endloop
  endfacet
  facet normal -0.1950903220161236 -0.9807852804032313 0
    outer loop
      vertex -5.9694738077799485 30.79144486137381 1.6
      vertex -5.84118095489748 30.76592582628907 1.6
      vertex -5.9694738077799485 30.79144486137381 5
    endloop
  endfacet
  facet normal -0.3214394653031731 -0.9469301294951018 0
    outer loop
      vertex -5.84118095489748 30.76592582628907 1.6
      vertex -5.71731656763491 30.723879532511287 1.6
      vertex -5.84118095489748 30.76592582628907 5
    endloop
  endfacet
  facet normal -0.44228869021900374 -0.8968727415326871 0
    outer loop
      vertex -5.71731656763491 30.723879532511287 1.6
      vertex -5.6 30.666025403784438 1.6
      vertex -5.71731656763491 30.723879532511287 5
    endloop
  endfacet
  facet normal -0.6593458151000827 -0.7518398074789652 0
    outer loop
      vertex -5.491238570991278 30.593353340291237 1.6
      vertex -5.392893218813452 30.507106781186547 1.6
      vertex -5.491238570991278 30.593353340291237 5
    endloop
  endfacet
  facet normal -0.5555702330195855 -0.8314696123025564 0
    outer loop
      vertex -5.6 30.666025403784438 1.6
      vertex -5.491238570991278 30.593353340291237 1.6
      vertex -5.6 30.666025403784438 5
    endloop
  endfacet
  facet normal -0.7518398074789787 -0.6593458151000674 0
    outer loop
      vertex -5.392893218813452 30.507106781186547 1.6
      vertex -5.306646659708765 30.40876142900872 1.6
      vertex -5.392893218813452 30.507106781186547 5
    endloop
  endfacet
  facet normal -0.8314696123025397 -0.5555702330196105 0
    outer loop
      vertex -5.306646659708765 30.40876142900872 1.6
      vertex -5.23397459621556 30.3 1.6
      vertex -5.306646659708765 30.40876142900872 5
    endloop
  endfacet
  facet normal -0.9807852804032282 -0.19509032201613927 0
    outer loop
      vertex -5.134074173710932 30.05881904510252 1.6
      vertex -5.108555138626189 29.930526192220054 1.6
      vertex -5.134074173710932 30.05881904510252 5
    endloop
  endfacet
  facet normal -0.9978589232386038 -0.0654031292301384 0
    outer loop
      vertex -5.1 29.8 1.6
      vertex -5.108555138626189 29.930526192220054 5
      vertex -5.108555138626189 29.930526192220054 1.6
    endloop
  endfacet
  facet normal -0.9469301294951074 -0.3214394653031567 0
    outer loop
      vertex -5.134074173710932 30.05881904510252 1.6
      vertex -5.176120467488714 30.182683432365092 5
      vertex -5.176120467488714 30.182683432365092 1.6
    endloop
  endfacet
  facet normal -0.8968727415326898 -0.4422886902189982 0
    outer loop
      vertex -5.23397459621556 30.3 1.6
      vertex -5.176120467488714 30.182683432365092 1.6
      vertex -5.23397459621556 30.3 5
    endloop
  endfacet
  facet normal -1 0 0
    outer loop
      vertex -5.1 29.8 1.6
      vertex -5.1 29 3.4000000000000004
      vertex -5.1 29.8 5
    endloop
  endfacet
  facet normal 1 0 0
    outer loop
      vertex -23.6 -29.8 5
      vertex -23.6 29 3.4000000000000004
      vertex -23.6 29.8 5
    endloop
  endfacet
  facet normal 0.997858923238602 -0.06540312923016545 0
    outer loop
      vertex -23.59144486137381 29.930526192220054 1.6
      vertex -23.59144486137381 29.930526192220054 5
      vertex -23.6 29.8 5
    endloop
  endfacet
  facet normal 0.980785280403231 -0.19509032201612625 0
    outer loop
      vertex -23.565925826289067 30.05881904510252 1.6
      vertex -23.565925826289067 30.05881904510252 5
      vertex -23.59144486137381 29.930526192220054 5
    endloop
  endfacet
  facet normal 0.9469301294951115 -0.3214394653031446 0
    outer loop
      vertex -23.523879532511287 30.182683432365092 1.6
      vertex -23.523879532511287 30.182683432365092 5
      vertex -23.565925826289067 30.05881904510252 5
    endloop
  endfacet
  facet normal 0.8968727415326845 -0.44228869021900913 0
    outer loop
      vertex -23.46602540378444 30.3 1.6
      vertex -23.46602540378444 30.3 5
      vertex -23.523879532511287 30.182683432365092 5
    endloop
  endfacet
  facet normal 0.8314696123025397 -0.5555702330196105 0
    outer loop
      vertex -23.393353340291235 30.40876142900872 1.6
      vertex -23.393353340291235 30.40876142900872 5
      vertex -23.46602540378444 30.3 5
    endloop
  endfacet
  facet normal 0.7518398074789787 -0.6593458151000674 0
    outer loop
      vertex -23.307106781186548 30.507106781186547 1.6
      vertex -23.307106781186548 30.507106781186547 5
      vertex -23.393353340291235 30.40876142900872 5
    endloop
  endfacet
  facet normal 0.6593458151000827 -0.7518398074789652 0
    outer loop
      vertex -23.20876142900872 30.593353340291237 1.6
      vertex -23.20876142900872 30.593353340291237 5
      vertex -23.307106781186548 30.507106781186547 5
    endloop
  endfacet
  facet normal 0.5555702330195917 -0.8314696123025522 0
    outer loop
      vertex -23.1 30.666025403784438 1.6
      vertex -23.1 30.666025403784438 5
      vertex -23.20876142900872 30.593353340291237 5
    endloop
  endfacet
  facet normal 0.44228869021899836 -0.8968727415326897 0
    outer loop
      vertex -22.98268343236509 30.723879532511287 1.6
      vertex -22.98268343236509 30.723879532511287 5
      vertex -23.1 30.666025403784438 5
    endloop
  endfacet
  facet normal 0.3214394653031772 -0.9469301294951004 0
    outer loop
      vertex -22.85881904510252 30.76592582628907 1.6
      vertex -22.85881904510252 30.76592582628907 5
      vertex -22.98268343236509 30.723879532511287 5
    endloop
  endfacet
  facet normal 0.19509032201612103 -0.980785280403232 0
    outer loop
      vertex -22.73052619222005 30.79144486137381 1.6
      vertex -22.73052619222005 30.79144486137381 5
      vertex -22.85881904510252 30.76592582628907 5
    endloop
  endfacet
  facet normal 0.06540312923014019 -0.9978589232386037 0
    outer loop
      vertex -22.6 30.8 1.6
      vertex -22.6 30.8 5
      vertex -22.73052619222005 30.79144486137381 5
    endloop
  endfacet
  facet normal 0 -1 0
    outer loop
      vertex -22.6 30.8 5
      vertex -18.658360128617364 30.8 4.591639871382635
      vertex -18.658360128617364 30.8 5
    endloop
  endfacet
  facet normal -1 0 0
    outer loop
      vertex -5.1 29.8 5
      vertex -5.1 29 3.4000000000000004
      vertex -5.1 -29.8 3.4000000000000004
    endloop
  endfacet
  facet normal 0 -1 0
    outer loop
      vertex -10.041639871382635 30.8 4.591639871382635
      vertex -6.1 30.8 5
      vertex -10.041639871382635 30.8 5
    endloop
  endfacet
  facet normal -0.0654031292301393 -0.9978589232386037 0
    outer loop
      vertex -5.9694738077799485 30.79144486137381 1.6
      vertex -5.9694738077799485 30.79144486137381 5
      vertex -6.1 30.8 5
    endloop
  endfacet
  facet normal -0.1950903220161236 -0.9807852804032313 0
    outer loop
      vertex -5.84118095489748 30.76592582628907 1.6
      vertex -5.84118095489748 30.76592582628907 5
      vertex -5.9694738077799485 30.79144486137381 5
    endloop
  endfacet
  facet normal -0.3214394653031731 -0.9469301294951018 0
    outer loop
      vertex -5.71731656763491 30.723879532511287 1.6
      vertex -5.71731656763491 30.723879532511287 5
      vertex -5.84118095489748 30.76592582628907 5
    endloop
  endfacet
  facet normal -0.44228869021900374 -0.8968727415326871 0
    outer loop
      vertex -5.6 30.666025403784438 1.6
      vertex -5.6 30.666025403784438 5
      vertex -5.71731656763491 30.723879532511287 5
    endloop
  endfacet
  facet normal -0.6593458151000827 -0.7518398074789652 0
    outer loop
      vertex -5.392893218813452 30.507106781186547 1.6
      vertex -5.392893218813452 30.507106781186547 5
      vertex -5.491238570991278 30.593353340291237 5
    endloop
  endfacet
  facet normal -0.5555702330195855 -0.8314696123025564 0
    outer loop
      vertex -5.491238570991278 30.593353340291237 1.6
      vertex -5.491238570991278 30.593353340291237 5
      vertex -5.6 30.666025403784438 5
    endloop
  endfacet
  facet normal -0.7518398074789787 -0.6593458151000674 0
    outer loop
      vertex -5.306646659708765 30.40876142900872 1.6
      vertex -5.306646659708765 30.40876142900872 5
      vertex -5.392893218813452 30.507106781186547 5
    endloop
  endfacet
  facet normal -0.8314696123025397 -0.5555702330196105 0
    outer loop
      vertex -5.23397459621556 30.3 1.6
      vertex -5.23397459621556 30.3 5
      vertex -5.306646659708765 30.40876142900872 5
    endloop
  endfacet
  facet normal -0.9978589232386038 -0.0654031292301384 0
    outer loop
      vertex -5.1 29.8 1.6
      vertex -5.1 29.8 5
      vertex -5.108555138626189 29.930526192220054 5
    endloop
  endfacet
  facet normal -0.9807852804032282 -0.19509032201613927 0
    outer loop
      vertex -5.108555138626189 29.930526192220054 1.6
      vertex -5.108555138626189 29.930526192220054 5
      vertex -5.134074173710932 30.05881904510252 5
    endloop
  endfacet
  facet normal -0.9469301294951074 -0.3214394653031567 0
    outer loop
      vertex -5.134074173710932 30.05881904510252 1.6
      vertex -5.134074173710932 30.05881904510252 5
      vertex -5.176120467488714 30.182683432365092 5
    endloop
  endfacet
  facet normal -0.8968727415326898 -0.4422886902189982 0
    outer loop
      vertex -5.176120467488714 30.182683432365092 1.6
      vertex -5.176120467488714 30.182683432365092 5
      vertex -5.23397459621556 30.3 5
    endloop
  endfacet
  facet normal 0.8968727415326898 0.4422886902189982 0
    outer loop
      vertex 5.176120467488714 -30.182683432365092 1.3900000000000006
      vertex 5.23397459621556 -30.3 1.4000000000000004
      vertex 5.23397459621556 -30.3 1.3900000000000006
    endloop
  endfacet
  facet normal 0.9469301294951072 0.32143946530315676 0
    outer loop
      vertex 5.134074173710932 -30.05881904510252 1.3900000000000006
      vertex 5.176120467488714 -30.182683432365092 1.4000000000000004
      vertex 5.176120467488714 -30.182683432365092 1.3900000000000006
    endloop
  endfacet
  facet normal 0 0 1
    outer loop
      vertex 5.134074173710932 -30.05881904510252 1.3900000000000006
      vertex 5.176120467488714 -30.182683432365092 1.3900000000000006
      vertex 5.23397459621556 -30.3 1.3900000000000006
    endloop
  endfacet
  facet normal 0.8968727415326898 0.4422886902189982 0
    outer loop
      vertex 5.176120467488714 -30.182683432365092 1.4000000000000004
      vertex 5.23397459621556 -30.3 1.4000000000000004
      vertex 5.176120467488714 -30.182683432365092 1.3900000000000006
    endloop
  endfacet
  facet normal 0.9469301294951072 0.32143946530315676 0
    outer loop
      vertex 5.134074173710932 -30.05881904510252 1.4000000000000004
      vertex 5.176120467488714 -30.182683432365092 1.4000000000000004
      vertex 5.134074173710932 -30.05881904510252 1.3900000000000006
    endloop
  endfacet
  facet normal 0.9978589232386037 0.06540312923013841 0
    outer loop
      vertex 5.1 -29.8 1.3900000000000006
      vertex 5.108555138626189 -29.930526192220054 1.4000000000000004
      vertex 5.108555138626189 -29.930526192220054 1.3900000000000006
    endloop
  endfacet
  facet normal 0 0 1
    outer loop
      vertex 5.1 -29.8 1.3900000000000006
      vertex 5.108555138626189 -29.930526192220054 1.3900000000000006
      vertex 5.134074173710932 -30.05881904510252 1.3900000000000006
    endloop
  endfacet
  facet normal 0.9807852804032282 0.19509032201613927 0
    outer loop
      vertex 5.108555138626189 -29.930526192220054 1.3900000000000006
      vertex 5.134074173710932 -30.05881904510252 1.4000000000000004
      vertex 5.134074173710932 -30.05881904510252 1.3900000000000006
    endloop
  endfacet
  facet normal 0.9807852804032282 0.19509032201613927 0
    outer loop
      vertex 5.108555138626189 -29.930526192220054 1.4000000000000004
      vertex 5.134074173710932 -30.05881904510252 1.4000000000000004
      vertex 5.108555138626189 -29.930526192220054 1.3900000000000006
    endloop
  endfacet
  facet normal 0.9978589232386037 0.06540312923013841 0
    outer loop
      vertex 5.1 -29.8 1.4000000000000004
      vertex 5.108555138626189 -29.930526192220054 1.4000000000000004
      vertex 5.1 -29.8 1.3900000000000006
    endloop
  endfacet
  facet normal 0.8314696123025397 0.5555702330196105 0
    outer loop
      vertex 5.23397459621556 -30.3 1.3900000000000006
      vertex 5.306646659708765 -30.40876142900872 1.4000000000000004
      vertex 5.306646659708765 -30.40876142900872 1.3900000000000006
    endloop
  endfacet
  facet normal 0.7518398074789787 0.6593458151000673 0
    outer loop
      vertex 5.306646659708765 -30.40876142900872 1.3900000000000006
      vertex 5.392893218813452 -30.507106781186547 1.4000000000000004
      vertex 5.392893218813452 -30.507106781186547 1.3900000000000006
    endloop
  endfacet
  facet normal 0 0 1
    outer loop
      vertex 5.306646659708765 -30.40876142900872 1.3900000000000006
      vertex 5.392893218813452 -30.507106781186547 1.3900000000000006
      vertex 5.491238570991278 -30.593353340291237 1.3900000000000006
    endloop
  endfacet
  facet normal 0 0 1
    outer loop
      vertex 5.23397459621556 -30.3 1.3900000000000006
      vertex 5.306646659708765 -30.40876142900872 1.3900000000000006
      vertex 5.491238570991278 -30.593353340291237 1.3900000000000006
    endloop
  endfacet
  facet normal 0.8314696123025397 0.5555702330196105 0
    outer loop
      vertex 5.23397459621556 -30.3 1.4000000000000004
      vertex 5.306646659708765 -30.40876142900872 1.4000000000000004
      vertex 5.23397459621556 -30.3 1.3900000000000006
    endloop
  endfacet
  facet normal 0.7518398074789787 0.6593458151000673 0
    outer loop
      vertex 5.306646659708765 -30.40876142900872 1.4000000000000004
      vertex 5.392893218813452 -30.507106781186547 1.4000000000000004
      vertex 5.306646659708765 -30.40876142900872 1.3900000000000006
    endloop
  endfacet
  facet normal 0.5555702330195855 0.8314696123025563 0
    outer loop
      vertex 5.491238570991278 -30.593353340291237 1.3900000000000006
      vertex 5.6 -30.666025403784438 1.4000000000000004
      vertex 5.6 -30.666025403784438 1.3900000000000006
    endloop
  endfacet
  facet normal 0 0 1
    outer loop
      vertex 5.491238570991278 -30.593353340291237 1.3900000000000006
      vertex 5.6 -30.666025403784438 1.3900000000000006
      vertex 5.71731656763491 -30.723879532511287 1.3900000000000006
    endloop
  endfacet
  facet normal 0.5555702330195855 0.8314696123025563 0
    outer loop
      vertex 5.491238570991278 -30.593353340291237 1.4000000000000004
      vertex 5.6 -30.666025403784438 1.4000000000000004
      vertex 5.491238570991278 -30.593353340291237 1.3900000000000006
    endloop
  endfacet
  facet normal 0.6593458151000827 0.7518398074789653 0
    outer loop
      vertex 5.392893218813452 -30.507106781186547 1.3900000000000006
      vertex 5.491238570991278 -30.593353340291237 1.4000000000000004
      vertex 5.491238570991278 -30.593353340291237 1.3900000000000006
    endloop
  endfacet
  facet normal 0 0 1
    outer loop
      vertex 5.134074173710932 -30.05881904510252 1.3900000000000006
      vertex 5.491238570991278 -30.593353340291237 1.3900000000000006
      vertex 6.1 -30.8 1.3900000000000006
    endloop
  endfacet
  facet normal 0.6593458151000827 0.7518398074789653 0
    outer loop
      vertex 5.392893218813452 -30.507106781186547 1.4000000000000004
      vertex 5.491238570991278 -30.593353340291237 1.4000000000000004
      vertex 5.392893218813452 -30.507106781186547 1.3900000000000006
    endloop
  endfacet
  facet normal 0 0 1
    outer loop
      vertex 5.134074173710932 -30.05881904510252 1.3900000000000006
      vertex 5.23397459621556 -30.3 1.3900000000000006
      vertex 5.491238570991278 -30.593353340291237 1.3900000000000006
    endloop
  endfacet
  facet normal 0.4422886902190038 0.8968727415326871 0
    outer loop
      vertex 5.6 -30.666025403784438 1.3900000000000006
      vertex 5.71731656763491 -30.723879532511287 1.4000000000000004
      vertex 5.71731656763491 -30.723879532511287 1.3900000000000006
    endloop
  endfacet
  facet normal 0 0 1
    outer loop
      vertex 5.491238570991278 -30.593353340291237 1.3900000000000006
      vertex 5.71731656763491 -30.723879532511287 1.3900000000000006
      vertex 5.84118095489748 -30.76592582628907 1.3900000000000006
    endloop
  endfacet
  facet normal 0.3214394653031731 0.9469301294951018 0
    outer loop
      vertex 5.71731656763491 -30.723879532511287 1.3900000000000006
      vertex 5.84118095489748 -30.76592582628907 1.4000000000000004
      vertex 5.84118095489748 -30.76592582628907 1.3900000000000006
    endloop
  endfacet
  facet normal 0 0 1
    outer loop
      vertex 5.491238570991278 -30.593353340291237 1.3900000000000006
      vertex 5.84118095489748 -30.76592582628907 1.3900000000000006
      vertex 6.1 -30.8 1.3900000000000006
    endloop
  endfacet
  facet normal 0.4422886902190038 0.8968727415326871 0
    outer loop
      vertex 5.6 -30.666025403784438 1.4000000000000004
      vertex 5.71731656763491 -30.723879532511287 1.4000000000000004
      vertex 5.6 -30.666025403784438 1.3900000000000006
    endloop
  endfacet
  facet normal 0.3214394653031731 0.9469301294951018 0
    outer loop
      vertex 5.71731656763491 -30.723879532511287 1.4000000000000004
      vertex 5.84118095489748 -30.76592582628907 1.4000000000000004
      vertex 5.71731656763491 -30.723879532511287 1.3900000000000006
    endloop
  endfacet
  facet normal 0.19509032201612364 0.9807852804032314 0
    outer loop
      vertex 5.84118095489748 -30.76592582628907 1.3900000000000006
      vertex 5.9694738077799485 -30.79144486137381 1.4000000000000004
      vertex 5.9694738077799485 -30.79144486137381 1.3900000000000006
    endloop
  endfacet
  facet normal 0 0 1
    outer loop
      vertex 5.84118095489748 -30.76592582628907 1.3900000000000006
      vertex 5.9694738077799485 -30.79144486137381 1.3900000000000006
      vertex 6.1 -30.8 1.3900000000000006
    endloop
  endfacet
  facet normal 0.19509032201612364 0.9807852804032314 0
    outer loop
      vertex 5.84118095489748 -30.76592582628907 1.4000000000000004
      vertex 5.9694738077799485 -30.79144486137381 1.4000000000000004
      vertex 5.84118095489748 -30.76592582628907 1.3900000000000006
    endloop
  endfacet
  facet normal 0.06540312923013929 0.9978589232386037 0
    outer loop
      vertex 5.9694738077799485 -30.79144486137381 1.4000000000000004
      vertex 6.1 -30.8 1.4000000000000004
      vertex 5.9694738077799485 -30.79144486137381 1.3900000000000006
    endloop
  endfacet
  facet normal 0.06540312923013929 0.9978589232386037 0
    outer loop
      vertex 5.9694738077799485 -30.79144486137381 1.3900000000000006
      vertex 6.1 -30.8 1.4000000000000004
      vertex 6.1 -30.8 1.3900000000000006
    endloop
  endfacet
  facet normal 0 0 1
    outer loop
      vertex 5.134074173710932 -30.05881904510252 1.3900000000000006
      vertex 6.75 -27.7 1.3900000000000006
      vertex 5.35 -27.7 1.3900000000000006
    endloop
  endfacet
  facet normal 0 1 0
    outer loop
      vertex 6.1 -30.8 1.4000000000000004
      vertex 22.6 -30.8 1.4000000000000004
      vertex 6.1 -30.8 1.3900000000000006
    endloop
  endfacet
  facet normal 0 0 1
    outer loop
      vertex 5.134074173710932 -30.05881904510252 1.3900000000000006
      vertex 6.1 -30.8 1.3900000000000006
      vertex 23.565925826289067 -30.05881904510252 1.3900000000000006
    endloop
  endfacet
  facet normal 0 0 1
    outer loop
      vertex 5.134074173710932 -30.05881904510252 1.3900000000000006
      vertex 21.95 -27.7 1.3900000000000006
      vertex 6.75 -27.7 1.3900000000000006
    endloop
  endfacet
  facet normal 0 0 1
    outer loop
      vertex 21.95 -23.7 1.3900000000000006
      vertex 6.75 -23.7 1.3900000000000006
      vertex 6.75 -27.7 1.3900000000000006
    endloop
  endfacet
  facet normal 1 0 0
    outer loop
      vertex 5.1 29.8 1.3900000000000006
      vertex 5.1 -29.8 1.4000000000000004
      vertex 5.1 -29.8 1.3900000000000006
    endloop
  endfacet
  facet normal 0 0 1
    outer loop
      vertex 5.134074173710932 30.05881904510252 1.3900000000000006
      vertex 5.1 -29.8 1.3900000000000006
      vertex 5.134074173710932 -30.05881904510252 1.3900000000000006
    endloop
  endfacet
  facet normal 0 0 1
    outer loop
      vertex 5.134074173710932 30.05881904510252 1.3900000000000006
      vertex 5.134074173710932 -30.05881904510252 1.3900000000000006
      vertex 5.35 -27.7 1.3900000000000006
    endloop
  endfacet
  facet normal 0 0 1
    outer loop
      vertex 5.134074173710932 30.05881904510252 1.3900000000000006
      vertex 5.35 -27.7 1.3900000000000006
      vertex 5.35 -23.7 1.3900000000000006
    endloop
  endfacet
  facet normal 0 0 1
    outer loop
      vertex 5.134074173710932 30.05881904510252 1.3900000000000006
      vertex 5.35 -23.7 1.3900000000000006
      vertex 6.75 -23.7 1.3900000000000006
    endloop
  endfacet
  facet normal 0 0 1
    outer loop
      vertex 21.95 -23.7 1.3900000000000006
      vertex 5.35 25.3 1.3900000000000006
      vertex 6.75 -23.7 1.3900000000000006
    endloop
  endfacet
  facet normal 0 1 0
    outer loop
      vertex 6.1 -30.8 1.3900000000000006
      vertex 22.6 -30.8 1.4000000000000004
      vertex 22.6 -30.8 1.3900000000000006
    endloop
  endfacet
  facet normal 0 0 1
    outer loop
      vertex 6.1 -30.8 1.3900000000000006
      vertex 22.6 -30.8 1.3900000000000006
      vertex 23.565925826289067 -30.05881904510252 1.3900000000000006
    endloop
  endfacet
  facet normal 0 0 1
    outer loop
      vertex 5.134074173710932 -30.05881904510252 1.3900000000000006
      vertex 23.565925826289067 -30.05881904510252 1.3900000000000006
      vertex 21.95 -27.7 1.3900000000000006
    endloop
  endfacet
  facet normal 0 0 1
    outer loop
      vertex 6.75 -27.7 1.3900000000000006
      vertex 21.95 -27.7 1.3900000000000006
      vertex 21.95 -23.7 1.3900000000000006
    endloop
  endfacet
  facet normal -0.06540312923014018 0.9978589232386037 0
    outer loop
      vertex 22.6 -30.8 1.3900000000000006
      vertex 22.73052619222005 -30.79144486137381 1.4000000000000004
      vertex 22.73052619222005 -30.79144486137381 1.3900000000000006
    endloop
  endfacet
  facet normal -0.06540312923014018 0.9978589232386037 0
    outer loop
      vertex 22.6 -30.8 1.4000000000000004
      vertex 22.73052619222005 -30.79144486137381 1.4000000000000004
      vertex 22.6 -30.8 1.3900000000000006
    endloop
  endfacet
  facet normal 0 0 1
    outer loop
      vertex 22.6 -30.8 1.3900000000000006
      vertex 22.73052619222005 -30.79144486137381 1.3900000000000006
      vertex 22.85881904510252 -30.76592582628907 1.3900000000000006
    endloop
  endfacet
  facet normal -0.19509032201612103 0.9807852804032319 0
    outer loop
      vertex 22.73052619222005 -30.79144486137381 1.3900000000000006
      vertex 22.85881904510252 -30.76592582628907 1.4000000000000004
      vertex 22.85881904510252 -30.76592582628907 1.3900000000000006
    endloop
  endfacet
  facet normal -0.19509032201612103 0.9807852804032319 0
    outer loop
      vertex 22.73052619222005 -30.79144486137381 1.4000000000000004
      vertex 22.85881904510252 -30.76592582628907 1.4000000000000004
      vertex 22.73052619222005 -30.79144486137381 1.3900000000000006
    endloop
  endfacet
  facet normal 0 0 1
    outer loop
      vertex 22.6 -30.8 1.3900000000000006
      vertex 22.85881904510252 -30.76592582628907 1.3900000000000006
      vertex 23.20876142900872 -30.593353340291237 1.3900000000000006
    endloop
  endfacet
  facet normal -0.3214394653031772 0.9469301294951004 0
    outer loop
      vertex 22.85881904510252 -30.76592582628907 1.3900000000000006
      vertex 22.98268343236509 -30.723879532511287 1.4000000000000004
      vertex 22.98268343236509 -30.723879532511287 1.3900000000000006
    endloop
  endfacet
  facet normal 0 0 1
    outer loop
      vertex 22.85881904510252 -30.76592582628907 1.3900000000000006
      vertex 22.98268343236509 -30.723879532511287 1.3900000000000006
      vertex 23.20876142900872 -30.593353340291237 1.3900000000000006
    endloop
  endfacet
  facet normal -0.44228869021899836 0.8968727415326897 0
    outer loop
      vertex 22.98268343236509 -30.723879532511287 1.3900000000000006
      vertex 23.1 -30.666025403784438 1.4000000000000004
      vertex 23.1 -30.666025403784438 1.3900000000000006
    endloop
  endfacet
  facet normal -0.3214394653031772 0.9469301294951004 0
    outer loop
      vertex 22.85881904510252 -30.76592582628907 1.4000000000000004
      vertex 22.98268343236509 -30.723879532511287 1.4000000000000004
      vertex 22.85881904510252 -30.76592582628907 1.3900000000000006
    endloop
  endfacet
  facet normal -0.44228869021899836 0.8968727415326897 0
    outer loop
      vertex 22.98268343236509 -30.723879532511287 1.4000000000000004
      vertex 23.1 -30.666025403784438 1.4000000000000004
      vertex 22.98268343236509 -30.723879532511287 1.3900000000000006
    endloop
  endfacet
  facet normal 0 0 1
    outer loop
      vertex 22.98268343236509 -30.723879532511287 1.3900000000000006
      vertex 23.1 -30.666025403784438 1.3900000000000006
      vertex 23.20876142900872 -30.593353340291237 1.3900000000000006
    endloop
  endfacet
  facet normal -0.5555702330195917 0.8314696123025522 0
    outer loop
      vertex 23.1 -30.666025403784438 1.3900000000000006
      vertex 23.20876142900872 -30.593353340291237 1.4000000000000004
      vertex 23.20876142900872 -30.593353340291237 1.3900000000000006
    endloop
  endfacet
  facet normal -0.5555702330195917 0.8314696123025522 0
    outer loop
      vertex 23.1 -30.666025403784438 1.4000000000000004
      vertex 23.20876142900872 -30.593353340291237 1.4000000000000004
      vertex 23.1 -30.666025403784438 1.3900000000000006
    endloop
  endfacet
  facet normal 0 0 1
    outer loop
      vertex 22.6 -30.8 1.3900000000000006
      vertex 23.20876142900872 -30.593353340291237 1.3900000000000006
      vertex 23.565925826289067 -30.05881904510252 1.3900000000000006
    endloop
  endfacet
  facet normal -0.6593458151000827 0.7518398074789653 0
    outer loop
      vertex 23.20876142900872 -30.593353340291237 1.3900000000000006
      vertex 23.307106781186548 -30.507106781186547 1.4000000000000004
      vertex 23.307106781186548 -30.507106781186547 1.3900000000000006
    endloop
  endfacet
  facet normal -0.6593458151000827 0.7518398074789653 0
    outer loop
      vertex 23.20876142900872 -30.593353340291237 1.4000000000000004
      vertex 23.307106781186548 -30.507106781186547 1.4000000000000004
      vertex 23.20876142900872 -30.593353340291237 1.3900000000000006
    endloop
  endfacet
  facet normal 0 0 1
    outer loop
      vertex 23.20876142900872 -30.593353340291237 1.3900000000000006
      vertex 23.307106781186548 -30.507106781186547 1.3900000000000006
      vertex 23.393353340291235 -30.40876142900872 1.3900000000000006
    endloop
  endfacet
  facet normal -0.7518398074789787 0.6593458151000673 0
    outer loop
      vertex 23.307106781186548 -30.507106781186547 1.3900000000000006
      vertex 23.393353340291235 -30.40876142900872 1.4000000000000004
      vertex 23.393353340291235 -30.40876142900872 1.3900000000000006
    endloop
  endfacet
  facet normal 0 0 1
    outer loop
      vertex 23.20876142900872 -30.593353340291237 1.3900000000000006
      vertex 23.393353340291235 -30.40876142900872 1.3900000000000006
      vertex 23.565925826289067 -30.05881904510252 1.3900000000000006
    endloop
  endfacet
  facet normal -0.8314696123025397 0.5555702330196105 0
    outer loop
      vertex 23.393353340291235 -30.40876142900872 1.3900000000000006
      vertex 23.46602540378444 -30.3 1.4000000000000004
      vertex 23.46602540378444 -30.3 1.3900000000000006
    endloop
  endfacet
  facet normal -0.7518398074789787 0.6593458151000673 0
    outer loop
      vertex 23.307106781186548 -30.507106781186547 1.4000000000000004
      vertex 23.393353340291235 -30.40876142900872 1.4000000000000004
      vertex 23.307106781186548 -30.507106781186547 1.3900000000000006
    endloop
  endfacet
  facet normal -0.8314696123025397 0.5555702330196105 0
    outer loop
      vertex 23.393353340291235 -30.40876142900872 1.4000000000000004
      vertex 23.46602540378444 -30.3 1.4000000000000004
      vertex 23.393353340291235 -30.40876142900872 1.3900000000000006
    endloop
  endfacet
  facet normal 0 0 1
    outer loop
      vertex 23.393353340291235 -30.40876142900872 1.3900000000000006
      vertex 23.46602540378444 -30.3 1.3900000000000006
      vertex 23.523879532511287 -30.182683432365092 1.3900000000000006
    endloop
  endfacet
  facet normal -0.8968727415326844 0.44228869021900913 0
    outer loop
      vertex 23.46602540378444 -30.3 1.4000000000000004
      vertex 23.523879532511287 -30.182683432365092 1.4000000000000004
      vertex 23.46602540378444 -30.3 1.3900000000000006
    endloop
  endfacet
  facet normal -0.8968727415326844 0.44228869021900913 0
    outer loop
      vertex 23.46602540378444 -30.3 1.3900000000000006
      vertex 23.523879532511287 -30.182683432365092 1.4000000000000004
      vertex 23.523879532511287 -30.182683432365092 1.3900000000000006
    endloop
  endfacet
  facet normal 0 0 1
    outer loop
      vertex 23.393353340291235 -30.40876142900872 1.3900000000000006
      vertex 23.523879532511287 -30.182683432365092 1.3900000000000006
      vertex 23.565925826289067 -30.05881904510252 1.3900000000000006
    endloop
  endfacet
  facet normal -0.9469301294951115 0.3214394653031446 0
    outer loop
      vertex 23.565925826289067 -30.05881904510252 1.4000000000000004
      vertex 23.565925826289067 -30.05881904510252 1.3900000000000006
      vertex 23.523879532511287 -30.182683432365092 1.3900000000000006
    endloop
  endfacet
  facet normal -0.9469301294951115 0.3214394653031446 0
    outer loop
      vertex 23.565925826289067 -30.05881904510252 1.4000000000000004
      vertex 23.523879532511287 -30.182683432365092 1.3900000000000006
      vertex 23.523879532511287 -30.182683432365092 1.4000000000000004
    endloop
  endfacet
  facet normal -0.9807852804032309 0.19509032201612622 0
    outer loop
      vertex 23.565925826289067 -30.05881904510252 1.3900000000000006
      vertex 23.59144486137381 -29.930526192220054 1.4000000000000004
      vertex 23.59144486137381 -29.930526192220054 1.3900000000000006
    endloop
  endfacet
  facet normal 0 0 1
    outer loop
      vertex 23.565925826289067 -30.05881904510252 1.3900000000000006
      vertex 23.59144486137381 -29.930526192220054 1.3900000000000006
      vertex 23.6 -29.8 1.3900000000000006
    endloop
  endfacet
  facet normal -0.9978589232386021 0.06540312923016546 0
    outer loop
      vertex 23.6 -29.8 1.4000000000000004
      vertex 23.6 -29.8 1.3900000000000006
      vertex 23.59144486137381 -29.930526192220054 1.3900000000000006
    endloop
  endfacet
  facet normal -0.9807852804032309 0.19509032201612622 0
    outer loop
      vertex 23.565925826289067 -30.05881904510252 1.4000000000000004
      vertex 23.59144486137381 -29.930526192220054 1.4000000000000004
      vertex 23.565925826289067 -30.05881904510252 1.3900000000000006
    endloop
  endfacet
  facet normal -0.9978589232386021 0.06540312923016546 0
    outer loop
      vertex 23.6 -29.8 1.4000000000000004
      vertex 23.59144486137381 -29.930526192220054 1.3900000000000006
      vertex 23.59144486137381 -29.930526192220054 1.4000000000000004
    endloop
  endfacet
  facet normal 0 0 1
    outer loop
      vertex 23.565925826289067 -30.05881904510252 1.3900000000000006
      vertex 23.35 -27.7 1.3900000000000006
      vertex 21.95 -27.7 1.3900000000000006
    endloop
  endfacet
  facet normal 0 0 1
    outer loop
      vertex 23.6 29.8 1.3900000000000006
      vertex 23.565925826289067 -30.05881904510252 1.3900000000000006
      vertex 23.6 -29.8 1.3900000000000006
    endloop
  endfacet
  facet normal -1 0 0
    outer loop
      vertex 23.6 29.8 1.4000000000000004
      vertex 23.6 -29.8 1.3900000000000006
      vertex 23.6 -29.8 1.4000000000000004
    endloop
  endfacet
  facet normal 0 0 1
    outer loop
      vertex 23.565925826289067 30.05881904510252 1.3900000000000006
      vertex 23.35 -27.7 1.3900000000000006
      vertex 23.565925826289067 -30.05881904510252 1.3900000000000006
    endloop
  endfacet
  facet normal 0 0 1
    outer loop
      vertex 20.35 28.623723609340107 1.3900000000000006
      vertex 21.95 -23.7 1.3900000000000006
      vertex 23.35 -23.7 1.3900000000000006
    endloop
  endfacet
  facet normal 0 0 1
    outer loop
      vertex 23.565925826289067 30.05881904510252 1.3900000000000006
      vertex 23.35 -23.7 1.3900000000000006
      vertex 23.35 -27.7 1.3900000000000006
    endloop
  endfacet
  facet normal 0 0 1
    outer loop
      vertex 5.1 29.8 1.3900000000000006
      vertex 5.1 -29.8 1.3900000000000006
      vertex 5.134074173710932 30.05881904510252 1.3900000000000006
    endloop
  endfacet
  facet normal 1 0 0
    outer loop
      vertex 5.1 29.8 1.4000000000000004
      vertex 5.1 -29.8 1.4000000000000004
      vertex 5.1 29.8 1.3900000000000006
    endloop
  endfacet
  facet normal 0 0 1
    outer loop
      vertex 5.134074173710932 30.05881904510252 1.3900000000000006
      vertex 6.75 -23.7 1.3900000000000006
      vertex 5.35 25.3 1.3900000000000006
    endloop
  endfacet
  facet normal 0 0 1
    outer loop
      vertex 5.35 25.3 1.3900000000000006
      vertex 21.95 -23.7 1.3900000000000006
      vertex 6.75 25.3 1.3900000000000006
    endloop
  endfacet
  facet normal 0 0 1
    outer loop
      vertex 8.35 28.623723609340107 1.3900000000000006
      vertex 6.75 25.3 1.3900000000000006
      vertex 21.95 -23.7 1.3900000000000006
    endloop
  endfacet
  facet normal 0 0 1
    outer loop
      vertex 5.134074173710932 30.05881904510252 1.3900000000000006
      vertex 5.35 25.3 1.3900000000000006
      vertex 5.35 29.3 1.3900000000000006
    endloop
  endfacet
  facet normal 0.9978589232386037 -0.06540312923013841 0
    outer loop
      vertex 5.108555138626189 29.930526192220054 1.3900000000000006
      vertex 5.1 29.8 1.4000000000000004
      vertex 5.1 29.8 1.3900000000000006
    endloop
  endfacet
  facet normal 0 0 1
    outer loop
      vertex 5.108555138626189 29.930526192220054 1.3900000000000006
      vertex 5.1 29.8 1.3900000000000006
      vertex 5.134074173710932 30.05881904510252 1.3900000000000006
    endloop
  endfacet
  facet normal 0.9807852804032282 -0.19509032201613927 0
    outer loop
      vertex 5.108555138626189 29.930526192220054 1.4000000000000004
      vertex 5.108555138626189 29.930526192220054 1.3900000000000006
      vertex 5.134074173710932 30.05881904510252 1.3900000000000006
    endloop
  endfacet
  facet normal 0.9978589232386037 -0.06540312923013841 0
    outer loop
      vertex 5.108555138626189 29.930526192220054 1.4000000000000004
      vertex 5.1 29.8 1.4000000000000004
      vertex 5.108555138626189 29.930526192220054 1.3900000000000006
    endloop
  endfacet
  facet normal 0.9807852804032282 -0.19509032201613927 0
    outer loop
      vertex 5.108555138626189 29.930526192220054 1.4000000000000004
      vertex 5.134074173710932 30.05881904510252 1.3900000000000006
      vertex 5.134074173710932 30.05881904510252 1.4000000000000004
    endloop
  endfacet
  facet normal 0.9469301294951072 -0.32143946530315676 0
    outer loop
      vertex 5.176120467488714 30.182683432365092 1.3900000000000006
      vertex 5.134074173710932 30.05881904510252 1.4000000000000004
      vertex 5.134074173710932 30.05881904510252 1.3900000000000006
    endloop
  endfacet
  facet normal 0 0 1
    outer loop
      vertex 5.176120467488714 30.182683432365092 1.3900000000000006
      vertex 5.134074173710932 30.05881904510252 1.3900000000000006
      vertex 5.23397459621556 30.3 1.3900000000000006
    endloop
  endfacet
  facet normal 0.8968727415326898 -0.4422886902189982 0
    outer loop
      vertex 5.176120467488714 30.182683432365092 1.4000000000000004
      vertex 5.176120467488714 30.182683432365092 1.3900000000000006
      vertex 5.23397459621556 30.3 1.3900000000000006
    endloop
  endfacet
  facet normal 0.9469301294951072 -0.32143946530315676 0
    outer loop
      vertex 5.176120467488714 30.182683432365092 1.4000000000000004
      vertex 5.134074173710932 30.05881904510252 1.4000000000000004
      vertex 5.176120467488714 30.182683432365092 1.3900000000000006
    endloop
  endfacet
  facet normal 0.8968727415326898 -0.4422886902189982 0
    outer loop
      vertex 5.176120467488714 30.182683432365092 1.4000000000000004
      vertex 5.23397459621556 30.3 1.3900000000000006
      vertex 5.23397459621556 30.3 1.4000000000000004
    endloop
  endfacet
  facet normal 0 0 1
    outer loop
      vertex 5.134074173710932 30.05881904510252 1.3900000000000006
      vertex 5.491238570991278 30.593353340291237 1.3900000000000006
      vertex 5.23397459621556 30.3 1.3900000000000006
    endloop
  endfacet
  facet normal 0.8314696123025397 -0.5555702330196105 0
    outer loop
      vertex 5.23397459621556 30.3 1.4000000000000004
      vertex 5.23397459621556 30.3 1.3900000000000006
      vertex 5.306646659708765 30.40876142900872 1.3900000000000006
    endloop
  endfacet
  facet normal 0 0 1
    outer loop
      vertex 5.23397459621556 30.3 1.3900000000000006
      vertex 5.392893218813452 30.507106781186547 1.3900000000000006
      vertex 5.306646659708765 30.40876142900872 1.3900000000000006
    endloop
  endfacet
  facet normal 0.7518398074789787 -0.6593458151000673 0
    outer loop
      vertex 5.306646659708765 30.40876142900872 1.4000000000000004
      vertex 5.306646659708765 30.40876142900872 1.3900000000000006
      vertex 5.392893218813452 30.507106781186547 1.3900000000000006
    endloop
  endfacet
  facet normal 0 0 1
    outer loop
      vertex 5.23397459621556 30.3 1.3900000000000006
      vertex 5.491238570991278 30.593353340291237 1.3900000000000006
      vertex 5.392893218813452 30.507106781186547 1.3900000000000006
    endloop
  endfacet
  facet normal 0.8314696123025397 -0.5555702330196105 0
    outer loop
      vertex 5.23397459621556 30.3 1.4000000000000004
      vertex 5.306646659708765 30.40876142900872 1.3900000000000006
      vertex 5.306646659708765 30.40876142900872 1.4000000000000004
    endloop
  endfacet
  facet normal 0.7518398074789787 -0.6593458151000673 0
    outer loop
      vertex 5.306646659708765 30.40876142900872 1.4000000000000004
      vertex 5.392893218813452 30.507106781186547 1.3900000000000006
      vertex 5.392893218813452 30.507106781186547 1.4000000000000004
    endloop
  endfacet
  facet normal 0.6593458151000827 -0.7518398074789653 0
    outer loop
      vertex 5.392893218813452 30.507106781186547 1.4000000000000004
      vertex 5.392893218813452 30.507106781186547 1.3900000000000006
      vertex 5.491238570991278 30.593353340291237 1.3900000000000006
    endloop
  endfacet
  facet normal 0 0 1
    outer loop
      vertex 5.134074173710932 30.05881904510252 1.3900000000000006
      vertex 6.1 30.8 1.3900000000000006
      vertex 5.491238570991278 30.593353340291237 1.3900000000000006
    endloop
  endfacet
  facet normal 0.6593458151000827 -0.7518398074789653 0
    outer loop
      vertex 5.392893218813452 30.507106781186547 1.4000000000000004
      vertex 5.491238570991278 30.593353340291237 1.3900000000000006
      vertex 5.491238570991278 30.593353340291237 1.4000000000000004
    endloop
  endfacet
  facet normal 0.5555702330195855 -0.8314696123025563 0
    outer loop
      vertex 5.491238570991278 30.593353340291237 1.4000000000000004
      vertex 5.491238570991278 30.593353340291237 1.3900000000000006
      vertex 5.6 30.666025403784438 1.3900000000000006
    endloop
  endfacet
  facet normal 0.5555702330195855 -0.8314696123025563 0
    outer loop
      vertex 5.491238570991278 30.593353340291237 1.4000000000000004
      vertex 5.6 30.666025403784438 1.3900000000000006
      vertex 5.6 30.666025403784438 1.4000000000000004
    endloop
  endfacet
  facet normal 0 0 1
    outer loop
      vertex 5.134074173710932 30.05881904510252 1.3900000000000006
      vertex 5.35 29.3 1.3900000000000006
      vertex 6.75 29.3 1.3900000000000006
    endloop
  endfacet
  facet normal 0.4422886902190038 -0.8968727415326871 0
    outer loop
      vertex 5.6 30.666025403784438 1.4000000000000004
      vertex 5.6 30.666025403784438 1.3900000000000006
      vertex 5.71731656763491 30.723879532511287 1.3900000000000006
    endloop
  endfacet
  facet normal 0 0 1
    outer loop
      vertex 5.491238570991278 30.593353340291237 1.3900000000000006
      vertex 5.84118095489748 30.76592582628907 1.3900000000000006
      vertex 5.6 30.666025403784438 1.3900000000000006
    endloop
  endfacet
  facet normal 0 0 1
    outer loop
      vertex 5.6 30.666025403784438 1.3900000000000006
      vertex 5.84118095489748 30.76592582628907 1.3900000000000006
      vertex 5.71731656763491 30.723879532511287 1.3900000000000006
    endloop
  endfacet
  facet normal 0.3214394653031731 -0.9469301294951018 0
    outer loop
      vertex 5.71731656763491 30.723879532511287 1.4000000000000004
      vertex 5.71731656763491 30.723879532511287 1.3900000000000006
      vertex 5.84118095489748 30.76592582628907 1.3900000000000006
    endloop
  endfacet
  facet normal 0 0 1
    outer loop
      vertex 5.491238570991278 30.593353340291237 1.3900000000000006
      vertex 6.1 30.8 1.3900000000000006
      vertex 5.84118095489748 30.76592582628907 1.3900000000000006
    endloop
  endfacet
  facet normal 0.4422886902190038 -0.8968727415326871 0
    outer loop
      vertex 5.6 30.666025403784438 1.4000000000000004
      vertex 5.71731656763491 30.723879532511287 1.3900000000000006
      vertex 5.71731656763491 30.723879532511287 1.4000000000000004
    endloop
  endfacet
  facet normal 0.3214394653031731 -0.9469301294951018 0
    outer loop
      vertex 5.71731656763491 30.723879532511287 1.4000000000000004
      vertex 5.84118095489748 30.76592582628907 1.3900000000000006
      vertex 5.84118095489748 30.76592582628907 1.4000000000000004
    endloop
  endfacet
  facet normal 0.19509032201612364 -0.9807852804032314 0
    outer loop
      vertex 5.84118095489748 30.76592582628907 1.4000000000000004
      vertex 5.84118095489748 30.76592582628907 1.3900000000000006
      vertex 5.9694738077799485 30.79144486137381 1.3900000000000006
    endloop
  endfacet
  facet normal 0 0 1
    outer loop
      vertex 5.84118095489748 30.76592582628907 1.3900000000000006
      vertex 6.1 30.8 1.3900000000000006
      vertex 5.9694738077799485 30.79144486137381 1.3900000000000006
    endloop
  endfacet
  facet normal 0.06540312923013929 -0.9978589232386037 0
    outer loop
      vertex 5.9694738077799485 30.79144486137381 1.4000000000000004
      vertex 5.9694738077799485 30.79144486137381 1.3900000000000006
      vertex 6.1 30.8 1.3900000000000006
    endloop
  endfacet
  facet normal 0.19509032201612364 -0.9807852804032314 0
    outer loop
      vertex 5.84118095489748 30.76592582628907 1.4000000000000004
      vertex 5.9694738077799485 30.79144486137381 1.3900000000000006
      vertex 5.9694738077799485 30.79144486137381 1.4000000000000004
    endloop
  endfacet
  facet normal 0.06540312923013929 -0.9978589232386037 0
    outer loop
      vertex 5.9694738077799485 30.79144486137381 1.4000000000000004
      vertex 6.1 30.8 1.3900000000000006
      vertex 6.1 30.8 1.4000000000000004
    endloop
  endfacet
  facet normal 0 0 1
    outer loop
      vertex 8.35 28.623723609340107 1.3900000000000006
      vertex 6.75 29.3 1.3900000000000006
      vertex 6.75 25.3 1.3900000000000006
    endloop
  endfacet
  facet normal 0 0 1
    outer loop
      vertex 5.134074173710932 30.05881904510252 1.3900000000000006
      vertex 6.75 29.3 1.3900000000000006
      vertex 8.35 28.623723609340107 1.3900000000000006
    endloop
  endfacet
  facet normal 0 0 1
    outer loop
      vertex 5.134074173710932 30.05881904510252 1.3900000000000006
      vertex 8.35 30.8 1.3900000000000006
      vertex 6.1 30.8 1.3900000000000006
    endloop
  endfacet
  facet normal 0 -1 0
    outer loop
      vertex 6.1 30.8 1.4000000000000004
      vertex 6.1 30.8 1.3900000000000006
      vertex 8.35 30.8 1.3900000000000006
    endloop
  endfacet
  facet normal 0 0 1
    outer loop
      vertex 5.134074173710932 30.05881904510252 1.3900000000000006
      vertex 8.35 28.623723609340107 1.3900000000000006
      vertex 8.35 30.8 1.3900000000000006
    endloop
  endfacet
  facet normal 0 -1 0
    outer loop
      vertex 6.1 30.8 1.4000000000000004
      vertex 8.35 30.8 1.3900000000000006
      vertex 8.35 30.8 1.4000000000000004
    endloop
  endfacet
  facet normal 0 0 1
    outer loop
      vertex 8.35 28.623723609340107 1.3900000000000006
      vertex 21.95 -23.7 1.3900000000000006
      vertex 20.35 28.623723609340107 1.3900000000000006
    endloop
  endfacet
  facet normal 0 0 1
    outer loop
      vertex 20.35 28.623723609340107 1.3900000000000006
      vertex 23.35 -23.7 1.3900000000000006
      vertex 21.95 25.3 1.3900000000000006
    endloop
  endfacet
  facet normal 0 0 1
    outer loop
      vertex 23.35 25.3 1.3900000000000006
      vertex 21.95 25.3 1.3900000000000006
      vertex 23.35 -23.7 1.3900000000000006
    endloop
  endfacet
  facet normal 0 0 1
    outer loop
      vertex 23.565925826289067 30.05881904510252 1.3900000000000006
      vertex 23.565925826289067 -30.05881904510252 1.3900000000000006
      vertex 23.6 29.8 1.3900000000000006
    endloop
  endfacet
  facet normal -1 0 0
    outer loop
      vertex 23.6 29.8 1.4000000000000004
      vertex 23.6 29.8 1.3900000000000006
      vertex 23.6 -29.8 1.3900000000000006
    endloop
  endfacet
  facet normal 0 0 1
    outer loop
      vertex 23.565925826289067 30.05881904510252 1.3900000000000006
      vertex 23.35 25.3 1.3900000000000006
      vertex 23.35 -23.7 1.3900000000000006
    endloop
  endfacet
  facet normal 0 0 1
    outer loop
      vertex 20.35 28.623723609340107 1.3900000000000006
      vertex 21.95 25.3 1.3900000000000006
      vertex 21.95 29.3 1.3900000000000006
    endloop
  endfacet
  facet normal 0 0 1
    outer loop
      vertex 20.35 30.8 1.3900000000000006
      vertex 20.35 28.623723609340107 1.3900000000000006
      vertex 22.6 30.8 1.3900000000000006
    endloop
  endfacet
  facet normal 0 -1 0
    outer loop
      vertex 20.35 30.8 1.4000000000000004
      vertex 20.35 30.8 1.3900000000000006
      vertex 22.6 30.8 1.3900000000000006
    endloop
  endfacet
  facet normal 0 0 1
    outer loop
      vertex 20.35 28.623723609340107 1.3900000000000006
      vertex 21.95 29.3 1.3900000000000006
      vertex 23.565925826289067 30.05881904510252 1.3900000000000006
    endloop
  endfacet
  facet normal 0 -1 0
    outer loop
      vertex 20.35 30.8 1.4000000000000004
      vertex 22.6 30.8 1.3900000000000006
      vertex 22.6 30.8 1.4000000000000004
    endloop
  endfacet
  facet normal 0 0 1
    outer loop
      vertex 20.35 28.623723609340107 1.3900000000000006
      vertex 23.565925826289067 30.05881904510252 1.3900000000000006
      vertex 22.6 30.8 1.3900000000000006
    endloop
  endfacet
  facet normal 0 0 1
    outer loop
      vertex 23.565925826289067 30.05881904510252 1.3900000000000006
      vertex 23.35 29.3 1.3900000000000006
      vertex 23.35 25.3 1.3900000000000006
    endloop
  endfacet
  facet normal 0 0 1
    outer loop
      vertex 23.565925826289067 30.05881904510252 1.3900000000000006
      vertex 21.95 29.3 1.3900000000000006
      vertex 23.35 29.3 1.3900000000000006
    endloop
  endfacet
  facet normal -0.06540312923014018 -0.9978589232386037 0
    outer loop
      vertex 22.6 30.8 1.4000000000000004
      vertex 22.6 30.8 1.3900000000000006
      vertex 22.73052619222005 30.79144486137381 1.3900000000000006
    endloop
  endfacet
  facet normal -0.06540312923014018 -0.9978589232386037 0
    outer loop
      vertex 22.6 30.8 1.4000000000000004
      vertex 22.73052619222005 30.79144486137381 1.3900000000000006
      vertex 22.73052619222005 30.79144486137381 1.4000000000000004
    endloop
  endfacet
  facet normal 0 0 1
    outer loop
      vertex 22.6 30.8 1.3900000000000006
      vertex 22.85881904510252 30.76592582628907 1.3900000000000006
      vertex 22.73052619222005 30.79144486137381 1.3900000000000006
    endloop
  endfacet
  facet normal -0.19509032201612103 -0.9807852804032319 0
    outer loop
      vertex 22.73052619222005 30.79144486137381 1.4000000000000004
      vertex 22.73052619222005 30.79144486137381 1.3900000000000006
      vertex 22.85881904510252 30.76592582628907 1.3900000000000006
    endloop
  endfacet
  facet normal -0.19509032201612103 -0.9807852804032319 0
    outer loop
      vertex 22.73052619222005 30.79144486137381 1.4000000000000004
      vertex 22.85881904510252 30.76592582628907 1.3900000000000006
      vertex 22.85881904510252 30.76592582628907 1.4000000000000004
    endloop
  endfacet
  facet normal -0.3214394653031772 -0.9469301294951004 0
    outer loop
      vertex 22.85881904510252 30.76592582628907 1.4000000000000004
      vertex 22.85881904510252 30.76592582628907 1.3900000000000006
      vertex 22.98268343236509 30.723879532511287 1.3900000000000006
    endloop
  endfacet
  facet normal 0 0 1
    outer loop
      vertex 22.6 30.8 1.3900000000000006
      vertex 23.20876142900872 30.593353340291237 1.3900000000000006
      vertex 22.85881904510252 30.76592582628907 1.3900000000000006
    endloop
  endfacet
  facet normal 0 0 1
    outer loop
      vertex 22.85881904510252 30.76592582628907 1.3900000000000006
      vertex 23.20876142900872 30.593353340291237 1.3900000000000006
      vertex 22.98268343236509 30.723879532511287 1.3900000000000006
    endloop
  endfacet
  facet normal -0.44228869021899836 -0.8968727415326897 0
    outer loop
      vertex 22.98268343236509 30.723879532511287 1.4000000000000004
      vertex 22.98268343236509 30.723879532511287 1.3900000000000006
      vertex 23.1 30.666025403784438 1.3900000000000006
    endloop
  endfacet
  facet normal -0.3214394653031772 -0.9469301294951004 0
    outer loop
      vertex 22.85881904510252 30.76592582628907 1.4000000000000004
      vertex 22.98268343236509 30.723879532511287 1.3900000000000006
      vertex 22.98268343236509 30.723879532511287 1.4000000000000004
    endloop
  endfacet
  facet normal -0.44228869021899836 -0.8968727415326897 0
    outer loop
      vertex 22.98268343236509 30.723879532511287 1.4000000000000004
      vertex 23.1 30.666025403784438 1.3900000000000006
      vertex 23.1 30.666025403784438 1.4000000000000004
    endloop
  endfacet
  facet normal 0 0 1
    outer loop
      vertex 22.6 30.8 1.3900000000000006
      vertex 23.565925826289067 30.05881904510252 1.3900000000000006
      vertex 23.20876142900872 30.593353340291237 1.3900000000000006
    endloop
  endfacet
  facet normal -0.6593458151000827 -0.7518398074789653 0
    outer loop
      vertex 23.20876142900872 30.593353340291237 1.4000000000000004
      vertex 23.20876142900872 30.593353340291237 1.3900000000000006
      vertex 23.307106781186548 30.507106781186547 1.3900000000000006
    endloop
  endfacet
  facet normal -0.6593458151000827 -0.7518398074789653 0
    outer loop
      vertex 23.20876142900872 30.593353340291237 1.4000000000000004
      vertex 23.307106781186548 30.507106781186547 1.3900000000000006
      vertex 23.307106781186548 30.507106781186547 1.4000000000000004
    endloop
  endfacet
  facet normal -0.5555702330195917 -0.8314696123025522 0
    outer loop
      vertex 23.1 30.666025403784438 1.4000000000000004
      vertex 23.1 30.666025403784438 1.3900000000000006
      vertex 23.20876142900872 30.593353340291237 1.3900000000000006
    endloop
  endfacet
  facet normal 0 0 1
    outer loop
      vertex 22.98268343236509 30.723879532511287 1.3900000000000006
      vertex 23.20876142900872 30.593353340291237 1.3900000000000006
      vertex 23.1 30.666025403784438 1.3900000000000006
    endloop
  endfacet
  facet normal -0.5555702330195917 -0.8314696123025522 0
    outer loop
      vertex 23.1 30.666025403784438 1.4000000000000004
      vertex 23.20876142900872 30.593353340291237 1.3900000000000006
      vertex 23.20876142900872 30.593353340291237 1.4000000000000004
    endloop
  endfacet
  facet normal -0.8968727415326844 -0.44228869021900913 0
    outer loop
      vertex 23.46602540378444 30.3 1.4000000000000004
      vertex 23.46602540378444 30.3 1.3900000000000006
      vertex 23.523879532511287 30.182683432365092 1.3900000000000006
    endloop
  endfacet
  facet normal 0 0 1
    outer loop
      vertex 23.393353340291235 30.40876142900872 1.3900000000000006
      vertex 23.523879532511287 30.182683432365092 1.3900000000000006
      vertex 23.46602540378444 30.3 1.3900000000000006
    endloop
  endfacet
  facet normal 0 0 1
    outer loop
      vertex 23.565925826289067 30.05881904510252 1.3900000000000006
      vertex 23.6 29.8 1.3900000000000006
      vertex 23.59144486137381 29.930526192220054 1.3900000000000006
    endloop
  endfacet
  facet normal -0.9807852804032309 -0.19509032201612622 0
    outer loop
      vertex 23.565925826289067 30.05881904510252 1.4000000000000004
      vertex 23.565925826289067 30.05881904510252 1.3900000000000006
      vertex 23.59144486137381 29.930526192220054 1.3900000000000006
    endloop
  endfacet
  facet normal -0.9978589232386021 -0.06540312923016546 0
    outer loop
      vertex 23.59144486137381 29.930526192220054 1.4000000000000004
      vertex 23.59144486137381 29.930526192220054 1.3900000000000006
      vertex 23.6 29.8 1.3900000000000006
    endloop
  endfacet
  facet normal -0.9807852804032309 -0.19509032201612622 0
    outer loop
      vertex 23.565925826289067 30.05881904510252 1.4000000000000004
      vertex 23.59144486137381 29.930526192220054 1.3900000000000006
      vertex 23.59144486137381 29.930526192220054 1.4000000000000004
    endloop
  endfacet
  facet normal -0.9978589232386021 -0.06540312923016546 0
    outer loop
      vertex 23.59144486137381 29.930526192220054 1.4000000000000004
      vertex 23.6 29.8 1.3900000000000006
      vertex 23.6 29.8 1.4000000000000004
    endloop
  endfacet
  facet normal -0.9469301294951115 -0.3214394653031446 0
    outer loop
      vertex 23.523879532511287 30.182683432365092 1.4000000000000004
      vertex 23.523879532511287 30.182683432365092 1.3900000000000006
      vertex 23.565925826289067 30.05881904510252 1.3900000000000006
    endloop
  endfacet
  facet normal 0 0 1
    outer loop
      vertex 23.393353340291235 30.40876142900872 1.3900000000000006
      vertex 23.565925826289067 30.05881904510252 1.3900000000000006
      vertex 23.523879532511287 30.182683432365092 1.3900000000000006
    endloop
  endfacet
  facet normal -0.9469301294951115 -0.3214394653031446 0
    outer loop
      vertex 23.523879532511287 30.182683432365092 1.4000000000000004
      vertex 23.565925826289067 30.05881904510252 1.3900000000000006
      vertex 23.565925826289067 30.05881904510252 1.4000000000000004
    endloop
  endfacet
  facet normal -0.8968727415326844 -0.44228869021900913 0
    outer loop
      vertex 23.46602540378444 30.3 1.4000000000000004
      vertex 23.523879532511287 30.182683432365092 1.3900000000000006
      vertex 23.523879532511287 30.182683432365092 1.4000000000000004
    endloop
  endfacet
  facet normal 0 0 1
    outer loop
      vertex 23.20876142900872 30.593353340291237 1.3900000000000006
      vertex 23.565925826289067 30.05881904510252 1.3900000000000006
      vertex 23.393353340291235 30.40876142900872 1.3900000000000006
    endloop
  endfacet
  facet normal 0 0 1
    outer loop
      vertex 23.20876142900872 30.593353340291237 1.3900000000000006
      vertex 23.393353340291235 30.40876142900872 1.3900000000000006
      vertex 23.307106781186548 30.507106781186547 1.3900000000000006
    endloop
  endfacet
  facet normal -0.7518398074789787 -0.6593458151000673 0
    outer loop
      vertex 23.307106781186548 30.507106781186547 1.4000000000000004
      vertex 23.307106781186548 30.507106781186547 1.3900000000000006
      vertex 23.393353340291235 30.40876142900872 1.3900000000000006
    endloop
  endfacet
  facet normal -0.8314696123025397 -0.5555702330196105 0
    outer loop
      vertex 23.393353340291235 30.40876142900872 1.4000000000000004
      vertex 23.393353340291235 30.40876142900872 1.3900000000000006
      vertex 23.46602540378444 30.3 1.3900000000000006
    endloop
  endfacet
  facet normal -0.7518398074789787 -0.6593458151000673 0
    outer loop
      vertex 23.307106781186548 30.507106781186547 1.4000000000000004
      vertex 23.393353340291235 30.40876142900872 1.3900000000000006
      vertex 23.393353340291235 30.40876142900872 1.4000000000000004
    endloop
  endfacet
  facet normal -0.8314696123025397 -0.5555702330196105 0
    outer loop
      vertex 23.393353340291235 30.40876142900872 1.4000000000000004
      vertex 23.46602540378444 30.3 1.3900000000000006
      vertex 23.46602540378444 30.3 1.4000000000000004
    endloop
  endfacet
  facet normal -0.8314696123025416 -0.5555702330196076 0
    outer loop
      vertex -24.067703679538784 -30.926208643666133 5
      vertex -24.067703679538784 -30.926208643666133 7.06
      vertex -24.20214699700121 -30.725 5
    endloop
  endfacet
  facet normal -0.9469301294951058 -0.321439465303161 0
    outer loop
      vertex -24.30917713514588 -30.507964349875415 5
      vertex -24.30917713514588 -30.507964349875415 7.06
      vertex -24.386962778634775 -30.278815233439666 5
    endloop
  endfacet
  facet normal -0.8968727415326903 -0.44228869021899747 0
    outer loop
      vertex -24.30917713514588 -30.507964349875415 5
      vertex -24.20214699700121 -30.725 5
      vertex -24.30917713514588 -30.507964349875415 7.06
    endloop
  endfacet
  facet normal -0.9807852804032278 -0.19509032201614207 0
    outer loop
      vertex -24.386962778634775 -30.278815233439666 5
      vertex -24.386962778634775 -30.278815233439666 7.06
      vertex -24.43417299354155 -30.041473455607097 5
    endloop
  endfacet
  facet normal -0.9978589232386043 -0.06540312923013085 0
    outer loop
      vertex -24.43417299354155 -30.041473455607097 5
      vertex -24.45 -29.8 7.06
      vertex -24.45 -29.8 5
    endloop
  endfacet
  facet normal -0.7518398074789746 -0.659345815100072 -1.1469645277592851e-15
    outer loop
      vertex -24.067703679538784 -30.926208643666133 5
      vertex -23.908147545195114 -31.10814754519511 5
      vertex -23.908147545195114 -31.108147545195113 7.05
    endloop
  endfacet
  facet normal -0.6593458151000814 -0.7518398074789665 -1.3029617406328095e-15
    outer loop
      vertex -23.908147545195114 -31.10814754519511 5
      vertex -23.726208643666133 -31.267703679538787 5
      vertex -23.908147545195114 -31.108147545195113 7.05
    endloop
  endfacet
  facet normal -0.44228869021901507 -0.8968727415326815 0
    outer loop
      vertex -23.525 -31.40214699700121 5
      vertex -23.307964349875416 -31.509177135145883 7.06
      vertex -23.525 -31.40214699700121 5.01
    endloop
  endfacet
  facet normal -0.442288690219015 -0.8968727415326815 0
    outer loop
      vertex -23.525 -31.40214699700121 5
      vertex -23.307964349875416 -31.509177135145883 5
      vertex -23.307964349875416 -31.509177135145883 7.06
    endloop
  endfacet
  facet normal -0.5555702330195907 -0.8314696123025529 0
    outer loop
      vertex -23.726208643666133 -31.267703679538787 5
      vertex -23.525 -31.40214699700121 5
      vertex -23.726208643666133 -31.267703679538787 7.06
    endloop
  endfacet
  facet normal -0.5555702330195909 -0.831469612302553 0
    outer loop
      vertex -23.525 -31.40214699700121 5
      vertex -23.525 -31.40214699700121 5.01
      vertex -23.726208643666133 -31.267703679538787 7.06
    endloop
  endfacet
  facet normal -0.32143946530315654 -0.9469301294951074 0
    outer loop
      vertex -23.307964349875416 -31.509177135145883 5
      vertex -23.078815233439663 -31.586962778634778 5
      vertex -23.078815233439663 -31.586962778634778 7.06
    endloop
  endfacet
  facet normal -0.19509032201612794 -0.9807852804032305 0
    outer loop
      vertex -23.078815233439663 -31.586962778634778 5
      vertex -22.841473455607094 -31.63417299354155 5
      vertex -22.841473455607094 -31.63417299354155 7.05
    endloop
  endfacet
  facet normal -0.06540312923014642 -0.9978589232386033 0
    outer loop
      vertex -22.841473455607094 -31.63417299354155 5
      vertex -22.6 -31.650000000000002 5
      vertex -22.841473455607094 -31.63417299354155 7.05
    endloop
  endfacet
  facet normal 0 -1 0
    outer loop
      vertex -22.6 -31.650000000000002 5
      vertex -20.35 -31.650000000000002 5
      vertex -20.35 -31.650000000000002 7.06
    endloop
  endfacet
  facet normal -0.9469301294951058 -0.321439465303161 0
    outer loop
      vertex -24.386962778634775 -30.278815233439666 5
      vertex -24.30917713514588 -30.507964349875415 7.06
      vertex -24.386962778634775 -30.278815233439666 7.06
    endloop
  endfacet
  facet normal -0.8968727415326903 -0.44228869021899747 0
    outer loop
      vertex -24.20214699700121 -30.725 5
      vertex -24.20214699700121 -30.725 7.06
      vertex -24.30917713514588 -30.507964349875415 7.06
    endloop
  endfacet
  facet normal -0.8314696123025416 -0.5555702330196076 0
    outer loop
      vertex -24.20214699700121 -30.725 5
      vertex -24.067703679538784 -30.926208643666133 7.06
      vertex -24.20214699700121 -30.725 7.06
    endloop
  endfacet
  facet normal -0.9807852804032278 -0.19509032201614207 0
    outer loop
      vertex -24.43417299354155 -30.041473455607097 5
      vertex -24.386962778634775 -30.278815233439666 7.06
      vertex -24.43417299354155 -30.041473455607097 7.06
    endloop
  endfacet
  facet normal -0.9978589232386043 -0.06540312923013085 0
    outer loop
      vertex -24.43417299354155 -30.041473455607097 5
      vertex -24.43417299354155 -30.041473455607097 7.06
      vertex -24.45 -29.8 7.06
    endloop
  endfacet
  facet normal -0.751839807478981 -0.6593458151000647 0
    outer loop
      vertex -24.067703679538784 -30.926208643666133 5
      vertex -23.908147545195114 -31.108147545195113 7.05
      vertex -24.067703679538784 -30.926208643666133 7.06
    endloop
  endfacet
  facet normal -0.6593458151000731 -0.7518398074789738 0
    outer loop
      vertex -23.726208643666133 -31.267703679538787 5
      vertex -23.726208643666133 -31.267703679538787 7.06
      vertex -23.908147545195114 -31.108147545195113 7.05
    endloop
  endfacet
  facet normal -0.442288690219015 -0.8968727415326815 0
    outer loop
      vertex -23.525 -31.40214699700121 5.01
      vertex -23.307964349875416 -31.509177135145883 7.06
      vertex -23.525 -31.40214699700121 7.06
    endloop
  endfacet
  facet normal -0.5555702330195906 -0.8314696123025529 0
    outer loop
      vertex -23.525 -31.40214699700121 5.01
      vertex -23.525 -31.40214699700121 7.06
      vertex -23.726208643666133 -31.267703679538787 7.06
    endloop
  endfacet
  facet normal -0.32143946530315654 -0.9469301294951074 0
    outer loop
      vertex -23.307964349875416 -31.509177135145883 5
      vertex -23.078815233439663 -31.586962778634778 7.06
      vertex -23.307964349875416 -31.509177135145883 7.06
    endloop
  endfacet
  facet normal -0.19509032201612794 -0.9807852804032304 0
    outer loop
      vertex -23.078815233439663 -31.586962778634778 5
      vertex -22.841473455607094 -31.63417299354155 7.05
      vertex -23.078815233439663 -31.586962778634778 7.06
    endloop
  endfacet
  facet normal -0.06540312923014642 -0.9978589232386033 0
    outer loop
      vertex -22.6 -31.650000000000002 5
      vertex -22.6 -31.650000000000002 7.05
      vertex -22.841473455607094 -31.63417299354155 7.05
    endloop
  endfacet
  facet normal -1 0 0
    outer loop
      vertex -24.45 -29.8 5
      vertex -24.45 -29.8 7.06
      vertex -24.45 -22.784 5.736690167167041
    endloop
  endfacet
  facet normal -1 0 0
    outer loop
      vertex -24.45 -29.8 7.06
      vertex -24.45 -22.784 6.863309832832958
      vertex -24.45 -22.784 5.736690167167041
    endloop
  endfacet
  facet normal 0 -1 0
    outer loop
      vertex -22.6 -31.650000000000002 5
      vertex -20.35 -31.650000000000002 7.06
      vertex -22.6 -31.650000000000002 7.05
    endloop
  endfacet
  facet normal -0.7518398074789809 -0.6593458151000647 0
    outer loop
      vertex -24.067703679538784 -30.926208643666133 7.06
      vertex -23.908147545195114 -31.108147545195113 7.05
      vertex -23.908147545195114 -31.108147545195113 7.06
    endloop
  endfacet
  facet normal -0.6593458151000731 -0.7518398074789737 0
    outer loop
      vertex -23.908147545195114 -31.108147545195113 7.05
      vertex -23.726208643666133 -31.267703679538787 7.06
      vertex -23.908147545195114 -31.108147545195113 7.06
    endloop
  endfacet
  facet normal -0.19509032201612794 -0.9807852804032304 0
    outer loop
      vertex -23.078815233439663 -31.586962778634778 7.06
      vertex -22.841473455607094 -31.63417299354155 7.05
      vertex -22.841473455607094 -31.63417299354155 7.06
    endloop
  endfacet
  facet normal -0.06540312923014643 -0.9978589232386033 0
    outer loop
      vertex -22.841473455607094 -31.63417299354155 7.05
      vertex -22.6 -31.650000000000002 7.05
      vertex -22.841473455607094 -31.63417299354155 7.06
    endloop
  endfacet
  facet normal -0.06540312923014643 -0.9978589232386033 0
    outer loop
      vertex -22.841473455607094 -31.63417299354155 7.06
      vertex -22.6 -31.650000000000002 7.05
      vertex -22.6 -31.650000000000002 7.06
    endloop
  endfacet
  facet normal -0.6878779541254019 -0.13682743232336952 0.7128128604283493
    outer loop
      vertex -24.386962778634775 -30.278815233439666 7.06
      vertex -23.888878319785952 -29.96968404988607 7.6
      vertex -24.43417299354155 -30.041473455607097 7.06
    endloop
  endfacet
  facet normal -0.6641334991375458 -0.2254429447360756 0.7128128604283499
    outer loop
      vertex -24.30917713514588 -30.507964349875415 7.06
      vertex -23.855703574175784 -30.136464758633277 7.6
      vertex -24.386962778634775 -30.278815233439666 7.06
    endloop
  endfacet
  facet normal -0.6998526266023776 -0.04587076460785113 0.7128128604283485
    outer loop
      vertex -24.43417299354155 -30.041473455607097 7.06
      vertex -23.9 -29.8 7.6
      vertex -24.45 -29.8 7.06
    endloop
  endfacet
  facet normal -0.5273060668141893 -0.462435009389325 0.7128128604283487
    outer loop
      vertex -24.067703679538784 -30.926208643666133 7.06
      vertex -23.908147545195114 -31.108147545195113 7.06
      vertex -23.519238815542508 -30.719238815542514 7.6
    endloop
  endfacet
  facet normal -0.46243500938933096 -0.5273060668141843 0.7128128604283486
    outer loop
      vertex -23.908147545195114 -31.108147545195113 7.06
      vertex -23.726208643666133 -31.267703679538787 7.06
      vertex -23.519238815542508 -30.719238815542514 7.6
    endloop
  endfacet
  facet normal -0.3896515607426044 -0.583154771239001 0.7128128604283461
    outer loop
      vertex -23.726208643666133 -31.267703679538787 7.06
      vertex -23.525 -31.40214699700121 7.06
      vertex -23.25 -30.925833024919772 7.6
    endloop
  endfacet
  facet normal -0.3102010658597766 -0.6290255358468507 0.7128128604283461
    outer loop
      vertex -23.525 -31.40214699700121 7.06
      vertex -23.307964349875416 -31.509177135145883 7.06
      vertex -23.25 -30.925833024919772 7.6
    endloop
  endfacet
  facet normal -0.2254429447360731 -0.6641334991375488 0.712812860428348
    outer loop
      vertex -23.307964349875416 -31.509177135145883 7.06
      vertex -23.078815233439663 -31.586962778634778 7.06
      vertex -22.936464758633274 -31.05570357417579 7.6
    endloop
  endfacet
  facet normal -0.13682743232335995 -0.6878779541254054 0.7128128604283476
    outer loop
      vertex -23.078815233439663 -31.586962778634778 7.06
      vertex -22.841473455607094 -31.63417299354155 7.06
      vertex -22.936464758633274 -31.05570357417579 7.6
    endloop
  endfacet
  facet normal -0.045870764607862075 -0.6998526266023771 0.7128128604283481
    outer loop
      vertex -22.841473455607094 -31.63417299354155 7.06
      vertex -22.6 -31.650000000000002 7.06
      vertex -22.599999999999998 -31.1 7.6
    endloop
  endfacet
  facet normal -0.4624350093893325 -0.5273060668141835 0.7128128604283483
    outer loop
      vertex -23.726208643666133 -31.267703679538787 7.06
      vertex -23.391389857711335 -30.831359342378608 7.6
      vertex -23.519238815542508 -30.719238815542514 7.6
    endloop
  endfacet
  facet normal -0.38965156074261253 -0.5831547712389931 0.7128128604283482
    outer loop
      vertex -23.726208643666133 -31.267703679538787 7.06
      vertex -23.25 -30.925833024919772 7.6
      vertex -23.391389857711335 -30.831359342378608 7.6
    endloop
  endfacet
  facet normal -0.31020106585975904 -0.6290255358468556 0.7128128604283495
    outer loop
      vertex -23.307964349875416 -31.509177135145883 7.06
      vertex -23.097488462074615 -31.001043392264673 7.6
      vertex -23.25 -30.925833024919772 7.6
    endloop
  endfacet
  facet normal -0.22544294473608006 -0.6641334991375447 0.7128128604283495
    outer loop
      vertex -23.307964349875416 -31.509177135145883 7.06
      vertex -22.936464758633274 -31.05570357417579 7.6
      vertex -23.097488462074615 -31.001043392264673 7.6
    endloop
  endfacet
  facet normal -0.13682743232336106 -0.6878779541254055 0.7128128604283475
    outer loop
      vertex -22.936464758633274 -31.05570357417579 7.6
      vertex -22.841473455607094 -31.63417299354155 7.06
      vertex -22.769684049886067 -31.088878319785955 7.6
    endloop
  endfacet
  facet normal -0.045870764607858 -0.6998526266023782 0.7128128604283475
    outer loop
      vertex -22.841473455607094 -31.63417299354155 7.06
      vertex -22.599999999999998 -31.1 7.6
      vertex -22.769684049886067 -31.088878319785955 7.6
    endloop
  endfacet
  facet normal 0 0 1
    outer loop
      vertex -23.25 -30.925833024919772 7.6
      vertex -22.936464758633274 -31.05570357417579 7.6
      vertex -23.519238815542508 -30.719238815542514 7.6
    endloop
  endfacet
  facet normal 0 0 1
    outer loop
      vertex -23.25 -30.925833024919772 7.6
      vertex -23.097488462074615 -31.001043392264673 7.6
      vertex -22.936464758633274 -31.05570357417579 7.6
    endloop
  endfacet
  facet normal 0 0 1
    outer loop
      vertex -22.936464758633274 -31.05570357417579 7.6
      vertex -22.85881904510252 -30.76592582628907 7.6
      vertex -22.98268343236509 -30.723879532511287 7.6
    endloop
  endfacet
  facet normal 0 0 1
    outer loop
      vertex -22.936464758633274 -31.05570357417579 7.6
      vertex -22.73052619222005 -30.79144486137381 7.6
      vertex -22.85881904510252 -30.76592582628907 7.6
    endloop
  endfacet
  facet normal 0 0 1
    outer loop
      vertex -22.936464758633274 -31.05570357417579 7.6
      vertex -22.769684049886067 -31.088878319785955 7.6
      vertex -22.599999999999998 -31.1 7.6
    endloop
  endfacet
  facet normal 0 0 1
    outer loop
      vertex -22.936464758633274 -31.05570357417579 7.6
      vertex -22.599999999999998 -31.1 7.6
      vertex -22.6 -30.8 7.6
    endloop
  endfacet
  facet normal 0 0 1
    outer loop
      vertex -22.936464758633274 -31.05570357417579 7.6
      vertex -22.6 -30.8 7.6
      vertex -22.73052619222005 -30.79144486137381 7.6
    endloop
  endfacet
  facet normal -0.5831547712389906 -0.3896515607426146 0.712812860428349
    outer loop
      vertex -24.067703679538784 -30.926208643666133 7.06
      vertex -23.6313593423786 -30.591389857711338 7.6
      vertex -24.20214699700121 -30.725 7.06
    endloop
  endfacet
  facet normal -0.6290255358468526 -0.31020106585976215 0.7128128604283508
    outer loop
      vertex -24.30917713514588 -30.507964349875415 7.06
      vertex -24.20214699700121 -30.725 7.06
      vertex -23.725833024919766 -30.45 7.6
    endloop
  endfacet
  facet normal -0.6290255358468484 -0.3102010658597776 0.7128128604283478
    outer loop
      vertex -24.30917713514588 -30.507964349875415 7.06
      vertex -23.725833024919766 -30.45 7.6
      vertex -23.80104339226467 -30.297488462074618 7.6
    endloop
  endfacet
  facet normal -0.583154771238995 -0.38965156074260443 0.7128128604283511
    outer loop
      vertex -24.20214699700121 -30.725 7.06
      vertex -23.6313593423786 -30.591389857711338 7.6
      vertex -23.725833024919766 -30.45 7.6
    endloop
  endfacet
  facet normal -0.5273060668141893 -0.462435009389325 0.7128128604283487
    outer loop
      vertex -24.067703679538784 -30.926208643666133 7.06
      vertex -23.519238815542508 -30.719238815542514 7.6
      vertex -23.6313593423786 -30.591389857711338 7.6
    endloop
  endfacet
  facet normal -0.6878779541253998 -0.13682743232337444 0.7128128604283502
    outer loop
      vertex -24.386962778634775 -30.278815233439666 7.06
      vertex -23.855703574175784 -30.136464758633277 7.6
      vertex -23.888878319785952 -29.96968404988607 7.6
    endloop
  endfacet
  facet normal -0.6641334991375504 -0.22544294473606735 0.7128128604283482
    outer loop
      vertex -24.30917713514588 -30.507964349875415 7.06
      vertex -23.80104339226467 -30.297488462074618 7.6
      vertex -23.855703574175784 -30.136464758633277 7.6
    endloop
  endfacet
  facet normal -0.6998526266023759 -0.04587076460785742 0.7128128604283498
    outer loop
      vertex -24.43417299354155 -30.041473455607097 7.06
      vertex -23.888878319785952 -29.96968404988607 7.6
      vertex -23.9 -29.8 7.6
    endloop
  endfacet
  facet normal 0 0 1
    outer loop
      vertex -23.855703574175784 -30.136464758633277 7.6
      vertex -23.725833024919766 -30.45 7.6
      vertex -23.519238815542508 -30.719238815542514 7.6
    endloop
  endfacet
  facet normal 0 0 1
    outer loop
      vertex -23.855703574175784 -30.136464758633277 7.6
      vertex -23.80104339226467 -30.297488462074618 7.6
      vertex -23.725833024919766 -30.45 7.6
    endloop
  endfacet
  facet normal 0 0 1
    outer loop
      vertex -23.855703574175784 -30.136464758633277 7.6
      vertex -23.9 -29.8 7.6
      vertex -23.888878319785952 -29.96968404988607 7.6
    endloop
  endfacet
  facet normal 0 0 1
    outer loop
      vertex -23.725833024919766 -30.45 7.6
      vertex -23.6313593423786 -30.591389857711338 7.6
      vertex -23.519238815542508 -30.719238815542514 7.6
    endloop
  endfacet
  facet normal 0 0 1
    outer loop
      vertex -23.855703574175784 -30.136464758633277 7.6
      vertex -23.307106781186548 -30.507106781186547 7.6
      vertex -23.393353340291235 -30.40876142900872 7.6
    endloop
  endfacet
  facet normal 0 0 1
    outer loop
      vertex -23.855703574175784 -30.136464758633277 7.6
      vertex -23.519238815542508 -30.719238815542514 7.6
      vertex -22.936464758633274 -31.05570357417579 7.6
    endloop
  endfacet
  facet normal 0 0 1
    outer loop
      vertex -23.25 -30.925833024919772 7.6
      vertex -23.519238815542508 -30.719238815542514 7.6
      vertex -23.391389857711335 -30.831359342378608 7.6
    endloop
  endfacet
  facet normal 0 0 1
    outer loop
      vertex -23.855703574175784 -30.136464758633277 7.6
      vertex -22.936464758633274 -31.05570357417579 7.6
      vertex -23.20876142900872 -30.593353340291237 7.6
    endloop
  endfacet
  facet normal 0 0 1
    outer loop
      vertex -23.855703574175784 -30.136464758633277 7.6
      vertex -23.20876142900872 -30.593353340291237 7.6
      vertex -23.307106781186548 -30.507106781186547 7.6
    endloop
  endfacet
  facet normal 0 0 1
    outer loop
      vertex -23.855703574175784 -30.136464758633277 7.6
      vertex -23.46602540378444 -30.3 7.6
      vertex -23.523879532511287 -30.182683432365092 7.6
    endloop
  endfacet
  facet normal 0 0 1
    outer loop
      vertex -23.855703574175784 -30.136464758633277 7.6
      vertex -23.523879532511287 -30.182683432365092 7.6
      vertex -23.565925826289067 -30.05881904510252 7.6
    endloop
  endfacet
  facet normal 0 0 1
    outer loop
      vertex -23.855703574175784 -30.136464758633277 7.6
      vertex -23.393353340291235 -30.40876142900872 7.6
      vertex -23.46602540378444 -30.3 7.6
    endloop
  endfacet
  facet normal 0 0 1
    outer loop
      vertex -23.855703574175784 -30.136464758633277 7.6
      vertex -23.565925826289067 -30.05881904510252 7.6
      vertex -23.59144486137381 -29.930526192220054 7.6
    endloop
  endfacet
  facet normal 0 0 1
    outer loop
      vertex -23.855703574175784 -30.136464758633277 7.6
      vertex -23.59144486137381 -29.930526192220054 7.6
      vertex -23.6 -29.8 7.6
    endloop
  endfacet
  facet normal 0 0 1
    outer loop
      vertex -22.936464758633274 -31.05570357417579 7.6
      vertex -23.1 -30.666025403784438 7.6
      vertex -23.20876142900872 -30.593353340291237 7.6
    endloop
  endfacet
  facet normal 0 0 1
    outer loop
      vertex -22.936464758633274 -31.05570357417579 7.6
      vertex -22.98268343236509 -30.723879532511287 7.6
      vertex -23.1 -30.666025403784438 7.6
    endloop
  endfacet
  facet normal 0 -1 0
    outer loop
      vertex -22.6 -31.650000000000002 7.05
      vertex -20.35 -31.650000000000002 7.06
      vertex -22.6 -31.650000000000002 7.06
    endloop
  endfacet
  facet normal 0 -0.7005900799982014 0.7135639703685394
    outer loop
      vertex -22.6 -31.650000000000002 7.06
      vertex -20.35 -31.650000000000002 7.06
      vertex -20.35 -31.1 7.6
    endloop
  endfacet
  facet normal 0 -0.7005900799982014 0.7135639703685395
    outer loop
      vertex -22.6 -31.650000000000002 7.06
      vertex -20.35 -31.1 7.6
      vertex -22.599999999999998 -31.1 7.6
    endloop
  endfacet
  facet normal 0 0 1
    outer loop
      vertex -22.599999999999998 -31.1 7.6
      vertex -20.35 -30.8 7.6
      vertex -22.6 -30.8 7.6
    endloop
  endfacet
  facet normal 0 0 1
    outer loop
      vertex -22.599999999999998 -31.1 7.6
      vertex -20.35 -31.1 7.6
      vertex -20.35 -30.8 7.6
    endloop
  endfacet
  facet normal -1 0 0
    outer loop
      vertex -24.45 -29.8 7.06
      vertex -24.45 -6.783999999999999 6.863309832832958
      vertex -24.45 -22.784 6.863309832832958
    endloop
  endfacet
  facet normal -1 0 0
    outer loop
      vertex -24.45 -29.8 5
      vertex -24.45 -22.784 5.736690167167041
      vertex -24.45 29.8 5
    endloop
  endfacet
  facet normal -1 0 0
    outer loop
      vertex -24.45 -29.8 7.06
      vertex -24.45 6.783999999999999 6.863309832832958
      vertex -24.45 -6.783999999999999 6.863309832832958
    endloop
  endfacet
  facet normal -0.7005900799982014 0 0.7135639703685394
    outer loop
      vertex -24.45 -29.8 7.06
      vertex -23.9 -29.8 7.6
      vertex -23.9 29.8 7.6
    endloop
  endfacet
  facet normal 0 0 1
    outer loop
      vertex -23.855703574175784 -30.136464758633277 7.6
      vertex -23.855703574175784 30.136464758633277 7.6
      vertex -23.9 -29.8 7.6
    endloop
  endfacet
  facet normal 0 0 1
    outer loop
      vertex -23.855703574175784 -30.136464758633277 7.6
      vertex -23.6 -29.8 7.6
      vertex -23.6 29.8 7.6
    endloop
  endfacet
  facet normal -1 0 0
    outer loop
      vertex -24.45 -6.783999999999999 5.736690167167041
      vertex -24.45 -6.783999999999999 6.863309832832958
      vertex -24.45 6.783999999999999 6.863309832832958
    endloop
  endfacet
  facet normal -1 0 0
    outer loop
      vertex -24.45 -29.8 7.06
      vertex -24.45 22.784 6.863309832832958
      vertex -24.45 6.783999999999999 6.863309832832958
    endloop
  endfacet
  facet normal 0 -1 0
    outer loop
      vertex -8.35 -31.650000000000002 5
      vertex -6.1 -31.650000000000002 5
      vertex -6.1 -31.650000000000002 5.01
    endloop
  endfacet
  facet normal 0 -1 0
    outer loop
      vertex -8.35 -31.650000000000002 5
      vertex -6.1 -31.650000000000002 5.01
      vertex -6.1 -31.650000000000002 7.06
    endloop
  endfacet
  facet normal 0.06540312923014548 -0.9978589232386034 0
    outer loop
      vertex -6.1 -31.650000000000002 5
      vertex -5.8585265443929035 -31.63417299354155 5
      vertex -6.1 -31.650000000000002 5.01
    endloop
  endfacet
  facet normal 0.06540312923014546 -0.9978589232386033 0
    outer loop
      vertex -6.1 -31.650000000000002 5.01
      vertex -5.8585265443929035 -31.63417299354155 5
      vertex -6.1 -31.650000000000002 7.06
    endloop
  endfacet
  facet normal 0.19509032201612936 -0.9807852804032302 0
    outer loop
      vertex -5.8585265443929035 -31.63417299354155 5
      vertex -5.6211847665603365 -31.586962778634778 5
      vertex -5.6211847665603365 -31.586962778634778 7.06
    endloop
  endfacet
  facet normal 0.32143946530315654 -0.9469301294951074 0
    outer loop
      vertex -5.6211847665603365 -31.586962778634778 5
      vertex -5.392035650124583 -31.509177135145883 5
      vertex -5.6211847665603365 -31.586962778634778 7.06
    endloop
  endfacet
  facet normal 0.4422886902190121 -0.8968727415326829 0
    outer loop
      vertex -5.392035650124583 -31.509177135145883 5
      vertex -5.174999999999999 -31.40214699700121 5
      vertex -5.174999999999999 -31.40214699700121 7.06
    endloop
  endfacet
  facet normal 0.5555702330195942 -0.8314696123025507 0
    outer loop
      vertex -5.174999999999999 -31.40214699700121 5
      vertex -4.973791356333866 -31.267703679538787 5
      vertex -5.174999999999999 -31.40214699700121 7.06
    endloop
  endfacet
  facet normal 0.6593458151000766 -0.7518398074789705 0
    outer loop
      vertex -4.973791356333866 -31.267703679538787 5
      vertex -4.7918524548048875 -31.108147545195113 5
      vertex -4.7918524548048875 -31.108147545195113 7.06
    endloop
  endfacet
  facet normal 0.7518398074789775 -0.659345815100069 0
    outer loop
      vertex -4.7918524548048875 -31.108147545195113 5
      vertex -4.632296320461215 -30.926208643666133 5
      vertex -4.632296320461215 -30.926208643666133 7.06
    endloop
  endfacet
  facet normal 0.8314696123025417 -0.5555702330196077 0
    outer loop
      vertex -4.632296320461215 -30.926208643666133 5
      vertex -4.497853002998788 -30.725 5
      vertex -4.497853002998788 -30.725 7.05
    endloop
  endfacet
  facet normal 0.8968727415326901 -0.44228869021899747 0
    outer loop
      vertex -4.497853002998788 -30.725 5
      vertex -4.390822864854119 -30.507964349875415 5
      vertex -4.497853002998788 -30.725 7.05
    endloop
  endfacet
  facet normal 0.9469301294951036 -0.3214394653031676 0
    outer loop
      vertex -4.390822864854119 -30.507964349875415 5
      vertex -4.313037221365223 -30.278815233439666 5
      vertex -4.390822864854119 -30.507964349875415 7.06
    endloop
  endfacet
  facet normal 0.9807852804032304 -0.19509032201612794 0
    outer loop
      vertex -4.313037221365223 -30.278815233439666 5
      vertex -4.26582700645845 -30.041473455607097 5
      vertex -4.26582700645845 -30.041473455607097 7.06
    endloop
  endfacet
  facet normal 0.9978589232386038 -0.06540312923013816 0
    outer loop
      vertex -4.26582700645845 -30.041473455607097 5
      vertex -4.25 -29.8 5
      vertex -4.26582700645845 -30.041473455607097 7.06
    endloop
  endfacet
  facet normal 1 0 0
    outer loop
      vertex -4.25 -29.8 5
      vertex -4.25 -6.783999999999999 5.736690167167041
      vertex -4.25 -22.784 5.736690167167041
    endloop
  endfacet
  facet normal 0 -1 0
    outer loop
      vertex -8.35 -31.650000000000002 5
      vertex -6.1 -31.650000000000002 7.06
      vertex -8.35 -31.650000000000002 7.06
    endloop
  endfacet
  facet normal 0 -0.7005900799982014 0.7135639703685394
    outer loop
      vertex -8.35 -31.650000000000002 7.06
      vertex -6.1 -31.650000000000002 7.06
      vertex -6.100000000000001 -31.1 7.6
    endloop
  endfacet
  facet normal 0 -0.7005900799982014 0.7135639703685394
    outer loop
      vertex -8.35 -31.650000000000002 7.06
      vertex -6.100000000000001 -31.1 7.6
      vertex -8.35 -31.1 7.6
    endloop
  endfacet
  facet normal 0 0 1
    outer loop
      vertex -8.35 -31.1 7.6
      vertex -6.1 -30.8 7.6
      vertex -8.35 -30.802624633431083 7.6
    endloop
  endfacet
  facet normal 0 0 1
    outer loop
      vertex -8.35 -31.1 7.6
      vertex -6.100000000000001 -31.1 7.6
      vertex -6.1 -30.8 7.6
    endloop
  endfacet
  facet normal 0 0 1
    outer loop
      vertex -8.35 -30.8 7.6
      vertex -8.35 -30.802624633431083 7.6
      vertex -6.1 -30.8 7.6
    endloop
  endfacet
  facet normal 0.06540312923014546 -0.9978589232386033 0
    outer loop
      vertex -5.8585265443929035 -31.63417299354155 5
      vertex -5.8585265443929035 -31.63417299354155 7.06
      vertex -6.1 -31.650000000000002 7.06
    endloop
  endfacet
  facet normal 0.19509032201612936 -0.9807852804032302 0
    outer loop
      vertex -5.8585265443929035 -31.63417299354155 5
      vertex -5.6211847665603365 -31.586962778634778 7.06
      vertex -5.8585265443929035 -31.63417299354155 7.06
    endloop
  endfacet
  facet normal 0.32143946530315654 -0.9469301294951074 0
    outer loop
      vertex -5.392035650124583 -31.509177135145883 5
      vertex -5.392035650124583 -31.509177135145883 7.06
      vertex -5.6211847665603365 -31.586962778634778 7.06
    endloop
  endfacet
  facet normal 0.4422886902190121 -0.8968727415326829 0
    outer loop
      vertex -5.392035650124583 -31.509177135145883 5
      vertex -5.174999999999999 -31.40214699700121 7.06
      vertex -5.392035650124583 -31.509177135145883 7.06
    endloop
  endfacet
  facet normal 0.5555702330195942 -0.8314696123025507 0
    outer loop
      vertex -4.973791356333866 -31.267703679538787 5
      vertex -4.973791356333866 -31.267703679538787 7.06
      vertex -5.174999999999999 -31.40214699700121 7.06
    endloop
  endfacet
  facet normal 0.6593458151000766 -0.7518398074789705 0
    outer loop
      vertex -4.973791356333866 -31.267703679538787 5
      vertex -4.7918524548048875 -31.108147545195113 7.06
      vertex -4.973791356333866 -31.267703679538787 7.06
    endloop
  endfacet
  facet normal 0.7518398074789775 -0.659345815100069 0
    outer loop
      vertex -4.7918524548048875 -31.108147545195113 5
      vertex -4.632296320461215 -30.926208643666133 7.06
      vertex -4.7918524548048875 -31.108147545195113 7.06
    endloop
  endfacet
  facet normal 0.8314696123025416 -0.5555702330196076 0
    outer loop
      vertex -4.632296320461215 -30.926208643666133 5
      vertex -4.497853002998788 -30.725 7.05
      vertex -4.632296320461215 -30.926208643666133 7.06
    endloop
  endfacet
  facet normal 0.8968727415326903 -0.44228869021899747 0
    outer loop
      vertex -4.390822864854119 -30.507964349875415 5
      vertex -4.390822864854119 -30.507964349875415 7.06
      vertex -4.497853002998788 -30.725 7.05
    endloop
  endfacet
  facet normal 0.9469301294951036 -0.3214394653031676 0
    outer loop
      vertex -4.313037221365223 -30.278815233439666 5
      vertex -4.313037221365223 -30.278815233439666 7.06
      vertex -4.390822864854119 -30.507964349875415 7.06
    endloop
  endfacet
  facet normal 0.9807852804032304 -0.19509032201612794 0
    outer loop
      vertex -4.313037221365223 -30.278815233439666 5
      vertex -4.26582700645845 -30.041473455607097 7.06
      vertex -4.313037221365223 -30.278815233439666 7.06
    endloop
  endfacet
  facet normal 0.9978589232386038 -0.06540312923013816 0
    outer loop
      vertex -4.25 -29.8 5
      vertex -4.25 -29.8 7.06
      vertex -4.26582700645845 -30.041473455607097 7.06
    endloop
  endfacet
  facet normal 1 0 0
    outer loop
      vertex -4.25 -29.8 5
      vertex -4.25 -22.784 5.736690167167041
      vertex -4.25 -29.8 7.06
    endloop
  endfacet
  facet normal 1 0 0
    outer loop
      vertex -4.25 -29.8 7.06
      vertex -4.25 -22.784 5.736690167167041
      vertex -4.25 -22.784 6.863309832832958
    endloop
  endfacet
  facet normal 0.8314696123025416 -0.5555702330196075 0
    outer loop
      vertex -4.632296320461215 -30.926208643666133 7.06
      vertex -4.497853002998788 -30.725 7.05
      vertex -4.497853002998788 -30.725 7.06
    endloop
  endfacet
  facet normal 0.8968727415326903 -0.44228869021899747 0
    outer loop
      vertex -4.497853002998788 -30.725 7.05
      vertex -4.390822864854119 -30.507964349875415 7.06
      vertex -4.497853002998788 -30.725 7.06
    endloop
  endfacet
  facet normal 0.045870764607861436 -0.6998526266023777 0.7128128604283477
    outer loop
      vertex -6.1 -31.650000000000002 7.06
      vertex -5.8585265443929035 -31.63417299354155 7.06
      vertex -5.930315950113934 -31.088878319785955 7.6
    endloop
  endfacet
  facet normal 0.13682743232336092 -0.6878779541254052 0.7128128604283476
    outer loop
      vertex -5.8585265443929035 -31.63417299354155 7.06
      vertex -5.6211847665603365 -31.586962778634778 7.06
      vertex -5.763535241366725 -31.05570357417579 7.6
    endloop
  endfacet
  facet normal 0.2254429447360731 -0.6641334991375488 0.7128128604283478
    outer loop
      vertex -5.6211847665603365 -31.586962778634778 7.06
      vertex -5.392035650124583 -31.509177135145883 7.06
      vertex -5.763535241366725 -31.05570357417579 7.6
    endloop
  endfacet
  facet normal 0.3102010658597741 -0.6290255358468507 0.7128128604283471
    outer loop
      vertex -5.392035650124583 -31.509177135145883 7.06
      vertex -5.174999999999999 -31.40214699700121 7.06
      vertex -5.450000000000001 -30.925833024919772 7.6
    endloop
  endfacet
  facet normal 0.3896515607426061 -0.5831547712389984 0.7128128604283472
    outer loop
      vertex -5.174999999999999 -31.40214699700121 7.06
      vertex -4.973791356333866 -31.267703679538787 7.06
      vertex -5.450000000000001 -30.925833024919772 7.6
    endloop
  endfacet
  facet normal 0.46243500938933446 -0.5273060668141832 0.7128128604283471
    outer loop
      vertex -4.973791356333866 -31.267703679538787 7.06
      vertex -4.7918524548048875 -31.108147545195113 7.06
      vertex -5.18076118445749 -30.719238815542514 7.6
    endloop
  endfacet
  facet normal 0.527306066814188 -0.46243500938932897 0.7128128604283471
    outer loop
      vertex -4.7918524548048875 -31.108147545195113 7.06
      vertex -4.632296320461215 -30.926208643666133 7.06
      vertex -5.18076118445749 -30.719238815542514 7.6
    endloop
  endfacet
  facet normal 0.045870764607857994 -0.6998526266023773 0.7128128604283483
    outer loop
      vertex -6.1 -31.650000000000002 7.06
      vertex -5.930315950113934 -31.088878319785955 7.6
      vertex -6.100000000000001 -31.1 7.6
    endloop
  endfacet
  facet normal 0.13682743232335967 -0.6878779541254053 0.7128128604283479
    outer loop
      vertex -5.8585265443929035 -31.63417299354155 7.06
      vertex -5.763535241366725 -31.05570357417579 7.6
      vertex -5.930315950113934 -31.088878319785955 7.6
    endloop
  endfacet
  facet normal 0 0 1
    outer loop
      vertex -6.100000000000001 -31.1 7.6
      vertex -5.9694738077799485 -30.79144486137381 7.6
      vertex -6.1 -30.8 7.6
    endloop
  endfacet
  facet normal 0 0 1
    outer loop
      vertex -6.100000000000001 -31.1 7.6
      vertex -5.930315950113934 -31.088878319785955 7.6
      vertex -5.763535241366725 -31.05570357417579 7.6
    endloop
  endfacet
  facet normal 0 0 1
    outer loop
      vertex -6.100000000000001 -31.1 7.6
      vertex -5.84118095489748 -30.76592582628907 7.6
      vertex -5.9694738077799485 -30.79144486137381 7.6
    endloop
  endfacet
  facet normal 0 0 1
    outer loop
      vertex -6.100000000000001 -31.1 7.6
      vertex -5.71731656763491 -30.723879532511287 7.6
      vertex -5.84118095489748 -30.76592582628907 7.6
    endloop
  endfacet
  facet normal 0 0 1
    outer loop
      vertex -6.100000000000001 -31.1 7.6
      vertex -5.763535241366725 -31.05570357417579 7.6
      vertex -5.450000000000001 -30.925833024919772 7.6
    endloop
  endfacet
  facet normal 0.22544294473608006 -0.6641334991375447 0.7128128604283495
    outer loop
      vertex -5.392035650124583 -31.509177135145883 7.06
      vertex -5.602511537925384 -31.001043392264673 7.6
      vertex -5.763535241366725 -31.05570357417579 7.6
    endloop
  endfacet
  facet normal 0.31020106585976204 -0.6290255358468543 0.7128128604283495
    outer loop
      vertex -5.392035650124583 -31.509177135145883 7.06
      vertex -5.450000000000001 -30.925833024919772 7.6
      vertex -5.602511537925384 -31.001043392264673 7.6
    endloop
  endfacet
  facet normal 0.38965156074260926 -0.5831547712389954 0.7128128604283481
    outer loop
      vertex -4.973791356333866 -31.267703679538787 7.06
      vertex -5.308610142288664 -30.831359342378608 7.6
      vertex -5.450000000000001 -30.925833024919772 7.6
    endloop
  endfacet
  facet normal 0.46243500938932874 -0.5273060668141865 0.7128128604283483
    outer loop
      vertex -4.973791356333866 -31.267703679538787 7.06
      vertex -5.18076118445749 -30.719238815542514 7.6
      vertex -5.308610142288664 -30.831359342378608 7.6
    endloop
  endfacet
  facet normal 0 0 1
    outer loop
      vertex -5.763535241366725 -31.05570357417579 7.6
      vertex -5.602511537925384 -31.001043392264673 7.6
      vertex -5.450000000000001 -30.925833024919772 7.6
    endloop
  endfacet
  facet normal 0 0 1
    outer loop
      vertex -6.100000000000001 -31.1 7.6
      vertex -5.6 -30.666025403784438 7.6
      vertex -5.71731656763491 -30.723879532511287 7.6
    endloop
  endfacet
  facet normal 0 0 1
    outer loop
      vertex -6.100000000000001 -31.1 7.6
      vertex -5.491238570991278 -30.593353340291237 7.6
      vertex -5.6 -30.666025403784438 7.6
    endloop
  endfacet
  facet normal 0.5273060668141902 -0.46243500938932525 0.7128128604283479
    outer loop
      vertex -4.632296320461215 -30.926208643666133 7.06
      vertex -5.068640657621396 -30.591389857711338 7.6
      vertex -5.18076118445749 -30.719238815542514 7.6
    endloop
  endfacet
  facet normal 0.5831547712389958 -0.38965156074260465 0.7128128604283502
    outer loop
      vertex -4.497853002998788 -30.725 7.06
      vertex -4.974166975080232 -30.45 7.6
      vertex -5.068640657621396 -30.591389857711338 7.6
    endloop
  endfacet
  facet normal 0 0 1
    outer loop
      vertex -6.100000000000001 -31.1 7.6
      vertex -5.450000000000001 -30.925833024919772 7.6
      vertex -4.898956607735329 -30.297488462074618 7.6
    endloop
  endfacet
  facet normal 0 0 1
    outer loop
      vertex -6.100000000000001 -31.1 7.6
      vertex -4.898956607735329 -30.297488462074618 7.6
      vertex -5.491238570991278 -30.593353340291237 7.6
    endloop
  endfacet
  facet normal 0 0 1
    outer loop
      vertex -5.450000000000001 -30.925833024919772 7.6
      vertex -5.308610142288664 -30.831359342378608 7.6
      vertex -5.18076118445749 -30.719238815542514 7.6
    endloop
  endfacet
  facet normal 0 0 1
    outer loop
      vertex -5.491238570991278 -30.593353340291237 7.6
      vertex -4.898956607735329 -30.297488462074618 7.6
      vertex -5.392893218813452 -30.507106781186547 7.6
    endloop
  endfacet
  facet normal 0 0 1
    outer loop
      vertex -5.450000000000001 -30.925833024919772 7.6
      vertex -5.18076118445749 -30.719238815542514 7.6
      vertex -4.898956607735329 -30.297488462074618 7.6
    endloop
  endfacet
  facet normal 0 0 1
    outer loop
      vertex -5.392893218813452 -30.507106781186547 7.6
      vertex -4.898956607735329 -30.297488462074618 7.6
      vertex -5.306646659708765 -30.40876142900872 7.6
    endloop
  endfacet
  facet normal 0 0 1
    outer loop
      vertex -5.306646659708765 -30.40876142900872 7.6
      vertex -4.898956607735329 -30.297488462074618 7.6
      vertex -5.23397459621556 -30.3 7.6
    endloop
  endfacet
  facet normal 0 0 1
    outer loop
      vertex -5.18076118445749 -30.719238815542514 7.6
      vertex -5.068640657621396 -30.591389857711338 7.6
      vertex -4.898956607735329 -30.297488462074618 7.6
    endloop
  endfacet
  facet normal 0 0 1
    outer loop
      vertex -5.068640657621396 -30.591389857711338 7.6
      vertex -4.974166975080232 -30.45 7.6
      vertex -4.898956607735329 -30.297488462074618 7.6
    endloop
  endfacet
  facet normal 0 0 1
    outer loop
      vertex -5.23397459621556 -30.3 7.6
      vertex -4.898956607735329 -30.297488462074618 7.6
      vertex -5.176120467488714 -30.182683432365092 7.6
    endloop
  endfacet
  facet normal 0 0 1
    outer loop
      vertex -5.176120467488714 -30.182683432365092 7.6
      vertex -4.898956607735329 -30.297488462074618 7.6
      vertex -5.134074173710932 -30.05881904510252 7.6
    endloop
  endfacet
  facet normal 0 0 1
    outer loop
      vertex -5.134074173710932 -30.05881904510252 7.6
      vertex -4.898956607735329 -30.297488462074618 7.6
      vertex -5.108555138626189 -29.930526192220054 7.6
    endloop
  endfacet
  facet normal 0 0 1
    outer loop
      vertex -5.108555138626189 -29.930526192220054 7.6
      vertex -4.898956607735329 -30.297488462074618 7.6
      vertex -5.1 -29.8 7.6
    endloop
  endfacet
  facet normal 0 0 1
    outer loop
      vertex -4.898956607735329 -30.297488462074618 7.6
      vertex -4.844296425824213 -30.136464758633277 7.6
      vertex -4.800000000000001 -29.8 7.6
    endloop
  endfacet
  facet normal 0.5831547712389915 -0.3896515607426152 0.712812860428348
    outer loop
      vertex -4.632296320461215 -30.926208643666133 7.06
      vertex -4.497853002998788 -30.725 7.06
      vertex -5.068640657621396 -30.591389857711338 7.6
    endloop
  endfacet
  facet normal 0.6290255358468547 -0.3102010658597632 0.7128128604283483
    outer loop
      vertex -4.497853002998788 -30.725 7.06
      vertex -4.390822864854119 -30.507964349875415 7.06
      vertex -4.898956607735329 -30.297488462074618 7.6
    endloop
  endfacet
  facet normal 0.6641334991375455 -0.22544294473608062 0.7128128604283486
    outer loop
      vertex -4.898956607735329 -30.297488462074618 7.6
      vertex -4.390822864854119 -30.507964349875415 7.06
      vertex -4.313037221365223 -30.278815233439666 7.06
    endloop
  endfacet
  facet normal 0.6878779541254033 -0.13682743232335956 0.7128128604283498
    outer loop
      vertex -4.844296425824213 -30.136464758633277 7.6
      vertex -4.313037221365223 -30.278815233439666 7.06
      vertex -4.26582700645845 -30.041473455607097 7.06
    endloop
  endfacet
  facet normal 0.6998526266023773 -0.04587076460785649 0.7128128604283482
    outer loop
      vertex -4.800000000000001 -29.8 7.6
      vertex -4.26582700645845 -30.041473455607097 7.06
      vertex -4.25 -29.8 7.06
    endloop
  endfacet
  facet normal 0.6290255358468492 -0.31020106585977075 0.71281286042835
    outer loop
      vertex -4.497853002998788 -30.725 7.06
      vertex -4.898956607735329 -30.297488462074618 7.6
      vertex -4.974166975080232 -30.45 7.6
    endloop
  endfacet
  facet normal 0.6641334991375465 -0.2254429447360733 0.7128128604283501
    outer loop
      vertex -4.898956607735329 -30.297488462074618 7.6
      vertex -4.313037221365223 -30.278815233439666 7.06
      vertex -4.844296425824213 -30.136464758633277 7.6
    endloop
  endfacet
  facet normal 0.6878779541254032 -0.1368274323233606 0.7128128604283496
    outer loop
      vertex -4.844296425824213 -30.136464758633277 7.6
      vertex -4.26582700645845 -30.041473455607097 7.06
      vertex -4.811121680214049 -29.96968404988607 7.6
    endloop
  endfacet
  facet normal 0.6998526266023752 -0.04587076460786509 0.7128128604283499
    outer loop
      vertex -4.811121680214049 -29.96968404988607 7.6
      vertex -4.26582700645845 -30.041473455607097 7.06
      vertex -4.800000000000001 -29.8 7.6
    endloop
  endfacet
  facet normal 0 0 1
    outer loop
      vertex -4.844296425824213 -30.136464758633277 7.6
      vertex -4.811121680214049 -29.96968404988607 7.6
      vertex -4.800000000000001 -29.8 7.6
    endloop
  endfacet
  facet normal 1 0 0
    outer loop
      vertex -4.25 -29.8 7.06
      vertex -4.25 -22.784 6.863309832832958
      vertex -4.25 -6.783999999999999 6.863309832832958
    endloop
  endfacet
  facet normal 1 0 0
    outer loop
      vertex -4.25 -29.8 5
      vertex -4.25 6.783999999999999 5.736690167167041
      vertex -4.25 -6.783999999999999 5.736690167167041
    endloop
  endfacet
  facet normal 1 0 0
    outer loop
      vertex -4.25 -29.8 5
      vertex -4.25 22.784 5.736690167167041
      vertex -4.25 6.783999999999999 5.736690167167041
    endloop
  endfacet
  facet normal 1 0 0
    outer loop
      vertex -4.25 -29.8 7.06
      vertex -4.25 -6.783999999999999 6.863309832832958
      vertex -4.25 6.783999999999999 6.863309832832958
    endloop
  endfacet
  facet normal 0 0 1
    outer loop
      vertex -4.898956607735329 -30.297488462074618 7.6
      vertex -4.844296425824213 30.136464758633277 7.6
      vertex -5.1 -29.8 7.6
    endloop
  endfacet
  facet normal 0 0 1
    outer loop
      vertex -4.898956607735329 -30.297488462074618 7.6
      vertex -4.800000000000001 -29.8 7.6
      vertex -4.844296425824213 30.136464758633277 7.6
    endloop
  endfacet
  facet normal 0.7005900799982014 0 0.7135639703685394
    outer loop
      vertex -4.800000000000001 -29.8 7.6
      vertex -4.25 -29.8 7.06
      vertex -4.800000000000001 29.8 7.6
    endloop
  endfacet
  facet normal 1 0 0
    outer loop
      vertex -4.25 -6.783999999999999 5.736690167167041
      vertex -4.25 6.783999999999999 5.736690167167041
      vertex -4.25 -6.783999999999999 6.863309832832958
    endloop
  endfacet
  facet normal 1 0 0
    outer loop
      vertex -4.25 -29.8 7.06
      vertex -4.25 6.783999999999999 6.863309832832958
      vertex -4.25 22.784 6.863309832832958
    endloop
  endfacet
  facet normal -1 0 0
    outer loop
      vertex -24.45 -22.784 5.736690167167041
      vertex -24.45 -6.783999999999999 5.736690167167041
      vertex -24.45 29.8 5
    endloop
  endfacet
  facet normal -1 0 0
    outer loop
      vertex -24.45 -6.783999999999999 5.736690167167041
      vertex -24.45 6.783999999999999 5.736690167167041
      vertex -24.45 29.8 5
    endloop
  endfacet
  facet normal -1 0 0
    outer loop
      vertex -24.45 -6.783999999999999 5.736690167167041
      vertex -24.45 6.783999999999999 6.863309832832958
      vertex -24.45 6.783999999999999 5.736690167167041
    endloop
  endfacet
  facet normal -1 0 0
    outer loop
      vertex -24.45 -29.8 7.06
      vertex -24.45 29.8 7.06
      vertex -24.45 22.784 6.863309832832958
    endloop
  endfacet
  facet normal -0.7005900799982014 0 0.7135639703685394
    outer loop
      vertex -24.45 -29.8 7.06
      vertex -23.9 29.8 7.6
      vertex -24.45 29.8 7.06
    endloop
  endfacet
  facet normal 0 0 1
    outer loop
      vertex -23.855703574175784 -30.136464758633277 7.6
      vertex -23.6 29.8 7.6
      vertex -23.855703574175784 30.136464758633277 7.6
    endloop
  endfacet
  facet normal 0 0 1
    outer loop
      vertex -23.9 -29.8 7.6
      vertex -23.855703574175784 30.136464758633277 7.6
      vertex -23.9 29.8 7.6
    endloop
  endfacet
  facet normal -1 0 0
    outer loop
      vertex -24.45 6.783999999999999 5.736690167167041
      vertex -24.45 22.784 5.736690167167041
      vertex -24.45 29.8 5
    endloop
  endfacet
  facet normal -0.9978589232386043 0.06540312923013085 0
    outer loop
      vertex -24.45 29.8 5
      vertex -24.45 29.8 7.06
      vertex -24.43417299354155 30.041473455607097 5
    endloop
  endfacet
  facet normal -0.9807852804032278 0.19509032201614207 0
    outer loop
      vertex -24.43417299354155 30.041473455607097 5
      vertex -24.386962778634775 30.278815233439666 7.06
      vertex -24.386962778634775 30.278815233439666 5
    endloop
  endfacet
  facet normal -0.9469301294951058 0.321439465303161 0
    outer loop
      vertex -24.386962778634775 30.278815233439666 5
      vertex -24.386962778634775 30.278815233439666 7.06
      vertex -24.30917713514588 30.507964349875415 5
    endloop
  endfacet
  facet normal -0.8968727415326903 0.44228869021899747 0
    outer loop
      vertex -24.30917713514588 30.507964349875415 5
      vertex -24.20214699700121 30.725 7.06
      vertex -24.20214699700121 30.725 5
    endloop
  endfacet
  facet normal -0.8314696123025416 0.5555702330196076 0
    outer loop
      vertex -24.20214699700121 30.725 5
      vertex -24.067703679538784 30.926208643666133 7.06
      vertex -24.067703679538784 30.926208643666133 5
    endloop
  endfacet
  facet normal -0.751839807478981 0.6593458151000647 0
    outer loop
      vertex -24.067703679538784 30.926208643666133 5
      vertex -23.908147545195114 31.108147545195113 7.06
      vertex -23.908147545195114 31.108147545195113 5
    endloop
  endfacet
  facet normal -0.6593458151000731 0.7518398074789738 0
    outer loop
      vertex -23.908147545195114 31.108147545195113 5
      vertex -23.908147545195114 31.108147545195113 7.06
      vertex -23.726208643666133 31.267703679538787 5
    endloop
  endfacet
  facet normal -0.5555702330195906 0.8314696123025529 0
    outer loop
      vertex -23.726208643666133 31.267703679538787 5
      vertex -23.525 31.40214699700121 7.05
      vertex -23.525 31.40214699700121 5
    endloop
  endfacet
  facet normal -0.442288690219015 0.8968727415326815 0
    outer loop
      vertex -23.525 31.40214699700121 5
      vertex -23.525 31.40214699700121 7.05
      vertex -23.307964349875416 31.509177135145883 5
    endloop
  endfacet
  facet normal -0.32143946530315654 0.9469301294951074 0
    outer loop
      vertex -23.307964349875416 31.509177135145883 5
      vertex -23.078815233439663 31.586962778634778 7.06
      vertex -23.078815233439663 31.586962778634778 5
    endloop
  endfacet
  facet normal -0.19509032201612794 0.9807852804032304 0
    outer loop
      vertex -23.078815233439663 31.586962778634778 5
      vertex -23.078815233439663 31.586962778634778 7.06
      vertex -22.841473455607094 31.63417299354155 5
    endloop
  endfacet
  facet normal -0.0654031292301464 0.9978589232386033 0
    outer loop
      vertex -22.841473455607094 31.63417299354155 5
      vertex -22.841473455607094 31.63417299354155 7.06
      vertex -22.6 31.650000000000002 5
    endloop
  endfacet
  facet normal 0 1 0
    outer loop
      vertex -22.6 31.650000000000002 5
      vertex -22.6 31.650000000000002 7.06
      vertex -19.368971061093248 31.650000000000002 5
    endloop
  endfacet
  facet normal -1 0 0
    outer loop
      vertex -24.45 29.8 5
      vertex -24.45 22.784 5.736690167167041
      vertex -24.45 29.8 7.06
    endloop
  endfacet
  facet normal -1 0 0
    outer loop
      vertex -24.45 22.784 5.736690167167041
      vertex -24.45 22.784 6.863309832832958
      vertex -24.45 29.8 7.06
    endloop
  endfacet
  facet normal -0.9978589232386043 0.06540312923013085 0
    outer loop
      vertex -24.43417299354155 30.041473455607097 5
      vertex -24.45 29.8 7.06
      vertex -24.43417299354155 30.041473455607097 7.06
    endloop
  endfacet
  facet normal -0.9807852804032278 0.19509032201614207 0
    outer loop
      vertex -24.43417299354155 30.041473455607097 5
      vertex -24.43417299354155 30.041473455607097 7.06
      vertex -24.386962778634775 30.278815233439666 7.06
    endloop
  endfacet
  facet normal -0.9469301294951058 0.321439465303161 0
    outer loop
      vertex -24.30917713514588 30.507964349875415 5
      vertex -24.386962778634775 30.278815233439666 7.06
      vertex -24.30917713514588 30.507964349875415 7.06
    endloop
  endfacet
  facet normal -0.8968727415326903 0.44228869021899747 0
    outer loop
      vertex -24.30917713514588 30.507964349875415 5
      vertex -24.30917713514588 30.507964349875415 7.06
      vertex -24.20214699700121 30.725 7.06
    endloop
  endfacet
  facet normal -0.8314696123025416 0.5555702330196076 0
    outer loop
      vertex -24.20214699700121 30.725 5
      vertex -24.20214699700121 30.725 7.06
      vertex -24.067703679538784 30.926208643666133 7.06
    endloop
  endfacet
  facet normal -0.751839807478981 0.6593458151000647 0
    outer loop
      vertex -24.067703679538784 30.926208643666133 5
      vertex -24.067703679538784 30.926208643666133 7.06
      vertex -23.908147545195114 31.108147545195113 7.06
    endloop
  endfacet
  facet normal -0.6593458151000731 0.7518398074789738 0
    outer loop
      vertex -23.726208643666133 31.267703679538787 5
      vertex -23.908147545195114 31.108147545195113 7.06
      vertex -23.726208643666133 31.267703679538787 7.06
    endloop
  endfacet
  facet normal -0.5555702330195907 0.8314696123025529 0
    outer loop
      vertex -23.726208643666133 31.267703679538787 5
      vertex -23.726208643666133 31.267703679538787 7.06
      vertex -23.525 31.40214699700121 7.05
    endloop
  endfacet
  facet normal -0.442288690219015 0.8968727415326815 0
    outer loop
      vertex -23.307964349875416 31.509177135145883 5
      vertex -23.525 31.40214699700121 7.05
      vertex -23.307964349875416 31.509177135145883 7.06
    endloop
  endfacet
  facet normal -0.32143946530315654 0.9469301294951074 0
    outer loop
      vertex -23.307964349875416 31.509177135145883 5
      vertex -23.307964349875416 31.509177135145883 7.06
      vertex -23.078815233439663 31.586962778634778 7.06
    endloop
  endfacet
  facet normal -0.19509032201612794 0.9807852804032304 0
    outer loop
      vertex -22.841473455607094 31.63417299354155 5
      vertex -23.078815233439663 31.586962778634778 7.06
      vertex -22.841473455607094 31.63417299354155 7.06
    endloop
  endfacet
  facet normal -0.0654031292301464 0.9978589232386033 0
    outer loop
      vertex -22.6 31.650000000000002 5
      vertex -22.841473455607094 31.63417299354155 7.06
      vertex -22.6 31.650000000000002 7.06
    endloop
  endfacet
  facet normal 0 1 0
    outer loop
      vertex -22.6 31.650000000000002 7.06
      vertex -19.368971061093248 31.650000000000002 7.06
      vertex -19.368971061093248 31.650000000000002 5
    endloop
  endfacet
  facet normal -0.5555702330195909 0.831469612302553 0
    outer loop
      vertex -23.726208643666133 31.267703679538787 7.06
      vertex -23.525 31.40214699700121 7.06
      vertex -23.525 31.40214699700121 7.05
    endloop
  endfacet
  facet normal -0.44228869021901507 0.8968727415326815 0
    outer loop
      vertex -23.525 31.40214699700121 7.05
      vertex -23.525 31.40214699700121 7.06
      vertex -23.307964349875416 31.509177135145883 7.06
    endloop
  endfacet
  facet normal -0.6998526266023776 0.04587076460785113 0.7128128604283485
    outer loop
      vertex -24.45 29.8 7.06
      vertex -23.9 29.8 7.6
      vertex -24.43417299354155 30.041473455607097 7.06
    endloop
  endfacet
  facet normal -0.6878779541254018 0.1368274323233695 0.7128128604283493
    outer loop
      vertex -24.43417299354155 30.041473455607097 7.06
      vertex -23.888878319785952 29.96968404988607 7.6
      vertex -24.386962778634775 30.278815233439666 7.06
    endloop
  endfacet
  facet normal -0.6641334991375458 0.2254429447360756 0.7128128604283499
    outer loop
      vertex -24.386962778634775 30.278815233439666 7.06
      vertex -23.855703574175784 30.136464758633277 7.6
      vertex -24.30917713514588 30.507964349875415 7.06
    endloop
  endfacet
  facet normal -0.6290255358468526 0.31020106585976215 0.7128128604283508
    outer loop
      vertex -24.30917713514588 30.507964349875415 7.06
      vertex -23.725833024919766 30.45 7.6
      vertex -24.20214699700121 30.725 7.06
    endloop
  endfacet
  facet normal -0.5831547712389892 0.38965156074261365 0.7128128604283506
    outer loop
      vertex -24.20214699700121 30.725 7.06
      vertex -23.725833024919766 30.45 7.6
      vertex -24.067703679538784 30.926208643666133 7.06
    endloop
  endfacet
  facet normal -0.6998526266023759 0.04587076460785742 0.7128128604283498
    outer loop
      vertex -24.43417299354155 30.041473455607097 7.06
      vertex -23.9 29.8 7.6
      vertex -23.888878319785952 29.96968404988607 7.6
    endloop
  endfacet
  facet normal -0.6878779541253998 0.13682743232337444 0.7128128604283502
    outer loop
      vertex -24.386962778634775 30.278815233439666 7.06
      vertex -23.888878319785952 29.96968404988607 7.6
      vertex -23.855703574175784 30.136464758633277 7.6
    endloop
  endfacet
  facet normal -0.6641334991375504 0.22544294473606735 0.7128128604283482
    outer loop
      vertex -24.30917713514588 30.507964349875415 7.06
      vertex -23.855703574175784 30.136464758633277 7.6
      vertex -23.80104339226467 30.297488462074618 7.6
    endloop
  endfacet
  facet normal -0.6290255358468484 0.3102010658597776 0.7128128604283478
    outer loop
      vertex -24.30917713514588 30.507964349875415 7.06
      vertex -23.80104339226467 30.297488462074618 7.6
      vertex -23.725833024919766 30.45 7.6
    endloop
  endfacet
  facet normal -0.5831547712389972 0.38965156074260554 0.7128128604283486
    outer loop
      vertex -24.067703679538784 30.926208643666133 7.06
      vertex -23.725833024919766 30.45 7.6
      vertex -23.6313593423786 30.591389857711338 7.6
    endloop
  endfacet
  facet normal -0.5273060668141893 0.462435009389325 0.7128128604283487
    outer loop
      vertex -24.067703679538784 30.926208643666133 7.06
      vertex -23.6313593423786 30.591389857711338 7.6
      vertex -23.519238815542508 30.719238815542514 7.6
    endloop
  endfacet
  facet normal 0 0 1
    outer loop
      vertex -23.9 29.8 7.6
      vertex -23.855703574175784 30.136464758633277 7.6
      vertex -23.888878319785952 29.96968404988607 7.6
    endloop
  endfacet
  facet normal 0 0 1
    outer loop
      vertex -23.855703574175784 30.136464758633277 7.6
      vertex -23.725833024919766 30.45 7.6
      vertex -23.80104339226467 30.297488462074618 7.6
    endloop
  endfacet
  facet normal 0 0 1
    outer loop
      vertex -23.6 29.8 7.6
      vertex -23.59144486137381 29.930526192220054 7.6
      vertex -23.855703574175784 30.136464758633277 7.6
    endloop
  endfacet
  facet normal 0 0 1
    outer loop
      vertex -23.855703574175784 30.136464758633277 7.6
      vertex -23.59144486137381 29.930526192220054 7.6
      vertex -23.565925826289067 30.05881904510252 7.6
    endloop
  endfacet
  facet normal 0 0 1
    outer loop
      vertex -23.855703574175784 30.136464758633277 7.6
      vertex -23.565925826289067 30.05881904510252 7.6
      vertex -23.523879532511287 30.182683432365092 7.6
    endloop
  endfacet
  facet normal 0 0 1
    outer loop
      vertex -23.855703574175784 30.136464758633277 7.6
      vertex -23.523879532511287 30.182683432365092 7.6
      vertex -23.46602540378444 30.3 7.6
    endloop
  endfacet
  facet normal 0 0 1
    outer loop
      vertex -23.855703574175784 30.136464758633277 7.6
      vertex -23.46602540378444 30.3 7.6
      vertex -23.393353340291235 30.40876142900872 7.6
    endloop
  endfacet
  facet normal 0 0 1
    outer loop
      vertex -23.855703574175784 30.136464758633277 7.6
      vertex -23.391389857711335 30.831359342378608 7.6
      vertex -23.725833024919766 30.45 7.6
    endloop
  endfacet
  facet normal 0 0 1
    outer loop
      vertex -23.855703574175784 30.136464758633277 7.6
      vertex -23.393353340291235 30.40876142900872 7.6
      vertex -23.307106781186548 30.507106781186547 7.6
    endloop
  endfacet
  facet normal 0 0 1
    outer loop
      vertex -23.725833024919766 30.45 7.6
      vertex -23.391389857711335 30.831359342378608 7.6
      vertex -23.6313593423786 30.591389857711338 7.6
    endloop
  endfacet
  facet normal 0 0 1
    outer loop
      vertex -23.6313593423786 30.591389857711338 7.6
      vertex -23.391389857711335 30.831359342378608 7.6
      vertex -23.519238815542508 30.719238815542514 7.6
    endloop
  endfacet
  facet normal 0 0 1
    outer loop
      vertex -23.855703574175784 30.136464758633277 7.6
      vertex -23.307106781186548 30.507106781186547 7.6
      vertex -23.20876142900872 30.593353340291237 7.6
    endloop
  endfacet
  facet normal 0 0 1
    outer loop
      vertex -23.855703574175784 30.136464758633277 7.6
      vertex -22.599999999999998 31.1 7.6
      vertex -23.391389857711335 30.831359342378608 7.6
    endloop
  endfacet
  facet normal 0 0 1
    outer loop
      vertex -23.855703574175784 30.136464758633277 7.6
      vertex -23.20876142900872 30.593353340291237 7.6
      vertex -22.599999999999998 31.1 7.6
    endloop
  endfacet
  facet normal 0 0 1
    outer loop
      vertex -23.20876142900872 30.593353340291237 7.6
      vertex -23.1 30.666025403784438 7.6
      vertex -22.599999999999998 31.1 7.6
    endloop
  endfacet
  facet normal 0 0 1
    outer loop
      vertex -23.1 30.666025403784438 7.6
      vertex -22.98268343236509 30.723879532511287 7.6
      vertex -22.599999999999998 31.1 7.6
    endloop
  endfacet
  facet normal -0.5273060668141893 0.462435009389325 0.7128128604283487
    outer loop
      vertex -24.067703679538784 30.926208643666133 7.06
      vertex -23.519238815542508 30.719238815542514 7.6
      vertex -23.908147545195114 31.108147545195113 7.06
    endloop
  endfacet
  facet normal -0.4624350093893312 0.5273060668141847 0.7128128604283482
    outer loop
      vertex -23.908147545195114 31.108147545195113 7.06
      vertex -23.391389857711335 30.831359342378608 7.6
      vertex -23.726208643666133 31.267703679538787 7.06
    endloop
  endfacet
  facet normal -0.3896515607426044 0.583154771239001 0.7128128604283461
    outer loop
      vertex -23.726208643666133 31.267703679538787 7.06
      vertex -23.25 30.925833024919772 7.6
      vertex -23.525 31.40214699700121 7.06
    endloop
  endfacet
  facet normal -0.3102010658597766 0.6290255358468507 0.7128128604283461
    outer loop
      vertex -23.525 31.40214699700121 7.06
      vertex -23.25 30.925833024919772 7.6
      vertex -23.307964349875416 31.509177135145883 7.06
    endloop
  endfacet
  facet normal -0.22544294473607268 0.6641334991375476 0.7128128604283491
    outer loop
      vertex -23.307964349875416 31.509177135145883 7.06
      vertex -23.097488462074615 31.001043392264673 7.6
      vertex -23.078815233439663 31.586962778634778 7.06
    endloop
  endfacet
  facet normal -0.13682743232335995 0.6878779541254054 0.7128128604283476
    outer loop
      vertex -23.078815233439663 31.586962778634778 7.06
      vertex -22.936464758633274 31.05570357417579 7.6
      vertex -22.841473455607094 31.63417299354155 7.06
    endloop
  endfacet
  facet normal -0.04587076460786212 0.6998526266023778 0.7128128604283476
    outer loop
      vertex -22.841473455607094 31.63417299354155 7.06
      vertex -22.769684049886067 31.088878319785955 7.6
      vertex -22.6 31.650000000000002 7.06
    endloop
  endfacet
  facet normal -0.46243500938933224 0.5273060668141833 0.7128128604283486
    outer loop
      vertex -23.908147545195114 31.108147545195113 7.06
      vertex -23.519238815542508 30.719238815542514 7.6
      vertex -23.391389857711335 30.831359342378608 7.6
    endloop
  endfacet
  facet normal -0.38965156074261253 0.5831547712389931 0.7128128604283482
    outer loop
      vertex -23.726208643666133 31.267703679538787 7.06
      vertex -23.391389857711335 30.831359342378608 7.6
      vertex -23.25 30.925833024919772 7.6
    endloop
  endfacet
  facet normal -0.31020106585975904 0.6290255358468556 0.7128128604283495
    outer loop
      vertex -23.307964349875416 31.509177135145883 7.06
      vertex -23.25 30.925833024919772 7.6
      vertex -23.097488462074615 31.001043392264673 7.6
    endloop
  endfacet
  facet normal -0.22544294473608065 0.6641334991375465 0.7128128604283477
    outer loop
      vertex -23.078815233439663 31.586962778634778 7.06
      vertex -23.097488462074615 31.001043392264673 7.6
      vertex -22.936464758633274 31.05570357417579 7.6
    endloop
  endfacet
  facet normal -0.13682743232336106 0.6878779541254055 0.7128128604283475
    outer loop
      vertex -22.936464758633274 31.05570357417579 7.6
      vertex -22.769684049886067 31.088878319785955 7.6
      vertex -22.841473455607094 31.63417299354155 7.06
    endloop
  endfacet
  facet normal -0.04587076460785751 0.6998526266023772 0.7128128604283485
    outer loop
      vertex -22.6 31.650000000000002 7.06
      vertex -22.769684049886067 31.088878319785955 7.6
      vertex -22.599999999999998 31.1 7.6
    endloop
  endfacet
  facet normal 0 0 1
    outer loop
      vertex -23.391389857711335 30.831359342378608 7.6
      vertex -23.097488462074615 31.001043392264673 7.6
      vertex -23.25 30.925833024919772 7.6
    endloop
  endfacet
  facet normal 0 0 1
    outer loop
      vertex -23.391389857711335 30.831359342378608 7.6
      vertex -22.599999999999998 31.1 7.6
      vertex -23.097488462074615 31.001043392264673 7.6
    endloop
  endfacet
  facet normal 0 0 1
    outer loop
      vertex -22.98268343236509 30.723879532511287 7.6
      vertex -22.85881904510252 30.76592582628907 7.6
      vertex -22.599999999999998 31.1 7.6
    endloop
  endfacet
  facet normal 0 0 1
    outer loop
      vertex -23.097488462074615 31.001043392264673 7.6
      vertex -22.599999999999998 31.1 7.6
      vertex -22.936464758633274 31.05570357417579 7.6
    endloop
  endfacet
  facet normal 0 0 1
    outer loop
      vertex -22.85881904510252 30.76592582628907 7.6
      vertex -22.73052619222005 30.79144486137381 7.6
      vertex -22.599999999999998 31.1 7.6
    endloop
  endfacet
  facet normal 0 0 1
    outer loop
      vertex -22.936464758633274 31.05570357417579 7.6
      vertex -22.599999999999998 31.1 7.6
      vertex -22.769684049886067 31.088878319785955 7.6
    endloop
  endfacet
  facet normal 0 0 1
    outer loop
      vertex -22.73052619222005 30.79144486137381 7.6
      vertex -22.6 30.8 7.6
      vertex -22.599999999999998 31.1 7.6
    endloop
  endfacet
  facet normal 0 0.7005900799982014 0.7135639703685395
    outer loop
      vertex -22.6 31.650000000000002 7.06
      vertex -22.599999999999998 31.1 7.6
      vertex -19.368971061093248 31.650000000000002 7.06
    endloop
  endfacet
  facet normal 0 0 1
    outer loop
      vertex -22.6 30.8 7.6
      vertex -18.909163987138264 31.1 7.6
      vertex -22.599999999999998 31.1 7.6
    endloop
  endfacet
  facet normal 0 0.7005900799982013 0.7135639703685394
    outer loop
      vertex -22.599999999999998 31.1 7.6
      vertex -18.909163987138264 31.1 7.6
      vertex -19.368971061093248 31.650000000000002 7.06
    endloop
  endfacet
  facet normal 0 0 1
    outer loop
      vertex -22.6 30.8 7.6
      vertex -18.658360128617364 30.8 7.6
      vertex -18.909163987138264 31.1 7.6
    endloop
  endfacet
  facet normal 1 0 0
    outer loop
      vertex -4.25 -29.8 5
      vertex -4.25 29.8 5
      vertex -4.25 22.784 5.736690167167041
    endloop
  endfacet
  facet normal 1 0 0
    outer loop
      vertex -4.25 -6.783999999999999 6.863309832832958
      vertex -4.25 6.783999999999999 5.736690167167041
      vertex -4.25 6.783999999999999 6.863309832832958
    endloop
  endfacet
  facet normal 1 0 0
    outer loop
      vertex -4.25 -29.8 7.06
      vertex -4.25 22.784 6.863309832832958
      vertex -4.25 29.8 7.06
    endloop
  endfacet
  facet normal 0 0 1
    outer loop
      vertex -5.1 -29.8 7.6
      vertex -4.844296425824213 30.136464758633277 7.6
      vertex -5.1 29.8 7.6
    endloop
  endfacet
  facet normal 0.7005900799982014 0 0.7135639703685394
    outer loop
      vertex -4.25 -29.8 7.06
      vertex -4.25 29.8 7.06
      vertex -4.800000000000001 29.8 7.6
    endloop
  endfacet
  facet normal 0 0 1
    outer loop
      vertex -4.800000000000001 -29.8 7.6
      vertex -4.800000000000001 29.8 7.6
      vertex -4.844296425824213 30.136464758633277 7.6
    endloop
  endfacet
  facet normal 0 1 0
    outer loop
      vertex -9.33102893890675 31.650000000000002 5
      vertex -9.33102893890675 31.650000000000002 7.06
      vertex -6.1 31.650000000000002 5
    endloop
  endfacet
  facet normal 0.4422886902190121 0.8968727415326828 0
    outer loop
      vertex -5.392035650124583 31.509177135145883 5
      vertex -5.174999999999999 31.40214699700121 5.01
      vertex -5.174999999999999 31.40214699700121 5
    endloop
  endfacet
  facet normal 0.5555702330195941 0.8314696123025508 0
    outer loop
      vertex -5.174999999999999 31.40214699700121 5
      vertex -5.174999999999999 31.40214699700121 5.01
      vertex -4.973791356333866 31.267703679538787 5
    endloop
  endfacet
  facet normal 0.06540312923014546 0.9978589232386033 0
    outer loop
      vertex -6.1 31.650000000000002 5
      vertex -5.8585265443929035 31.63417299354155 7.06
      vertex -5.8585265443929035 31.63417299354155 5
    endloop
  endfacet
  facet normal 0.19509032201612936 0.9807852804032302 0
    outer loop
      vertex -5.8585265443929035 31.63417299354155 5
      vertex -5.8585265443929035 31.63417299354155 7.06
      vertex -5.6211847665603365 31.586962778634778 5
    endloop
  endfacet
  facet normal 0.32143946530315654 0.9469301294951074 0
    outer loop
      vertex -5.6211847665603365 31.586962778634778 5
      vertex -5.392035650124583 31.509177135145883 7.06
      vertex -5.392035650124583 31.509177135145883 5
    endloop
  endfacet
  facet normal 0.4422886902190122 0.896872741532683 0
    outer loop
      vertex -5.392035650124583 31.509177135145883 5
      vertex -5.174999999999999 31.40214699700121 7.06
      vertex -5.174999999999999 31.40214699700121 5.01
    endloop
  endfacet
  facet normal 0.5555702330195941 0.8314696123025507 0
    outer loop
      vertex -5.174999999999999 31.40214699700121 5.01
      vertex -5.174999999999999 31.40214699700121 7.06
      vertex -4.973791356333866 31.267703679538787 5
    endloop
  endfacet
  facet normal 0.6593458151000814 0.7518398074789665 -7.307723022737944e-16
    outer loop
      vertex -4.973791356333866 31.267703679538787 5
      vertex -4.7918524548048875 31.108147545195113 7.06
      vertex -4.791852454804886 31.10814754519511 5
    endloop
  endfacet
  facet normal 0.8314696123025416 0.5555702330196076 0
    outer loop
      vertex -4.497853002998788 30.725 5
      vertex -4.632296320461215 30.926208643666133 5
      vertex -4.497853002998788 30.725 7.06
    endloop
  endfacet
  facet normal 0.8968727415326903 0.44228869021899747 0
    outer loop
      vertex -4.497853002998788 30.725 5
      vertex -4.497853002998788 30.725 7.06
      vertex -4.390822864854119 30.507964349875415 5
    endloop
  endfacet
  facet normal 0.9978589232386038 0.06540312923013816 0
    outer loop
      vertex -4.25 29.8 5
      vertex -4.26582700645845 30.041473455607097 5
      vertex -4.25 29.8 7.06
    endloop
  endfacet
  facet normal 0.9807852804032304 0.19509032201612794 0
    outer loop
      vertex -4.26582700645845 30.041473455607097 5
      vertex -4.313037221365223 30.278815233439666 5
      vertex -4.26582700645845 30.041473455607097 7.06
    endloop
  endfacet
  facet normal 0.9469301294951036 0.3214394653031676 0
    outer loop
      vertex -4.313037221365223 30.278815233439666 5
      vertex -4.390822864854119 30.507964349875415 5
      vertex -4.313037221365223 30.278815233439666 7.06
    endloop
  endfacet
  facet normal 0.7518398074789746 0.6593458151000721 0
    outer loop
      vertex -4.791852454804886 31.10814754519511 5
      vertex -4.632296320461215 30.926208643666133 7.06
      vertex -4.632296320461215 30.926208643666133 5
    endloop
  endfacet
  facet normal 0 1 0
    outer loop
      vertex -9.33102893890675 31.650000000000002 7.06
      vertex -6.1 31.650000000000002 7.06
      vertex -6.1 31.650000000000002 5
    endloop
  endfacet
  facet normal 0 0.7005900799982014 0.7135639703685394
    outer loop
      vertex -9.33102893890675 31.650000000000002 7.06
      vertex -9.790836012861735 31.1 7.6
      vertex -6.100000000000001 31.1 7.6
    endloop
  endfacet
  facet normal 0 0 1
    outer loop
      vertex -10.041639871382635 30.8 7.6
      vertex -6.1 30.8 7.6
      vertex -9.790836012861735 31.1 7.6
    endloop
  endfacet
  facet normal 0 0.7005900799982014 0.7135639703685394
    outer loop
      vertex -9.33102893890675 31.650000000000002 7.06
      vertex -6.100000000000001 31.1 7.6
      vertex -6.1 31.650000000000002 7.06
    endloop
  endfacet
  facet normal 0 0 1
    outer loop
      vertex -9.790836012861735 31.1 7.6
      vertex -6.1 30.8 7.6
      vertex -6.100000000000001 31.1 7.6
    endloop
  endfacet
  facet normal 1 0 0
    outer loop
      vertex -4.25 29.8 5
      vertex -4.25 22.784 6.863309832832958
      vertex -4.25 22.784 5.736690167167041
    endloop
  endfacet
  facet normal 1 0 0
    outer loop
      vertex -4.25 29.8 5
      vertex -4.25 29.8 7.06
      vertex -4.25 22.784 6.863309832832958
    endloop
  endfacet
  facet normal 0.06540312923014546 0.9978589232386033 0
    outer loop
      vertex -6.1 31.650000000000002 5
      vertex -6.1 31.650000000000002 7.06
      vertex -5.8585265443929035 31.63417299354155 7.06
    endloop
  endfacet
  facet normal 0.19509032201612936 0.9807852804032302 0
    outer loop
      vertex -5.6211847665603365 31.586962778634778 5
      vertex -5.8585265443929035 31.63417299354155 7.06
      vertex -5.6211847665603365 31.586962778634778 7.06
    endloop
  endfacet
  facet normal 0.32143946530315654 0.9469301294951074 0
    outer loop
      vertex -5.6211847665603365 31.586962778634778 5
      vertex -5.6211847665603365 31.586962778634778 7.06
      vertex -5.392035650124583 31.509177135145883 7.06
    endloop
  endfacet
  facet normal 0.4422886902190121 0.8968727415326829 0
    outer loop
      vertex -5.392035650124583 31.509177135145883 5
      vertex -5.392035650124583 31.509177135145883 7.06
      vertex -5.174999999999999 31.40214699700121 7.06
    endloop
  endfacet
  facet normal 0.5555702330195942 0.8314696123025507 0
    outer loop
      vertex -4.973791356333866 31.267703679538787 5
      vertex -5.174999999999999 31.40214699700121 7.06
      vertex -4.973791356333866 31.267703679538787 7.06
    endloop
  endfacet
  facet normal 0.6593458151000766 0.7518398074789705 0
    outer loop
      vertex -4.973791356333866 31.267703679538787 5
      vertex -4.973791356333866 31.267703679538787 7.06
      vertex -4.7918524548048875 31.108147545195113 7.06
    endloop
  endfacet
  facet normal 0.8968727415326903 0.44228869021899747 0
    outer loop
      vertex -4.390822864854119 30.507964349875415 5
      vertex -4.497853002998788 30.725 7.06
      vertex -4.390822864854119 30.507964349875415 7.06
    endloop
  endfacet
  facet normal 0.9978589232386038 0.06540312923013816 0
    outer loop
      vertex -4.26582700645845 30.041473455607097 5
      vertex -4.26582700645845 30.041473455607097 7.06
      vertex -4.25 29.8 7.06
    endloop
  endfacet
  facet normal 0.9807852804032304 0.19509032201612794 0
    outer loop
      vertex -4.313037221365223 30.278815233439666 5
      vertex -4.313037221365223 30.278815233439666 7.06
      vertex -4.26582700645845 30.041473455607097 7.06
    endloop
  endfacet
  facet normal 0.9469301294951036 0.3214394653031676 0
    outer loop
      vertex -4.390822864854119 30.507964349875415 5
      vertex -4.390822864854119 30.507964349875415 7.06
      vertex -4.313037221365223 30.278815233439666 7.06
    endloop
  endfacet
  facet normal 0.7518398074789774 0.659345815100069 -4.88801510785064e-16
    outer loop
      vertex -4.791852454804886 31.10814754519511 5
      vertex -4.7918524548048875 31.108147545195113 7.06
      vertex -4.632296320461215 30.926208643666133 7.06
    endloop
  endfacet
  facet normal 0.8314696123025416 0.5555702330196076 0
    outer loop
      vertex -4.632296320461215 30.926208643666133 5
      vertex -4.632296320461215 30.926208643666133 7.06
      vertex -4.497853002998788 30.725 7.06
    endloop
  endfacet
  facet normal 0 0 1
    outer loop
      vertex -6.100000000000001 31.1 7.6
      vertex -5.71731656763491 30.723879532511287 7.6
      vertex -5.6 30.666025403784438 7.6
    endloop
  endfacet
  facet normal 0 0 1
    outer loop
      vertex -6.100000000000001 31.1 7.6
      vertex -5.6 30.666025403784438 7.6
      vertex -5.491238570991278 30.593353340291237 7.6
    endloop
  endfacet
  facet normal 0.5273060668141902 0.46243500938932525 0.7128128604283479
    outer loop
      vertex -4.632296320461215 30.926208643666133 7.06
      vertex -5.18076118445749 30.719238815542514 7.6
      vertex -5.068640657621396 30.591389857711338 7.6
    endloop
  endfacet
  facet normal 0.5831547712389958 0.38965156074260465 0.7128128604283502
    outer loop
      vertex -4.497853002998788 30.725 7.06
      vertex -5.068640657621396 30.591389857711338 7.6
      vertex -4.974166975080232 30.45 7.6
    endloop
  endfacet
  facet normal 0 0 1
    outer loop
      vertex -6.100000000000001 31.1 7.6
      vertex -5.491238570991278 30.593353340291237 7.6
      vertex -4.844296425824213 30.136464758633277 7.6
    endloop
  endfacet
  facet normal 0 0 1
    outer loop
      vertex -5.491238570991278 30.593353340291237 7.6
      vertex -5.392893218813452 30.507106781186547 7.6
      vertex -4.844296425824213 30.136464758633277 7.6
    endloop
  endfacet
  facet normal 0 0 1
    outer loop
      vertex -6.100000000000001 31.1 7.6
      vertex -4.844296425824213 30.136464758633277 7.6
      vertex -5.308610142288664 30.831359342378608 7.6
    endloop
  endfacet
  facet normal 0 0 1
    outer loop
      vertex -5.134074173710932 30.05881904510252 7.6
      vertex -5.108555138626189 29.930526192220054 7.6
      vertex -4.844296425824213 30.136464758633277 7.6
    endloop
  endfacet
  facet normal 0 0 1
    outer loop
      vertex -5.306646659708765 30.40876142900872 7.6
      vertex -5.23397459621556 30.3 7.6
      vertex -4.844296425824213 30.136464758633277 7.6
    endloop
  endfacet
  facet normal 0 0 1
    outer loop
      vertex -5.134074173710932 30.05881904510252 7.6
      vertex -4.844296425824213 30.136464758633277 7.6
      vertex -5.176120467488714 30.182683432365092 7.6
    endloop
  endfacet
  facet normal 0 0 1
    outer loop
      vertex -5.23397459621556 30.3 7.6
      vertex -5.176120467488714 30.182683432365092 7.6
      vertex -4.844296425824213 30.136464758633277 7.6
    endloop
  endfacet
  facet normal 0 0 1
    outer loop
      vertex -5.1 29.8 7.6
      vertex -4.844296425824213 30.136464758633277 7.6
      vertex -5.108555138626189 29.930526192220054 7.6
    endloop
  endfacet
  facet normal 0 0 1
    outer loop
      vertex -5.392893218813452 30.507106781186547 7.6
      vertex -5.306646659708765 30.40876142900872 7.6
      vertex -4.844296425824213 30.136464758633277 7.6
    endloop
  endfacet
  facet normal 0 0 1
    outer loop
      vertex -5.308610142288664 30.831359342378608 7.6
      vertex -4.844296425824213 30.136464758633277 7.6
      vertex -5.068640657621396 30.591389857711338 7.6
    endloop
  endfacet
  facet normal 0 0 1
    outer loop
      vertex -5.308610142288664 30.831359342378608 7.6
      vertex -5.068640657621396 30.591389857711338 7.6
      vertex -5.18076118445749 30.719238815542514 7.6
    endloop
  endfacet
  facet normal 0 0 1
    outer loop
      vertex -5.068640657621396 30.591389857711338 7.6
      vertex -4.898956607735329 30.297488462074618 7.6
      vertex -4.974166975080232 30.45 7.6
    endloop
  endfacet
  facet normal 0 0 1
    outer loop
      vertex -5.068640657621396 30.591389857711338 7.6
      vertex -4.844296425824213 30.136464758633277 7.6
      vertex -4.898956607735329 30.297488462074618 7.6
    endloop
  endfacet
  facet normal 0.0458707646078614 0.6998526266023771 0.7128128604283482
    outer loop
      vertex -6.1 31.650000000000002 7.06
      vertex -6.100000000000001 31.1 7.6
      vertex -5.8585265443929035 31.63417299354155 7.06
    endloop
  endfacet
  facet normal 0.13682743232336092 0.6878779541254052 0.7128128604283476
    outer loop
      vertex -5.8585265443929035 31.63417299354155 7.06
      vertex -5.763535241366725 31.05570357417579 7.6
      vertex -5.6211847665603365 31.586962778634778 7.06
    endloop
  endfacet
  facet normal 0.3102010658597741 0.6290255358468507 0.7128128604283471
    outer loop
      vertex -5.392035650124583 31.509177135145883 7.06
      vertex -5.450000000000001 30.925833024919772 7.6
      vertex -5.174999999999999 31.40214699700121 7.06
    endloop
  endfacet
  facet normal 0.2254429447360731 0.6641334991375488 0.7128128604283478
    outer loop
      vertex -5.6211847665603365 31.586962778634778 7.06
      vertex -5.763535241366725 31.05570357417579 7.6
      vertex -5.392035650124583 31.509177135145883 7.06
    endloop
  endfacet
  facet normal 0.4624350093893338 0.5273060668141825 0.7128128604283481
    outer loop
      vertex -4.973791356333866 31.267703679538787 7.06
      vertex -5.308610142288664 30.831359342378608 7.6
      vertex -4.7918524548048875 31.108147545195113 7.06
    endloop
  endfacet
  facet normal 0.3896515607426061 0.5831547712389984 0.7128128604283472
    outer loop
      vertex -5.174999999999999 31.40214699700121 7.06
      vertex -5.450000000000001 30.925833024919772 7.6
      vertex -4.973791356333866 31.267703679538787 7.06
    endloop
  endfacet
  facet normal 0.527306066814188 0.46243500938932897 0.7128128604283471
    outer loop
      vertex -4.7918524548048875 31.108147545195113 7.06
      vertex -5.18076118445749 30.719238815542514 7.6
      vertex -4.632296320461215 30.926208643666133 7.06
    endloop
  endfacet
  facet normal 0.045870764607858446 0.6998526266023779 0.7128128604283475
    outer loop
      vertex -5.8585265443929035 31.63417299354155 7.06
      vertex -6.100000000000001 31.1 7.6
      vertex -5.930315950113934 31.088878319785955 7.6
    endloop
  endfacet
  facet normal 0.13682743232335967 0.6878779541254053 0.7128128604283479
    outer loop
      vertex -5.8585265443929035 31.63417299354155 7.06
      vertex -5.930315950113934 31.088878319785955 7.6
      vertex -5.763535241366725 31.05570357417579 7.6
    endloop
  endfacet
  facet normal 0 0 1
    outer loop
      vertex -6.1 30.8 7.6
      vertex -5.9694738077799485 30.79144486137381 7.6
      vertex -6.100000000000001 31.1 7.6
    endloop
  endfacet
  facet normal 0 0 1
    outer loop
      vertex -5.9694738077799485 30.79144486137381 7.6
      vertex -5.84118095489748 30.76592582628907 7.6
      vertex -6.100000000000001 31.1 7.6
    endloop
  endfacet
  facet normal 0 0 1
    outer loop
      vertex -6.100000000000001 31.1 7.6
      vertex -5.763535241366725 31.05570357417579 7.6
      vertex -5.930315950113934 31.088878319785955 7.6
    endloop
  endfacet
  facet normal 0 0 1
    outer loop
      vertex -5.84118095489748 30.76592582628907 7.6
      vertex -5.71731656763491 30.723879532511287 7.6
      vertex -6.100000000000001 31.1 7.6
    endloop
  endfacet
  facet normal 0 0 1
    outer loop
      vertex -6.100000000000001 31.1 7.6
      vertex -5.308610142288664 30.831359342378608 7.6
      vertex -5.763535241366725 31.05570357417579 7.6
    endloop
  endfacet
  facet normal 0.22544294473608006 0.6641334991375447 0.7128128604283495
    outer loop
      vertex -5.392035650124583 31.509177135145883 7.06
      vertex -5.763535241366725 31.05570357417579 7.6
      vertex -5.602511537925384 31.001043392264673 7.6
    endloop
  endfacet
  facet normal 0.31020106585976204 0.6290255358468543 0.7128128604283495
    outer loop
      vertex -5.392035650124583 31.509177135145883 7.06
      vertex -5.602511537925384 31.001043392264673 7.6
      vertex -5.450000000000001 30.925833024919772 7.6
    endloop
  endfacet
  facet normal 0.38965156074260926 0.5831547712389954 0.7128128604283481
    outer loop
      vertex -4.973791356333866 31.267703679538787 7.06
      vertex -5.450000000000001 30.925833024919772 7.6
      vertex -5.308610142288664 30.831359342378608 7.6
    endloop
  endfacet
  facet normal 0.4624350093893298 0.5273060668141876 0.712812860428347
    outer loop
      vertex -4.7918524548048875 31.108147545195113 7.06
      vertex -5.308610142288664 30.831359342378608 7.6
      vertex -5.18076118445749 30.719238815542514 7.6
    endloop
  endfacet
  facet normal 0 0 1
    outer loop
      vertex -5.308610142288664 30.831359342378608 7.6
      vertex -5.602511537925384 31.001043392264673 7.6
      vertex -5.763535241366725 31.05570357417579 7.6
    endloop
  endfacet
  facet normal 0 0 1
    outer loop
      vertex -5.308610142288664 30.831359342378608 7.6
      vertex -5.450000000000001 30.925833024919772 7.6
      vertex -5.602511537925384 31.001043392264673 7.6
    endloop
  endfacet
  facet normal 0.6998526266023773 0.04587076460785649 0.7128128604283482
    outer loop
      vertex -4.800000000000001 29.8 7.6
      vertex -4.25 29.8 7.06
      vertex -4.26582700645845 30.041473455607097 7.06
    endloop
  endfacet
  facet normal 0.6878779541254033 0.13682743232335956 0.7128128604283498
    outer loop
      vertex -4.844296425824213 30.136464758633277 7.6
      vertex -4.26582700645845 30.041473455607097 7.06
      vertex -4.313037221365223 30.278815233439666 7.06
    endloop
  endfacet
  facet normal 0.6641334991375444 0.22544294473608015 0.7128128604283499
    outer loop
      vertex -4.844296425824213 30.136464758633277 7.6
      vertex -4.313037221365223 30.278815233439666 7.06
      vertex -4.390822864854119 30.507964349875415 7.06
    endloop
  endfacet
  facet normal 0.5831547712389915 0.3896515607426152 0.7128128604283481
    outer loop
      vertex -4.497853002998788 30.725 7.06
      vertex -4.632296320461215 30.926208643666133 7.06
      vertex -5.068640657621396 30.591389857711338 7.6
    endloop
  endfacet
  facet normal 0.6290255358468547 0.3102010658597632 0.7128128604283483
    outer loop
      vertex -4.497853002998788 30.725 7.06
      vertex -4.898956607735329 30.297488462074618 7.6
      vertex -4.390822864854119 30.507964349875415 7.06
    endloop
  endfacet
  facet normal 0.6998526266023751 0.04587076460786508 0.7128128604283499
    outer loop
      vertex -4.800000000000001 29.8 7.6
      vertex -4.26582700645845 30.041473455607097 7.06
      vertex -4.811121680214049 29.96968404988607 7.6
    endloop
  endfacet
  facet normal 0.6878779541254032 0.1368274323233606 0.7128128604283496
    outer loop
      vertex -4.811121680214049 29.96968404988607 7.6
      vertex -4.26582700645845 30.041473455607097 7.06
      vertex -4.844296425824213 30.136464758633277 7.6
    endloop
  endfacet
  facet normal 0.6641334991375479 0.2254429447360738 0.7128128604283483
    outer loop
      vertex -4.898956607735329 30.297488462074618 7.6
      vertex -4.844296425824213 30.136464758633277 7.6
      vertex -4.390822864854119 30.507964349875415 7.06
    endloop
  endfacet
  facet normal 0.6290255358468492 0.31020106585977075 0.71281286042835
    outer loop
      vertex -4.497853002998788 30.725 7.06
      vertex -4.974166975080232 30.45 7.6
      vertex -4.898956607735329 30.297488462074618 7.6
    endloop
  endfacet
  facet normal 0 0 1
    outer loop
      vertex -4.800000000000001 29.8 7.6
      vertex -4.811121680214049 29.96968404988607 7.6
      vertex -4.844296425824213 30.136464758633277 7.6
    endloop
  endfacet
  facet normal 0.8314696123025397 0.5555702330196105 0
    outer loop
      vertex -23.46602540378444 -30.3 5
      vertex -23.46602540378444 -30.3 7.6
      vertex -23.393353340291235 -30.40876142900872 5
    endloop
  endfacet
  facet normal 0.7518398074789787 0.6593458151000675 0
    outer loop
      vertex -23.393353340291235 -30.40876142900872 5
      vertex -23.393353340291235 -30.40876142900872 7.6
      vertex -23.307106781186548 -30.507106781186547 5
    endloop
  endfacet
  facet normal 0.8968727415326845 0.44228869021900913 0
    outer loop
      vertex -23.523879532511287 -30.182683432365092 5
      vertex -23.523879532511287 -30.182683432365092 7.6
      vertex -23.46602540378444 -30.3 5
    endloop
  endfacet
  facet normal 0.9469301294951114 0.32143946530314454 0
    outer loop
      vertex -23.523879532511287 -30.182683432365092 5
      vertex -23.565925826289067 -30.05881904510252 5
      vertex -23.565925826289067 -30.05881904510252 7.6
    endloop
  endfacet
  facet normal 0.997858923238602 0.06540312923016546 0
    outer loop
      vertex -23.59144486137381 -29.930526192220054 5
      vertex -23.6 -29.8 5
      vertex -23.6 -29.8 7.6
    endloop
  endfacet
  facet normal 0.9807852804032309 0.19509032201612622 0
    outer loop
      vertex -23.59144486137381 -29.930526192220054 5
      vertex -23.59144486137381 -29.930526192220054 7.6
      vertex -23.565925826289067 -30.05881904510252 5
    endloop
  endfacet
  facet normal 0.5555702330195917 0.8314696123025523 0
    outer loop
      vertex -23.20876142900872 -30.593353340291237 5
      vertex -23.20876142900872 -30.593353340291237 7.6
      vertex -23.1 -30.666025403784438 5
    endloop
  endfacet
  facet normal 0.6593458151000827 0.7518398074789652 0
    outer loop
      vertex -23.307106781186548 -30.507106781186547 5
      vertex -23.307106781186548 -30.507106781186547 7.6
      vertex -23.20876142900872 -30.593353340291237 5
    endloop
  endfacet
  facet normal 0.4422886902189983 0.8968727415326898 0
    outer loop
      vertex -23.1 -30.666025403784438 5
      vertex -23.1 -30.666025403784438 7.6
      vertex -22.98268343236509 -30.723879532511287 5
    endloop
  endfacet
  facet normal 0.3214394653031772 0.9469301294951004 0
    outer loop
      vertex -22.98268343236509 -30.723879532511287 5
      vertex -22.98268343236509 -30.723879532511287 7.6
      vertex -22.85881904510252 -30.76592582628907 5
    endloop
  endfacet
  facet normal 0.19509032201612103 0.9807852804032319 0
    outer loop
      vertex -22.85881904510252 -30.76592582628907 5
      vertex -22.85881904510252 -30.76592582628907 7.6
      vertex -22.73052619222005 -30.79144486137381 5
    endloop
  endfacet
  facet normal 0.06540312923014018 0.9978589232386037 0
    outer loop
      vertex -22.73052619222005 -30.79144486137381 5
      vertex -22.73052619222005 -30.79144486137381 7.6
      vertex -22.6 -30.8 5
    endloop
  endfacet
  facet normal 0 1 0
    outer loop
      vertex -22.6 -30.8 5
      vertex -22.6 -30.8 7.6
      vertex -20.35 -30.8 5
    endloop
  endfacet
  facet normal 0.8314696123025397 0.5555702330196105 0
    outer loop
      vertex -23.393353340291235 -30.40876142900872 5
      vertex -23.46602540378444 -30.3 7.6
      vertex -23.393353340291235 -30.40876142900872 7.6
    endloop
  endfacet
  facet normal 0.7518398074789787 0.6593458151000675 0
    outer loop
      vertex -23.307106781186548 -30.507106781186547 5
      vertex -23.393353340291235 -30.40876142900872 7.6
      vertex -23.307106781186548 -30.507106781186547 7.6
    endloop
  endfacet
  facet normal 0.9469301294951114 0.32143946530314454 0
    outer loop
      vertex -23.523879532511287 -30.182683432365092 5
      vertex -23.565925826289067 -30.05881904510252 7.6
      vertex -23.523879532511287 -30.182683432365092 7.6
    endloop
  endfacet
  facet normal 0.997858923238602 0.06540312923016546 0
    outer loop
      vertex -23.59144486137381 -29.930526192220054 5
      vertex -23.6 -29.8 7.6
      vertex -23.59144486137381 -29.930526192220054 7.6
    endloop
  endfacet
  facet normal 0.9807852804032309 0.19509032201612622 0
    outer loop
      vertex -23.565925826289067 -30.05881904510252 5
      vertex -23.59144486137381 -29.930526192220054 7.6
      vertex -23.565925826289067 -30.05881904510252 7.6
    endloop
  endfacet
  facet normal 0.8968727415326845 0.44228869021900913 0
    outer loop
      vertex -23.46602540378444 -30.3 5
      vertex -23.523879532511287 -30.182683432365092 7.6
      vertex -23.46602540378444 -30.3 7.6
    endloop
  endfacet
  facet normal 0.5555702330195917 0.8314696123025523 0
    outer loop
      vertex -23.1 -30.666025403784438 5
      vertex -23.20876142900872 -30.593353340291237 7.6
      vertex -23.1 -30.666025403784438 7.6
    endloop
  endfacet
  facet normal 0.6593458151000827 0.7518398074789652 0
    outer loop
      vertex -23.20876142900872 -30.593353340291237 5
      vertex -23.307106781186548 -30.507106781186547 7.6
      vertex -23.20876142900872 -30.593353340291237 7.6
    endloop
  endfacet
  facet normal 0.4422886902189983 0.8968727415326898 0
    outer loop
      vertex -22.98268343236509 -30.723879532511287 5
      vertex -23.1 -30.666025403784438 7.6
      vertex -22.98268343236509 -30.723879532511287 7.6
    endloop
  endfacet
  facet normal 0.3214394653031772 0.9469301294951004 0
    outer loop
      vertex -22.85881904510252 -30.76592582628907 5
      vertex -22.98268343236509 -30.723879532511287 7.6
      vertex -22.85881904510252 -30.76592582628907 7.6
    endloop
  endfacet
  facet normal 0.19509032201612103 0.9807852804032319 0
    outer loop
      vertex -22.73052619222005 -30.79144486137381 5
      vertex -22.85881904510252 -30.76592582628907 7.6
      vertex -22.73052619222005 -30.79144486137381 7.6
    endloop
  endfacet
  facet normal 0.06540312923014018 0.9978589232386037 0
    outer loop
      vertex -22.6 -30.8 5
      vertex -22.73052619222005 -30.79144486137381 7.6
      vertex -22.6 -30.8 7.6
    endloop
  endfacet
  facet normal 0 1 0
    outer loop
      vertex -20.35 -30.8 5
      vertex -22.6 -30.8 7.6
      vertex -20.35 -30.8 7.6
    endloop
  endfacet
  facet normal 1 0 0
    outer loop
      vertex -23.6 -29.8 5
      vertex -23.6 29.8 7.6
      vertex -23.6 -29.8 7.6
    endloop
  endfacet
  facet normal 0 1 0
    outer loop
      vertex -8.35 -30.8 5
      vertex -8.35 -30.8 6.705000000000606
      vertex -6.1 -30.8 5
    endloop
  endfacet
  facet normal 0 1 0
    outer loop
      vertex -6.1 -30.8 5
      vertex -8.35 -30.8 6.705000000000606
      vertex -6.1 -30.8 7.6
    endloop
  endfacet
  facet normal 0 1 0
    outer loop
      vertex -8.35 -30.8 6.705000000000606
      vertex -8.35 -30.8 7.6
      vertex -6.1 -30.8 7.6
    endloop
  endfacet
  facet normal -0.06540312923013929 0.9978589232386037 0
    outer loop
      vertex -6.1 -30.8 5
      vertex -6.1 -30.8 7.6
      vertex -5.9694738077799485 -30.79144486137381 5
    endloop
  endfacet
  facet normal -0.1950903220161236 0.9807852804032313 0
    outer loop
      vertex -5.9694738077799485 -30.79144486137381 5
      vertex -5.9694738077799485 -30.79144486137381 7.6
      vertex -5.84118095489748 -30.76592582628907 5
    endloop
  endfacet
  facet normal -0.3214394653031731 0.9469301294951018 0
    outer loop
      vertex -5.84118095489748 -30.76592582628907 5
      vertex -5.84118095489748 -30.76592582628907 7.6
      vertex -5.71731656763491 -30.723879532511287 5
    endloop
  endfacet
  facet normal -0.44228869021900374 0.896872741532687 0
    outer loop
      vertex -5.71731656763491 -30.723879532511287 5
      vertex -5.71731656763491 -30.723879532511287 7.6
      vertex -5.6 -30.666025403784438 5
    endloop
  endfacet
  facet normal -0.5555702330195855 0.8314696123025564 0
    outer loop
      vertex -5.6 -30.666025403784438 5
      vertex -5.6 -30.666025403784438 7.6
      vertex -5.491238570991278 -30.593353340291237 5
    endloop
  endfacet
  facet normal -0.6593458151000827 0.7518398074789652 0
    outer loop
      vertex -5.491238570991278 -30.593353340291237 5
      vertex -5.491238570991278 -30.593353340291237 7.6
      vertex -5.392893218813452 -30.507106781186547 5
    endloop
  endfacet
  facet normal -0.7518398074789787 0.6593458151000675 0
    outer loop
      vertex -5.392893218813452 -30.507106781186547 5
      vertex -5.392893218813452 -30.507106781186547 7.6
      vertex -5.306646659708765 -30.40876142900872 5
    endloop
  endfacet
  facet normal -0.8314696123025397 0.5555702330196105 0
    outer loop
      vertex -5.306646659708765 -30.40876142900872 5
      vertex -5.306646659708765 -30.40876142900872 7.6
      vertex -5.23397459621556 -30.3 5
    endloop
  endfacet
  facet normal -0.8968727415326897 0.4422886902189982 0
    outer loop
      vertex -5.23397459621556 -30.3 5
      vertex -5.23397459621556 -30.3 7.6
      vertex -5.176120467488714 -30.182683432365092 5
    endloop
  endfacet
  facet normal -0.9469301294951074 0.32143946530315676 0
    outer loop
      vertex -5.176120467488714 -30.182683432365092 5
      vertex -5.176120467488714 -30.182683432365092 7.6
      vertex -5.134074173710932 -30.05881904510252 5
    endloop
  endfacet
  facet normal -0.9807852804032282 0.19509032201613927 0
    outer loop
      vertex -5.134074173710932 -30.05881904510252 5
      vertex -5.134074173710932 -30.05881904510252 7.6
      vertex -5.108555138626189 -29.930526192220054 5
    endloop
  endfacet
  facet normal -0.9978589232386039 0.06540312923013841 0
    outer loop
      vertex -5.108555138626189 -29.930526192220054 5
      vertex -5.108555138626189 -29.930526192220054 7.6
      vertex -5.1 -29.8 5
    endloop
  endfacet
  facet normal -0.06540312923013929 0.9978589232386037 0
    outer loop
      vertex -5.9694738077799485 -30.79144486137381 5
      vertex -6.1 -30.8 7.6
      vertex -5.9694738077799485 -30.79144486137381 7.6
    endloop
  endfacet
  facet normal -0.1950903220161236 0.9807852804032313 0
    outer loop
      vertex -5.84118095489748 -30.76592582628907 5
      vertex -5.9694738077799485 -30.79144486137381 7.6
      vertex -5.84118095489748 -30.76592582628907 7.6
    endloop
  endfacet
  facet normal -0.3214394653031731 0.9469301294951018 0
    outer loop
      vertex -5.71731656763491 -30.723879532511287 5
      vertex -5.84118095489748 -30.76592582628907 7.6
      vertex -5.71731656763491 -30.723879532511287 7.6
    endloop
  endfacet
  facet normal -0.44228869021900374 0.896872741532687 0
    outer loop
      vertex -5.6 -30.666025403784438 5
      vertex -5.71731656763491 -30.723879532511287 7.6
      vertex -5.6 -30.666025403784438 7.6
    endloop
  endfacet
  facet normal -0.5555702330195855 0.8314696123025564 0
    outer loop
      vertex -5.491238570991278 -30.593353340291237 5
      vertex -5.6 -30.666025403784438 7.6
      vertex -5.491238570991278 -30.593353340291237 7.6
    endloop
  endfacet
  facet normal -0.6593458151000827 0.7518398074789652 0
    outer loop
      vertex -5.392893218813452 -30.507106781186547 5
      vertex -5.491238570991278 -30.593353340291237 7.6
      vertex -5.392893218813452 -30.507106781186547 7.6
    endloop
  endfacet
  facet normal -0.7518398074789787 0.6593458151000675 0
    outer loop
      vertex -5.306646659708765 -30.40876142900872 5
      vertex -5.392893218813452 -30.507106781186547 7.6
      vertex -5.306646659708765 -30.40876142900872 7.6
    endloop
  endfacet
  facet normal -0.8314696123025397 0.5555702330196105 0
    outer loop
      vertex -5.23397459621556 -30.3 5
      vertex -5.306646659708765 -30.40876142900872 7.6
      vertex -5.23397459621556 -30.3 7.6
    endloop
  endfacet
  facet normal -0.8968727415326897 0.4422886902189982 0
    outer loop
      vertex -5.176120467488714 -30.182683432365092 5
      vertex -5.23397459621556 -30.3 7.6
      vertex -5.176120467488714 -30.182683432365092 7.6
    endloop
  endfacet
  facet normal -0.9469301294951074 0.32143946530315676 0
    outer loop
      vertex -5.134074173710932 -30.05881904510252 5
      vertex -5.176120467488714 -30.182683432365092 7.6
      vertex -5.134074173710932 -30.05881904510252 7.6
    endloop
  endfacet
  facet normal -0.9807852804032282 0.19509032201613927 0
    outer loop
      vertex -5.108555138626189 -29.930526192220054 5
      vertex -5.134074173710932 -30.05881904510252 7.6
      vertex -5.108555138626189 -29.930526192220054 7.6
    endloop
  endfacet
  facet normal -0.9978589232386039 0.06540312923013841 0
    outer loop
      vertex -5.1 -29.8 5
      vertex -5.108555138626189 -29.930526192220054 7.6
      vertex -5.1 -29.8 7.6
    endloop
  endfacet
  facet normal -1 0 0
    outer loop
      vertex -5.1 -29.8 5
      vertex -5.1 -29.8 7.6
      vertex -5.1 29.8 5
    endloop
  endfacet
  facet normal 1 0 0
    outer loop
      vertex -23.6 -29.8 5
      vertex -23.6 29.8 5
      vertex -23.6 29.8 7.6
    endloop
  endfacet
  facet normal 0.997858923238602 -0.06540312923016546 0
    outer loop
      vertex -23.6 29.8 5
      vertex -23.59144486137381 29.930526192220054 5
      vertex -23.59144486137381 29.930526192220054 7.6
    endloop
  endfacet
  facet normal 0.9807852804032309 -0.19509032201612622 0
    outer loop
      vertex -23.59144486137381 29.930526192220054 5
      vertex -23.565925826289067 30.05881904510252 5
      vertex -23.565925826289067 30.05881904510252 7.6
    endloop
  endfacet
  facet normal 0.9469301294951114 -0.32143946530314454 0
    outer loop
      vertex -23.565925826289067 30.05881904510252 5
      vertex -23.523879532511287 30.182683432365092 5
      vertex -23.523879532511287 30.182683432365092 7.6
    endloop
  endfacet
  facet normal 0.8968727415326845 -0.44228869021900913 0
    outer loop
      vertex -23.523879532511287 30.182683432365092 5
      vertex -23.46602540378444 30.3 5
      vertex -23.46602540378444 30.3 7.6
    endloop
  endfacet
  facet normal 0.8314696123025397 -0.5555702330196105 0
    outer loop
      vertex -23.46602540378444 30.3 5
      vertex -23.393353340291235 30.40876142900872 5
      vertex -23.393353340291235 30.40876142900872 7.6
    endloop
  endfacet
  facet normal 0.7518398074789787 -0.6593458151000675 0
    outer loop
      vertex -23.393353340291235 30.40876142900872 5
      vertex -23.307106781186548 30.507106781186547 5
      vertex -23.307106781186548 30.507106781186547 7.6
    endloop
  endfacet
  facet normal 0.6593458151000827 -0.7518398074789652 0
    outer loop
      vertex -23.307106781186548 30.507106781186547 5
      vertex -23.20876142900872 30.593353340291237 5
      vertex -23.20876142900872 30.593353340291237 7.6
    endloop
  endfacet
  facet normal 0.5555702330195917 -0.8314696123025523 0
    outer loop
      vertex -23.20876142900872 30.593353340291237 5
      vertex -23.1 30.666025403784438 5
      vertex -23.1 30.666025403784438 7.6
    endloop
  endfacet
  facet normal 0.4422886902189983 -0.8968727415326898 0
    outer loop
      vertex -23.1 30.666025403784438 5
      vertex -22.98268343236509 30.723879532511287 5
      vertex -22.98268343236509 30.723879532511287 7.6
    endloop
  endfacet
  facet normal 0.3214394653031772 -0.9469301294951004 0
    outer loop
      vertex -22.98268343236509 30.723879532511287 5
      vertex -22.85881904510252 30.76592582628907 5
      vertex -22.85881904510252 30.76592582628907 7.6
    endloop
  endfacet
  facet normal 0.19509032201612103 -0.9807852804032319 0
    outer loop
      vertex -22.85881904510252 30.76592582628907 5
      vertex -22.73052619222005 30.79144486137381 5
      vertex -22.73052619222005 30.79144486137381 7.6
    endloop
  endfacet
  facet normal 0.06540312923014018 -0.9978589232386037 0
    outer loop
      vertex -22.73052619222005 30.79144486137381 5
      vertex -22.6 30.8 5
      vertex -22.6 30.8 7.6
    endloop
  endfacet
  facet normal 0 -1 0
    outer loop
      vertex -22.6 30.8 5
      vertex -18.658360128617364 30.8 5
      vertex -18.658360128617364 30.8 7.6
    endloop
  endfacet
  facet normal 0.997858923238602 -0.06540312923016546 0
    outer loop
      vertex -23.6 29.8 5
      vertex -23.59144486137381 29.930526192220054 7.6
      vertex -23.6 29.8 7.6
    endloop
  endfacet
  facet normal 0.9807852804032309 -0.19509032201612622 0
    outer loop
      vertex -23.59144486137381 29.930526192220054 5
      vertex -23.565925826289067 30.05881904510252 7.6
      vertex -23.59144486137381 29.930526192220054 7.6
    endloop
  endfacet
  facet normal 0.9469301294951114 -0.32143946530314454 0
    outer loop
      vertex -23.565925826289067 30.05881904510252 5
      vertex -23.523879532511287 30.182683432365092 7.6
      vertex -23.565925826289067 30.05881904510252 7.6
    endloop
  endfacet
  facet normal 0.8968727415326845 -0.44228869021900913 0
    outer loop
      vertex -23.523879532511287 30.182683432365092 5
      vertex -23.46602540378444 30.3 7.6
      vertex -23.523879532511287 30.182683432365092 7.6
    endloop
  endfacet
  facet normal 0.8314696123025397 -0.5555702330196105 0
    outer loop
      vertex -23.46602540378444 30.3 5
      vertex -23.393353340291235 30.40876142900872 7.6
      vertex -23.46602540378444 30.3 7.6
    endloop
  endfacet
  facet normal 0.7518398074789787 -0.6593458151000675 0
    outer loop
      vertex -23.393353340291235 30.40876142900872 5
      vertex -23.307106781186548 30.507106781186547 7.6
      vertex -23.393353340291235 30.40876142900872 7.6
    endloop
  endfacet
  facet normal 0.6593458151000827 -0.7518398074789652 0
    outer loop
      vertex -23.307106781186548 30.507106781186547 5
      vertex -23.20876142900872 30.593353340291237 7.6
      vertex -23.307106781186548 30.507106781186547 7.6
    endloop
  endfacet
  facet normal 0.5555702330195917 -0.8314696123025523 0
    outer loop
      vertex -23.20876142900872 30.593353340291237 5
      vertex -23.1 30.666025403784438 7.6
      vertex -23.20876142900872 30.593353340291237 7.6
    endloop
  endfacet
  facet normal 0.4422886902189983 -0.8968727415326898 0
    outer loop
      vertex -23.1 30.666025403784438 5
      vertex -22.98268343236509 30.723879532511287 7.6
      vertex -23.1 30.666025403784438 7.6
    endloop
  endfacet
  facet normal 0.3214394653031772 -0.9469301294951004 0
    outer loop
      vertex -22.98268343236509 30.723879532511287 5
      vertex -22.85881904510252 30.76592582628907 7.6
      vertex -22.98268343236509 30.723879532511287 7.6
    endloop
  endfacet
  facet normal 0.19509032201612103 -0.9807852804032319 0
    outer loop
      vertex -22.85881904510252 30.76592582628907 5
      vertex -22.73052619222005 30.79144486137381 7.6
      vertex -22.85881904510252 30.76592582628907 7.6
    endloop
  endfacet
  facet normal 0.06540312923014018 -0.9978589232386037 0
    outer loop
      vertex -22.73052619222005 30.79144486137381 5
      vertex -22.6 30.8 7.6
      vertex -22.73052619222005 30.79144486137381 7.6
    endloop
  endfacet
  facet normal 0 -1 0
    outer loop
      vertex -22.6 30.8 5
      vertex -18.658360128617364 30.8 7.6
      vertex -22.6 30.8 7.6
    endloop
  endfacet
  facet normal -1 0 0
    outer loop
      vertex -5.1 -29.8 7.6
      vertex -5.1 29.8 7.6
      vertex -5.1 29.8 5
    endloop
  endfacet
  facet normal 0 -1 0
    outer loop
      vertex -10.041639871382635 30.8 5
      vertex -6.1 30.8 5
      vertex -6.1 30.8 7.6
    endloop
  endfacet
  facet normal 0 -1 0
    outer loop
      vertex -10.041639871382635 30.8 5
      vertex -6.1 30.8 7.6
      vertex -10.041639871382635 30.8 7.6
    endloop
  endfacet
  facet normal -0.06540312923013929 -0.9978589232386037 0
    outer loop
      vertex -6.1 30.8 5
      vertex -5.9694738077799485 30.79144486137381 5
      vertex -5.9694738077799485 30.79144486137381 7.6
    endloop
  endfacet
  facet normal -0.1950903220161236 -0.9807852804032313 0
    outer loop
      vertex -5.9694738077799485 30.79144486137381 5
      vertex -5.84118095489748 30.76592582628907 5
      vertex -5.84118095489748 30.76592582628907 7.6
    endloop
  endfacet
  facet normal -0.3214394653031731 -0.9469301294951018 0
    outer loop
      vertex -5.84118095489748 30.76592582628907 5
      vertex -5.71731656763491 30.723879532511287 5
      vertex -5.71731656763491 30.723879532511287 7.6
    endloop
  endfacet
  facet normal -0.44228869021900374 -0.896872741532687 0
    outer loop
      vertex -5.71731656763491 30.723879532511287 5
      vertex -5.6 30.666025403784438 5
      vertex -5.6 30.666025403784438 7.6
    endloop
  endfacet
  facet normal -0.6593458151000827 -0.7518398074789652 0
    outer loop
      vertex -5.491238570991278 30.593353340291237 5
      vertex -5.392893218813452 30.507106781186547 5
      vertex -5.392893218813452 30.507106781186547 7.6
    endloop
  endfacet
  facet normal -0.5555702330195855 -0.8314696123025564 0
    outer loop
      vertex -5.6 30.666025403784438 5
      vertex -5.491238570991278 30.593353340291237 5
      vertex -5.491238570991278 30.593353340291237 7.6
    endloop
  endfacet
  facet normal -0.7518398074789787 -0.6593458151000675 0
    outer loop
      vertex -5.392893218813452 30.507106781186547 5
      vertex -5.306646659708765 30.40876142900872 5
      vertex -5.306646659708765 30.40876142900872 7.6
    endloop
  endfacet
  facet normal -0.8314696123025397 -0.5555702330196105 0
    outer loop
      vertex -5.306646659708765 30.40876142900872 5
      vertex -5.23397459621556 30.3 5
      vertex -5.23397459621556 30.3 7.6
    endloop
  endfacet
  facet normal -0.9978589232386039 -0.06540312923013841 0
    outer loop
      vertex -5.1 29.8 5
      vertex -5.1 29.8 7.6
      vertex -5.108555138626189 29.930526192220054 5
    endloop
  endfacet
  facet normal -0.9807852804032282 -0.19509032201613927 0
    outer loop
      vertex -5.134074173710932 30.05881904510252 5
      vertex -5.108555138626189 29.930526192220054 5
      vertex -5.108555138626189 29.930526192220054 7.6
    endloop
  endfacet
  facet normal -0.9469301294951074 -0.32143946530315676 0
    outer loop
      vertex -5.134074173710932 30.05881904510252 5
      vertex -5.134074173710932 30.05881904510252 7.6
      vertex -5.176120467488714 30.182683432365092 5
    endloop
  endfacet
  facet normal -0.8968727415326897 -0.4422886902189982 0
    outer loop
      vertex -5.23397459621556 30.3 5
      vertex -5.176120467488714 30.182683432365092 5
      vertex -5.176120467488714 30.182683432365092 7.6
    endloop
  endfacet
  facet normal -0.06540312923013929 -0.9978589232386037 0
    outer loop
      vertex -6.1 30.8 5
      vertex -5.9694738077799485 30.79144486137381 7.6
      vertex -6.1 30.8 7.6
    endloop
  endfacet
  facet normal -0.1950903220161236 -0.9807852804032313 0
    outer loop
      vertex -5.9694738077799485 30.79144486137381 5
      vertex -5.84118095489748 30.76592582628907 7.6
      vertex -5.9694738077799485 30.79144486137381 7.6
    endloop
  endfacet
  facet normal -0.3214394653031731 -0.9469301294951018 0
    outer loop
      vertex -5.84118095489748 30.76592582628907 5
      vertex -5.71731656763491 30.723879532511287 7.6
      vertex -5.84118095489748 30.76592582628907 7.6
    endloop
  endfacet
  facet normal -0.44228869021900374 -0.896872741532687 0
    outer loop
      vertex -5.71731656763491 30.723879532511287 5
      vertex -5.6 30.666025403784438 7.6
      vertex -5.71731656763491 30.723879532511287 7.6
    endloop
  endfacet
  facet normal -0.6593458151000827 -0.7518398074789652 0
    outer loop
      vertex -5.491238570991278 30.593353340291237 5
      vertex -5.392893218813452 30.507106781186547 7.6
      vertex -5.491238570991278 30.593353340291237 7.6
    endloop
  endfacet
  facet normal -0.5555702330195855 -0.8314696123025564 0
    outer loop
      vertex -5.6 30.666025403784438 5
      vertex -5.491238570991278 30.593353340291237 7.6
      vertex -5.6 30.666025403784438 7.6
    endloop
  endfacet
  facet normal -0.7518398074789787 -0.6593458151000675 0
    outer loop
      vertex -5.392893218813452 30.507106781186547 5
      vertex -5.306646659708765 30.40876142900872 7.6
      vertex -5.392893218813452 30.507106781186547 7.6
    endloop
  endfacet
  facet normal -0.8314696123025397 -0.5555702330196105 0
    outer loop
      vertex -5.306646659708765 30.40876142900872 5
      vertex -5.23397459621556 30.3 7.6
      vertex -5.306646659708765 30.40876142900872 7.6
    endloop
  endfacet
  facet normal -0.9807852804032282 -0.19509032201613927 0
    outer loop
      vertex -5.134074173710932 30.05881904510252 5
      vertex -5.108555138626189 29.930526192220054 7.6
      vertex -5.134074173710932 30.05881904510252 7.6
    endloop
  endfacet
  facet normal -0.9978589232386039 -0.06540312923013841 0
    outer loop
      vertex -5.108555138626189 29.930526192220054 5
      vertex -5.1 29.8 7.6
      vertex -5.108555138626189 29.930526192220054 7.6
    endloop
  endfacet
  facet normal -0.9469301294951074 -0.32143946530315676 0
    outer loop
      vertex -5.176120467488714 30.182683432365092 5
      vertex -5.134074173710932 30.05881904510252 7.6
      vertex -5.176120467488714 30.182683432365092 7.6
    endloop
  endfacet
  facet normal -0.8968727415326897 -0.4422886902189982 0
    outer loop
      vertex -5.23397459621556 30.3 5
      vertex -5.176120467488714 30.182683432365092 7.6
      vertex -5.23397459621556 30.3 7.6
    endloop
  endfacet
  facet normal 0 0.6413968361890601 0.7672092925184523
    outer loop
      vertex -20.413987138263664 32.9 2.836012861736334
      vertex -18.658360128617364 30.8 4.591639871382635
      vertex -8.286012861736335 32.9 2.836012861736334
    endloop
  endfacet
  facet normal 0.7672092925184528 0.6413968361890593 -8.699557767224055e-16
    outer loop
      vertex -20.413987138263664 32.9 2.836012861736334
      vertex -19.368971061093248 31.650000000000002 5
      vertex -18.658360128617364 30.8 4.591639871382635
    endloop
  endfacet
  facet normal 0.767209292518452 0.6413968361890603 0
    outer loop
      vertex -20.413987138263664 32.9 2.836012861736334
      vertex -20.413987138263664 32.9 5
      vertex -19.368971061093248 31.650000000000002 5
    endloop
  endfacet
  facet normal 0.767209292518453 0.6413968361890592 0
    outer loop
      vertex -18.658360128617364 30.8 4.591639871382635
      vertex -19.368971061093248 31.650000000000002 5
      vertex -18.658360128617364 30.8 5
    endloop
  endfacet
  facet normal 0.767209292518453 0.6413968361890592 0
    outer loop
      vertex -19.368971061093248 31.650000000000002 5
      vertex -18.658360128617364 30.8 7.6
      vertex -18.658360128617364 30.8 5
    endloop
  endfacet
  facet normal 0.7672092925184532 0.6413968361890592 0
    outer loop
      vertex -19.368971061093248 31.650000000000002 5
      vertex -19.368971061093248 31.650000000000002 7.06
      vertex -18.658360128617364 30.8 7.6
    endloop
  endfacet
  facet normal 0.7672092925184535 0.6413968361890586 -1.5773581875191888e-15
    outer loop
      vertex -19.368971061093248 31.650000000000002 7.06
      vertex -18.909163987138264 31.1 7.6
      vertex -18.658360128617364 30.8 7.6
    endloop
  endfacet
  facet normal 0 0.6413968361890601 0.7672092925184523
    outer loop
      vertex -18.658360128617364 30.8 4.591639871382635
      vertex -10.041639871382635 30.8 4.591639871382635
      vertex -8.286012861736335 32.9 2.836012861736334
    endloop
  endfacet
  facet normal -0.7672092925184525 0.6413968361890598 0
    outer loop
      vertex -8.286012861736335 32.9 2.836012861736334
      vertex -10.041639871382635 30.8 4.591639871382635
      vertex -8.286012861736335 32.9 5
    endloop
  endfacet
  facet normal -0.7672092925184523 0.6413968361890601 0
    outer loop
      vertex -10.041639871382635 30.8 4.591639871382635
      vertex -10.041639871382635 30.8 5
      vertex -9.33102893890675 31.650000000000002 7.06
    endloop
  endfacet
  facet normal -0.7672092925184527 0.6413968361890596 1.334936864312303e-15
    outer loop
      vertex -10.041639871382635 30.8 4.591639871382635
      vertex -9.33102893890675 31.650000000000002 5
      vertex -8.286012861736335 32.9 5
    endloop
  endfacet
  facet normal -0.7672092925184523 0.6413968361890602 0
    outer loop
      vertex -10.041639871382635 30.8 4.591639871382635
      vertex -9.33102893890675 31.650000000000002 7.06
      vertex -9.33102893890675 31.650000000000002 5
    endloop
  endfacet
  facet normal -0.7672092925184518 0.6413968361890606 -4.1465100595275106e-16
    outer loop
      vertex -10.041639871382635 30.8 5
      vertex -9.790836012861735 31.1 7.6
      vertex -9.33102893890675 31.650000000000002 7.06
    endloop
  endfacet
  facet normal -0.7672092925184535 0.6413968361890586 0
    outer loop
      vertex -10.041639871382635 30.8 5
      vertex -10.041639871382635 30.8 7.6
      vertex -9.790836012861735 31.1 7.6
    endloop
  endfacet
  facet normal 0.767209292518451 -0.6413968361890615 1.3080985796083502e-15
    outer loop
      vertex 8.349999999999998 -32.82346153846154 0
      vertex 9.75 -31.148846153846154 1.4000000000000004
      vertex 9.2056270096463 -31.8 1.4000000000000004
    endloop
  endfacet
  facet normal 0 -0.6413968361890605 0.767209292518452
    outer loop
      vertex 8.349999999999998 -32.82346153846154 0
      vertex 18.950000000000003 -31.148846153846154 1.4000000000000004
      vertex 9.75 -31.148846153846154 1.4000000000000004
    endloop
  endfacet
  facet normal 0.7672092925184679 -0.6413968361890414 0
    outer loop
      vertex 8.286012861736335 -32.9 4.800000000000001
      vertex 8.286012861736335 -32.9 0
      vertex 8.349999999999998 -32.82346153846154 0
    endloop
  endfacet
  facet normal 0.7672092925184522 -0.6413968361890601 -5.069302948066782e-16
    outer loop
      vertex 8.286012861736335 -32.9 4.800000000000001
      vertex 8.349999999999998 -32.82346153846154 0
      vertex 9.2056270096463 -31.8 1.4000000000000004
    endloop
  endfacet
  facet normal 0.767209292518453 -0.6413968361890593 0
    outer loop
      vertex 8.286012861736335 -32.9 4.800000000000001
      vertex 9.2056270096463 -31.8 1.4000000000000004
      vertex 9.2056270096463 -31.8 4.800000000000001
    endloop
  endfacet
  facet normal 0 -0.6413968361890604 0.7672092925184519
    outer loop
      vertex 8.349999999999998 -32.82346153846154 0
      vertex 20.35 -32.82346153846154 0
      vertex 18.950000000000003 -31.148846153846154 1.4000000000000004
    endloop
  endfacet
  facet normal -0.7672092925184679 -0.6413968361890411 -2.384720992760566e-14
    outer loop
      vertex 19.4943729903537 -31.8 1.4000000000000004
      vertex 20.35 -32.82346153846154 0
      vertex 20.413987138263664 -32.9 0
    endloop
  endfacet
  facet normal -0.767209292518453 -0.6413968361890592 -1.7752766437541951e-15
    outer loop
      vertex 18.950000000000003 -31.148846153846154 1.4000000000000004
      vertex 20.35 -32.82346153846154 0
      vertex 19.4943729903537 -31.8 1.4000000000000004
    endloop
  endfacet
  facet normal -0.767209292518453 -0.6413968361890593 0
    outer loop
      vertex 19.4943729903537 -31.8 4.800000000000001
      vertex 19.4943729903537 -31.8 1.4000000000000004
      vertex 20.413987138263664 -32.9 0
    endloop
  endfacet
  facet normal -0.767209292518453 -0.6413968361890592 0
    outer loop
      vertex 19.4943729903537 -31.8 4.800000000000001
      vertex 20.413987138263664 -32.9 0
      vertex 20.413987138263664 -32.9 4.800000000000001
    endloop
  endfacet
  facet normal -1 0 0
    outer loop
      vertex -8.35 -31.650000000000002 5
      vertex -8.35 -30.8 6.705000000000606
      vertex -8.35 -30.8 5
    endloop
  endfacet
  facet normal -1 0 0
    outer loop
      vertex -8.35 -31.650000000000002 5
      vertex -8.35 -31.650000000000002 7.06
      vertex -8.35 -30.8 6.705000000000606
    endloop
  endfacet
  facet normal -1 0 0
    outer loop
      vertex -8.35 -31.650000000000002 7.06
      vertex -8.35 -31.1 7.6
      vertex -8.35 -30.8 6.705000000000606
    endloop
  endfacet
  facet normal -1 0 0
    outer loop
      vertex -8.35 -30.8 6.705000000000606
      vertex -8.35 -31.1 7.6
      vertex -8.35 -30.802624633431083 7.6
    endloop
  endfacet
  facet normal -1 0 0
    outer loop
      vertex 20.35 31.8 1.4000000000000004
      vertex 20.35 30.805 1.3900000000000006
      vertex 20.35 30.804970674486803 1.4000000000000004
    endloop
  endfacet
  facet normal -1 0 0
    outer loop
      vertex 20.35 32.9 1.3900000000000006
      vertex 20.35 30.805 1.3900000000000006
      vertex 20.35 31.8 1.4000000000000004
    endloop
  endfacet
  facet normal -1 0 0
    outer loop
      vertex 20.35 32.9 4.800000000000001
      vertex 20.35 32.9 1.3900000000000006
      vertex 20.35 31.8 1.4000000000000004
    endloop
  endfacet
  facet normal -1 0 0
    outer loop
      vertex 20.35 32.9 4.800000000000001
      vertex 20.35 31.8 1.4000000000000004
      vertex 20.35 32.02209355092742 4.413533761814537
    endloop
  endfacet
  facet normal -1 0 0
    outer loop
      vertex 20.35 31.8 4.800000000000001
      vertex 20.35 32.02209355092742 4.413533761814537
      vertex 20.35 31.8 4.3579022233646345
    endloop
  endfacet
  facet normal -1 0 0
    outer loop
      vertex 20.35 32.9 4.800000000000001
      vertex 20.35 32.02209355092742 4.413533761814537
      vertex 20.35 31.8 4.800000000000001
    endloop
  endfacet
  facet normal 0 0 1
    outer loop
      vertex 4.367949192431123 -30.8 1.4000000000000004
      vertex 4.51329331941753 -31.017522858017443 1.4000000000000004
      vertex 4.882477141982559 -31.38670668058247 1.4000000000000004
    endloop
  endfacet
  facet normal 0 0 1
    outer loop
      vertex 4.51329331941753 -31.017522858017443 1.4000000000000004
      vertex 4.685786437626904 -31.214213562373097 1.4000000000000004
      vertex 4.882477141982559 -31.38670668058247 1.4000000000000004
    endloop
  endfacet
  facet normal 0 0 1
    outer loop
      vertex 4.168148347421862 -30.317638090205044 1.4000000000000004
      vertex 4.252240934977426 -30.56536686473018 1.4000000000000004
      vertex 4.367949192431123 -30.8 1.4000000000000004
    endloop
  endfacet
  facet normal 0 0 1
    outer loop
      vertex 4.1 -29.8 1.4000000000000004
      vertex 4.1171102772523795 -30.061052384440103 1.4000000000000004
      vertex 4.168148347421862 -30.317638090205044 1.4000000000000004
    endloop
  endfacet
  facet normal 0 0 1
    outer loop
      vertex 4.168148347421862 -30.317638090205044 1.4000000000000004
      vertex 4.367949192431123 -30.8 1.4000000000000004
      vertex 4.882477141982559 -31.38670668058247 1.4000000000000004
    endloop
  endfacet
  facet normal 0 0 1
    outer loop
      vertex 4.168148347421862 -30.317638090205044 1.4000000000000004
      vertex 5.134074173710932 -30.05881904510252 1.4000000000000004
      vertex 5.108555138626189 -29.930526192220054 1.4000000000000004
    endloop
  endfacet
  facet normal 0 0 1
    outer loop
      vertex 4.168148347421862 -30.317638090205044 1.4000000000000004
      vertex 5.108555138626189 -29.930526192220054 1.4000000000000004
      vertex 5.1 -29.8 1.4000000000000004
    endloop
  endfacet
  facet normal 0 0 1
    outer loop
      vertex 4.882477141982559 -31.38670668058247 1.4000000000000004
      vertex 5.1 -31.53205080756888 1.4000000000000004
      vertex 5.33463313526982 -31.647759065022573 1.4000000000000004
    endloop
  endfacet
  facet normal 0 0 1
    outer loop
      vertex 4.168148347421862 -30.317638090205044 1.4000000000000004
      vertex 4.882477141982559 -31.38670668058247 1.4000000000000004
      vertex 6.1 -31.8 1.4000000000000004
    endloop
  endfacet
  facet normal 0 0 1
    outer loop
      vertex 4.882477141982559 -31.38670668058247 1.4000000000000004
      vertex 5.33463313526982 -31.647759065022573 1.4000000000000004
      vertex 6.1 -31.8 1.4000000000000004
    endloop
  endfacet
  facet normal 0 0 1
    outer loop
      vertex 4.168148347421862 -30.317638090205044 1.4000000000000004
      vertex 6.1 -31.8 1.4000000000000004
      vertex 5.392893218813452 -30.507106781186547 1.4000000000000004
    endloop
  endfacet
  facet normal 0 0 1
    outer loop
      vertex 5.33463313526982 -31.647759065022573 1.4000000000000004
      vertex 5.582361909794958 -31.731851652578136 1.4000000000000004
      vertex 6.1 -31.8 1.4000000000000004
    endloop
  endfacet
  facet normal 0 0 1
    outer loop
      vertex 5.582361909794958 -31.731851652578136 1.4000000000000004
      vertex 5.838947615559897 -31.782889722747623 1.4000000000000004
      vertex 6.1 -31.8 1.4000000000000004
    endloop
  endfacet
  facet normal 0 0 1
    outer loop
      vertex 5.392893218813452 -30.507106781186547 1.4000000000000004
      vertex 6.1 -31.8 1.4000000000000004
      vertex 5.491238570991278 -30.593353340291237 1.4000000000000004
    endloop
  endfacet
  facet normal 0 0 1
    outer loop
      vertex 5.491238570991278 -30.593353340291237 1.4000000000000004
      vertex 6.1 -31.8 1.4000000000000004
      vertex 5.6 -30.666025403784438 1.4000000000000004
    endloop
  endfacet
  facet normal 0 0 1
    outer loop
      vertex 5.6 -30.666025403784438 1.4000000000000004
      vertex 6.1 -31.8 1.4000000000000004
      vertex 5.71731656763491 -30.723879532511287 1.4000000000000004
    endloop
  endfacet
  facet normal 0 0 1
    outer loop
      vertex 5.84118095489748 -30.76592582628907 1.4000000000000004
      vertex 6.1 -31.8 1.4000000000000004
      vertex 5.9694738077799485 -30.79144486137381 1.4000000000000004
    endloop
  endfacet
  facet normal 0 0 1
    outer loop
      vertex 5.71731656763491 -30.723879532511287 1.4000000000000004
      vertex 6.1 -31.8 1.4000000000000004
      vertex 5.84118095489748 -30.76592582628907 1.4000000000000004
    endloop
  endfacet
  facet normal 0 0 1
    outer loop
      vertex 5.9694738077799485 -30.79144486137381 1.4000000000000004
      vertex 6.1 -31.8 1.4000000000000004
      vertex 6.1 -30.8 1.4000000000000004
    endloop
  endfacet
  facet normal 0 0 1
    outer loop
      vertex 4.168148347421862 -30.317638090205044 1.4000000000000004
      vertex 5.306646659708765 -30.40876142900872 1.4000000000000004
      vertex 5.23397459621556 -30.3 1.4000000000000004
    endloop
  endfacet
  facet normal 0 0 1
    outer loop
      vertex 4.168148347421862 -30.317638090205044 1.4000000000000004
      vertex 5.392893218813452 -30.507106781186547 1.4000000000000004
      vertex 5.306646659708765 -30.40876142900872 1.4000000000000004
    endloop
  endfacet
  facet normal 0 0 1
    outer loop
      vertex 4.168148347421862 -30.317638090205044 1.4000000000000004
      vertex 5.23397459621556 -30.3 1.4000000000000004
      vertex 5.176120467488714 -30.182683432365092 1.4000000000000004
    endloop
  endfacet
  facet normal 0 0 1
    outer loop
      vertex 4.168148347421862 -30.317638090205044 1.4000000000000004
      vertex 5.176120467488714 -30.182683432365092 1.4000000000000004
      vertex 5.134074173710932 -30.05881904510252 1.4000000000000004
    endloop
  endfacet
  facet normal 0 0 1
    outer loop
      vertex 6.1 -30.8 1.4000000000000004
      vertex 6.1 -31.8 1.4000000000000004
      vertex 9.75 -31.148846153846154 1.4000000000000004
    endloop
  endfacet
  facet normal 0 0 1
    outer loop
      vertex 6.1 -31.8 1.4000000000000004
      vertex 9.2056270096463 -31.8 1.4000000000000004
      vertex 9.75 -31.148846153846154 1.4000000000000004
    endloop
  endfacet
  facet normal 0 0 1
    outer loop
      vertex 6.1 -30.8 1.4000000000000004
      vertex 9.75 -31.148846153846154 1.4000000000000004
      vertex 22.6 -30.8 1.4000000000000004
    endloop
  endfacet
  facet normal 0.831469612302547 0.5555702330195995 0
    outer loop
      vertex 4.367949192431123 -30.8 4.800000000000001
      vertex 4.51329331941753 -31.017522858017443 1.4000000000000004
      vertex 4.367949192431123 -30.8 1.4000000000000004
    endloop
  endfacet
  facet normal 0.7518398074789787 0.6593458151000674 0
    outer loop
      vertex 4.51329331941753 -31.017522858017443 4.800000000000001
      vertex 4.685786437626904 -31.214213562373097 1.4000000000000004
      vertex 4.51329331941753 -31.017522858017443 1.4000000000000004
    endloop
  endfacet
  facet normal 0.6593458151000641 0.7518398074789816 -4.41128858857171e-16
    outer loop
      vertex 4.685786437626902 -31.214213562373093 4.800000000000001
      vertex 4.882477141982559 -31.38670668058247 1.4000000000000004
      vertex 4.685786437626904 -31.214213562373097 1.4000000000000004
    endloop
  endfacet
  facet normal 0.9469301294951045 0.32143946530316503 0
    outer loop
      vertex 4.168148347421862 -30.317638090205044 4.800000000000001
      vertex 4.252240934977426 -30.56536686473018 1.4000000000000004
      vertex 4.168148347421862 -30.317638090205044 1.4000000000000004
    endloop
  endfacet
  facet normal 0.8968727415326871 0.44228869021900374 0
    outer loop
      vertex 4.252240934977426 -30.56536686473018 4.800000000000001
      vertex 4.367949192431123 -30.8 1.4000000000000004
      vertex 4.252240934977426 -30.56536686473018 1.4000000000000004
    endloop
  endfacet
  facet normal 0.9807852804032319 0.195090322016121 0
    outer loop
      vertex 4.1171102772523795 -30.061052384440103 4.800000000000001
      vertex 4.168148347421862 -30.317638090205044 1.4000000000000004
      vertex 4.1171102772523795 -30.061052384440103 1.4000000000000004
    endloop
  endfacet
  facet normal 0.9978589232386033 0.06540312923014605 0
    outer loop
      vertex 4.1 -29.8 4.800000000000001
      vertex 4.1171102772523795 -30.061052384440103 1.4000000000000004
      vertex 4.1 -29.8 1.4000000000000004
    endloop
  endfacet
  facet normal 0.5555702330196074 0.8314696123025418 0
    outer loop
      vertex 4.882477141982559 -31.38670668058247 4.800000000000001
      vertex 5.1 -31.53205080756888 1.4000000000000004
      vertex 4.882477141982559 -31.38670668058247 1.4000000000000004
    endloop
  endfacet
  facet normal 0.4422886902189928 0.8968727415326925 0
    outer loop
      vertex 5.1 -31.53205080756888 4.800000000000001
      vertex 5.33463313526982 -31.647759065022573 1.4000000000000004
      vertex 5.1 -31.53205080756888 1.4000000000000004
    endloop
  endfacet
  facet normal 0.3214394653031629 0.9469301294951051 0
    outer loop
      vertex 5.33463313526982 -31.647759065022573 4.800000000000001
      vertex 5.582361909794958 -31.731851652578136 1.4000000000000004
      vertex 5.33463313526982 -31.647759065022573 1.4000000000000004
    endloop
  endfacet
  facet normal 0.19509032201613538 0.9807852804032291 0
    outer loop
      vertex 5.582361909794958 -31.731851652578136 4.800000000000001
      vertex 5.838947615559897 -31.782889722747623 1.4000000000000004
      vertex 5.582361909794958 -31.731851652578136 1.4000000000000004
    endloop
  endfacet
  facet normal 0.0654031292301393 0.9978589232386037 0
    outer loop
      vertex 5.838947615559897 -31.782889722747623 4.800000000000001
      vertex 6.1 -31.8 1.4000000000000004
      vertex 5.838947615559897 -31.782889722747623 1.4000000000000004
    endloop
  endfacet
  facet normal 0.831469612302547 0.5555702330195995 0
    outer loop
      vertex 4.367949192431123 -30.8 4.800000000000001
      vertex 4.51329331941753 -31.017522858017443 4.800000000000001
      vertex 4.51329331941753 -31.017522858017443 1.4000000000000004
    endloop
  endfacet
  facet normal 0.7518398074789762 0.6593458151000703 -2.964397290495521e-16
    outer loop
      vertex 4.51329331941753 -31.017522858017443 4.800000000000001
      vertex 4.685786437626902 -31.214213562373093 4.800000000000001
      vertex 4.685786437626904 -31.214213562373097 1.4000000000000004
    endloop
  endfacet
  facet normal 0.6593458151000684 0.7518398074789778 0
    outer loop
      vertex 4.685786437626902 -31.214213562373093 4.800000000000001
      vertex 4.882477141982559 -31.38670668058247 4.800000000000001
      vertex 4.882477141982559 -31.38670668058247 1.4000000000000004
    endloop
  endfacet
  facet normal 0.8968727415326871 0.44228869021900374 0
    outer loop
      vertex 4.252240934977426 -30.56536686473018 4.800000000000001
      vertex 4.367949192431123 -30.8 4.800000000000001
      vertex 4.367949192431123 -30.8 1.4000000000000004
    endloop
  endfacet
  facet normal 0.9469301294951045 0.32143946530316503 0
    outer loop
      vertex 4.168148347421862 -30.317638090205044 4.800000000000001
      vertex 4.252240934977426 -30.56536686473018 4.800000000000001
      vertex 4.252240934977426 -30.56536686473018 1.4000000000000004
    endloop
  endfacet
  facet normal 0.9807852804032319 0.195090322016121 0
    outer loop
      vertex 4.1171102772523795 -30.061052384440103 4.800000000000001
      vertex 4.168148347421862 -30.317638090205044 4.800000000000001
      vertex 4.168148347421862 -30.317638090205044 1.4000000000000004
    endloop
  endfacet
  facet normal 0.9978589232386033 0.06540312923014605 0
    outer loop
      vertex 4.1 -29.8 4.800000000000001
      vertex 4.1171102772523795 -30.061052384440103 4.800000000000001
      vertex 4.1171102772523795 -30.061052384440103 1.4000000000000004
    endloop
  endfacet
  facet normal 0.5555702330196074 0.8314696123025418 0
    outer loop
      vertex 4.882477141982559 -31.38670668058247 4.800000000000001
      vertex 5.1 -31.53205080756888 4.800000000000001
      vertex 5.1 -31.53205080756888 1.4000000000000004
    endloop
  endfacet
  facet normal 0.4422886902189928 0.8968727415326925 0
    outer loop
      vertex 5.1 -31.53205080756888 4.800000000000001
      vertex 5.33463313526982 -31.647759065022573 4.800000000000001
      vertex 5.33463313526982 -31.647759065022573 1.4000000000000004
    endloop
  endfacet
  facet normal 0.3214394653031629 0.9469301294951051 0
    outer loop
      vertex 5.33463313526982 -31.647759065022573 4.800000000000001
      vertex 5.582361909794958 -31.731851652578136 4.800000000000001
      vertex 5.582361909794958 -31.731851652578136 1.4000000000000004
    endloop
  endfacet
  facet normal 0.19509032201613538 0.9807852804032291 0
    outer loop
      vertex 5.582361909794958 -31.731851652578136 4.800000000000001
      vertex 5.838947615559897 -31.782889722747623 4.800000000000001
      vertex 5.838947615559897 -31.782889722747623 1.4000000000000004
    endloop
  endfacet
  facet normal 0.0654031292301393 0.9978589232386037 0
    outer loop
      vertex 5.838947615559897 -31.782889722747623 4.800000000000001
      vertex 6.1 -31.8 4.800000000000001
      vertex 6.1 -31.8 1.4000000000000004
    endloop
  endfacet
  facet normal 1 0 0
    outer loop
      vertex 4.1 -29.8 4.800000000000001
      vertex 4.1 -29.8 1.4000000000000004
      vertex 4.1 -23.784 2.9678891256447635
    endloop
  endfacet
  facet normal 1 0 0
    outer loop
      vertex 4.1 -5.783999999999999 2.9678891256447635
      vertex 4.1 -23.784 2.9678891256447635
      vertex 4.1 -29.8 1.4000000000000004
    endloop
  endfacet
  facet normal 0 1 0
    outer loop
      vertex 6.1 -31.8 4.800000000000001
      vertex 9.2056270096463 -31.8 1.4000000000000004
      vertex 6.1 -31.8 1.4000000000000004
    endloop
  endfacet
  facet normal 0 1 0
    outer loop
      vertex 6.1 -31.8 4.800000000000001
      vertex 9.2056270096463 -31.8 4.800000000000001
      vertex 9.2056270096463 -31.8 1.4000000000000004
    endloop
  endfacet
  facet normal 0 0 1
    outer loop
      vertex 4.168148347421862 30.317638090205044 1.4000000000000004
      vertex 4.1 -29.8 1.4000000000000004
      vertex 4.168148347421862 -30.317638090205044 1.4000000000000004
    endloop
  endfacet
  facet normal 0 0 1
    outer loop
      vertex 4.168148347421862 30.317638090205044 1.4000000000000004
      vertex 4.168148347421862 -30.317638090205044 1.4000000000000004
      vertex 5.1 -29.8 1.4000000000000004
    endloop
  endfacet
  facet normal 1 0 0
    outer loop
      vertex 4.1 5.783999999999999 2.9678891256447635
      vertex 4.1 -5.783999999999999 2.9678891256447635
      vertex 4.1 -29.8 1.4000000000000004
    endloop
  endfacet
  facet normal 1 0 0
    outer loop
      vertex 4.1 23.784 2.9678891256447635
      vertex 4.1 5.783999999999999 2.9678891256447635
      vertex 4.1 -29.8 1.4000000000000004
    endloop
  endfacet
  facet normal 1 0 0
    outer loop
      vertex 4.1 5.783999999999999 4.032110874355238
      vertex 4.1 -5.783999999999999 4.032110874355238
      vertex 4.1 -5.783999999999999 2.9678891256447635
    endloop
  endfacet
  facet normal 0 0 1
    outer loop
      vertex 9.75 -31.148846153846154 1.4000000000000004
      vertex 18.950000000000003 -31.148846153846154 1.4000000000000004
      vertex 22.6 -30.8 1.4000000000000004
    endloop
  endfacet
  facet normal 0 0 1
    outer loop
      vertex 18.950000000000003 -31.148846153846154 1.4000000000000004
      vertex 19.4943729903537 -31.8 1.4000000000000004
      vertex 22.6 -30.8 1.4000000000000004
    endloop
  endfacet
  facet normal 0 0 1
    outer loop
      vertex 19.4943729903537 -31.8 1.4000000000000004
      vertex 22.6 -31.8 1.4000000000000004
      vertex 22.8610523844401 -31.782889722747623 1.4000000000000004
    endloop
  endfacet
  facet normal 0 0 1
    outer loop
      vertex 19.4943729903537 -31.8 1.4000000000000004
      vertex 22.8610523844401 -31.782889722747623 1.4000000000000004
      vertex 22.6 -30.8 1.4000000000000004
    endloop
  endfacet
  facet normal 0 0 1
    outer loop
      vertex 22.6 -30.8 1.4000000000000004
      vertex 22.8610523844401 -31.782889722747623 1.4000000000000004
      vertex 22.73052619222005 -30.79144486137381 1.4000000000000004
    endloop
  endfacet
  facet normal 0 0 1
    outer loop
      vertex 22.73052619222005 -30.79144486137381 1.4000000000000004
      vertex 22.8610523844401 -31.782889722747623 1.4000000000000004
      vertex 22.85881904510252 -30.76592582628907 1.4000000000000004
    endloop
  endfacet
  facet normal 0 0 1
    outer loop
      vertex 22.8610523844401 -31.782889722747623 1.4000000000000004
      vertex 23.11763809020504 -31.731851652578136 1.4000000000000004
      vertex 23.365366864730177 -31.647759065022573 1.4000000000000004
    endloop
  endfacet
  facet normal 0 0 1
    outer loop
      vertex 22.85881904510252 -30.76592582628907 1.4000000000000004
      vertex 22.8610523844401 -31.782889722747623 1.4000000000000004
      vertex 22.98268343236509 -30.723879532511287 1.4000000000000004
    endloop
  endfacet
  facet normal 0 0 1
    outer loop
      vertex 22.8610523844401 -31.782889722747623 1.4000000000000004
      vertex 23.1 -30.666025403784438 1.4000000000000004
      vertex 22.98268343236509 -30.723879532511287 1.4000000000000004
    endloop
  endfacet
  facet normal 0 0 1
    outer loop
      vertex 22.8610523844401 -31.782889722747623 1.4000000000000004
      vertex 23.365366864730177 -31.647759065022573 1.4000000000000004
      vertex 24.014213562373094 -31.214213562373097 1.4000000000000004
    endloop
  endfacet
  facet normal 0 0 1
    outer loop
      vertex 23.365366864730177 -31.647759065022573 1.4000000000000004
      vertex 23.6 -31.53205080756888 1.4000000000000004
      vertex 24.014213562373094 -31.214213562373097 1.4000000000000004
    endloop
  endfacet
  facet normal 0 0 1
    outer loop
      vertex 22.8610523844401 -31.782889722747623 1.4000000000000004
      vertex 24.531851652578137 -30.317638090205044 1.4000000000000004
      vertex 23.1 -30.666025403784438 1.4000000000000004
    endloop
  endfacet
  facet normal 0 0 1
    outer loop
      vertex 23.6 -31.53205080756888 1.4000000000000004
      vertex 23.81752285801744 -31.38670668058247 1.4000000000000004
      vertex 24.014213562373094 -31.214213562373097 1.4000000000000004
    endloop
  endfacet
  facet normal 0 0 1
    outer loop
      vertex 22.8610523844401 -31.782889722747623 1.4000000000000004
      vertex 24.014213562373094 -31.214213562373097 1.4000000000000004
      vertex 24.531851652578137 -30.317638090205044 1.4000000000000004
    endloop
  endfacet
  facet normal 0 0 1
    outer loop
      vertex 23.1 -30.666025403784438 1.4000000000000004
      vertex 24.531851652578137 -30.317638090205044 1.4000000000000004
      vertex 23.20876142900872 -30.593353340291237 1.4000000000000004
    endloop
  endfacet
  facet normal 0 0 1
    outer loop
      vertex 23.20876142900872 -30.593353340291237 1.4000000000000004
      vertex 24.531851652578137 -30.317638090205044 1.4000000000000004
      vertex 23.307106781186548 -30.507106781186547 1.4000000000000004
    endloop
  endfacet
  facet normal 0 0 1
    outer loop
      vertex 23.307106781186548 -30.507106781186547 1.4000000000000004
      vertex 24.531851652578137 -30.317638090205044 1.4000000000000004
      vertex 23.393353340291235 -30.40876142900872 1.4000000000000004
    endloop
  endfacet
  facet normal 0 0 1
    outer loop
      vertex 23.393353340291235 -30.40876142900872 1.4000000000000004
      vertex 24.531851652578137 -30.317638090205044 1.4000000000000004
      vertex 23.46602540378444 -30.3 1.4000000000000004
    endloop
  endfacet
  facet normal 0 0 1
    outer loop
      vertex 23.46602540378444 -30.3 1.4000000000000004
      vertex 24.531851652578137 -30.317638090205044 1.4000000000000004
      vertex 23.523879532511287 -30.182683432365092 1.4000000000000004
    endloop
  endfacet
  facet normal 0 0 1
    outer loop
      vertex 23.565925826289067 -30.05881904510252 1.4000000000000004
      vertex 23.523879532511287 -30.182683432365092 1.4000000000000004
      vertex 24.531851652578137 -30.317638090205044 1.4000000000000004
    endloop
  endfacet
  facet normal 0 0 1
    outer loop
      vertex 23.565925826289067 -30.05881904510252 1.4000000000000004
      vertex 24.531851652578137 -30.317638090205044 1.4000000000000004
      vertex 23.59144486137381 -29.930526192220054 1.4000000000000004
    endloop
  endfacet
  facet normal 0 0 1
    outer loop
      vertex 23.6 -29.8 1.4000000000000004
      vertex 23.59144486137381 -29.930526192220054 1.4000000000000004
      vertex 24.531851652578137 -30.317638090205044 1.4000000000000004
    endloop
  endfacet
  facet normal 0 0 1
    outer loop
      vertex 24.014213562373094 -31.214213562373097 1.4000000000000004
      vertex 24.186706680582468 -31.017522858017443 1.4000000000000004
      vertex 24.332050807568876 -30.8 1.4000000000000004
    endloop
  endfacet
  facet normal 0 0 1
    outer loop
      vertex 24.014213562373094 -31.214213562373097 1.4000000000000004
      vertex 24.332050807568876 -30.8 1.4000000000000004
      vertex 24.531851652578137 -30.317638090205044 1.4000000000000004
    endloop
  endfacet
  facet normal 0 0 1
    outer loop
      vertex 24.332050807568876 -30.8 1.4000000000000004
      vertex 24.447759065022574 -30.56536686473018 1.4000000000000004
      vertex 24.531851652578137 -30.317638090205044 1.4000000000000004
    endloop
  endfacet
  facet normal 0 1 0
    outer loop
      vertex 19.4943729903537 -31.8 4.800000000000001
      vertex 22.6 -31.8 1.4000000000000004
      vertex 19.4943729903537 -31.8 1.4000000000000004
    endloop
  endfacet
  facet normal -0.06540312923014019 0.9978589232386037 0
    outer loop
      vertex 22.6 -31.8 4.800000000000001
      vertex 22.8610523844401 -31.782889722747623 1.4000000000000004
      vertex 22.6 -31.8 1.4000000000000004
    endloop
  endfacet
  facet normal -0.19509032201613408 0.9807852804032292 0
    outer loop
      vertex 22.8610523844401 -31.782889722747623 4.800000000000001
      vertex 23.11763809020504 -31.731851652578136 1.4000000000000004
      vertex 22.8610523844401 -31.782889722747623 1.4000000000000004
    endloop
  endfacet
  facet normal -0.32143946530316503 0.9469301294951045 0
    outer loop
      vertex 23.11763809020504 -31.731851652578136 4.800000000000001
      vertex 23.365366864730177 -31.647759065022573 1.4000000000000004
      vertex 23.11763809020504 -31.731851652578136 1.4000000000000004
    endloop
  endfacet
  facet normal -0.4422886902189874 0.8968727415326951 0
    outer loop
      vertex 23.365366864730177 -31.647759065022573 4.800000000000001
      vertex 23.6 -31.53205080756888 1.4000000000000004
      vertex 23.365366864730177 -31.647759065022573 1.4000000000000004
    endloop
  endfacet
  facet normal -0.5555702330196105 0.8314696123025397 0
    outer loop
      vertex 23.6 -31.53205080756888 4.800000000000001
      vertex 23.81752285801744 -31.38670668058247 1.4000000000000004
      vertex 23.6 -31.53205080756888 1.4000000000000004
    endloop
  endfacet
  facet normal -0.6593458151000674 0.7518398074789787 0
    outer loop
      vertex 23.81752285801744 -31.38670668058247 4.800000000000001
      vertex 24.014213562373094 -31.214213562373097 1.4000000000000004
      vertex 23.81752285801744 -31.38670668058247 1.4000000000000004
    endloop
  endfacet
  facet normal -0.7518398074789787 0.6593458151000674 0
    outer loop
      vertex 24.014213562373094 -31.214213562373097 4.800000000000001
      vertex 24.186706680582468 -31.017522858017443 1.4000000000000004
      vertex 24.014213562373094 -31.214213562373097 1.4000000000000004
    endloop
  endfacet
  facet normal -0.8314696123025439 0.5555702330196042 0
    outer loop
      vertex 24.186706680582468 -31.017522858017443 4.800000000000001
      vertex 24.332050807568876 -30.8 1.4000000000000004
      vertex 24.186706680582468 -31.017522858017443 1.4000000000000004
    endloop
  endfacet
  facet normal -0.8968727415326871 0.44228869021900374 0
    outer loop
      vertex 24.332050807568876 -30.8 4.800000000000001
      vertex 24.447759065022574 -30.56536686473018 1.4000000000000004
      vertex 24.332050807568876 -30.8 1.4000000000000004
    endloop
  endfacet
  facet normal -0.9469301294951045 0.32143946530316503 0
    outer loop
      vertex 24.447759065022574 -30.56536686473018 4.800000000000001
      vertex 24.531851652578137 -30.317638090205044 1.4000000000000004
      vertex 24.447759065022574 -30.56536686473018 1.4000000000000004
    endloop
  endfacet
  facet normal -0.9807852804032319 0.195090322016121 0
    outer loop
      vertex 24.531851652578137 -30.317638090205044 4.800000000000001
      vertex 24.58288972274762 -30.061052384440103 1.4000000000000004
      vertex 24.531851652578137 -30.317638090205044 1.4000000000000004
    endloop
  endfacet
  facet normal -0.9978589232386029 0.06540312923015282 0
    outer loop
      vertex 24.58288972274762 -30.061052384440103 4.800000000000001
      vertex 24.6 -29.8 1.4000000000000004
      vertex 24.58288972274762 -30.061052384440103 1.4000000000000004
    endloop
  endfacet
  facet normal 0 1 0
    outer loop
      vertex 19.4943729903537 -31.8 4.800000000000001
      vertex 22.6 -31.8 4.800000000000001
      vertex 22.6 -31.8 1.4000000000000004
    endloop
  endfacet
  facet normal -0.06540312923014019 0.9978589232386037 0
    outer loop
      vertex 22.6 -31.8 4.800000000000001
      vertex 22.8610523844401 -31.782889722747623 4.800000000000001
      vertex 22.8610523844401 -31.782889722747623 1.4000000000000004
    endloop
  endfacet
  facet normal -0.19509032201613408 0.9807852804032292 0
    outer loop
      vertex 22.8610523844401 -31.782889722747623 4.800000000000001
      vertex 23.11763809020504 -31.731851652578136 4.800000000000001
      vertex 23.11763809020504 -31.731851652578136 1.4000000000000004
    endloop
  endfacet
  facet normal -0.32143946530316503 0.9469301294951045 0
    outer loop
      vertex 23.11763809020504 -31.731851652578136 4.800000000000001
      vertex 23.365366864730177 -31.647759065022573 4.800000000000001
      vertex 23.365366864730177 -31.647759065022573 1.4000000000000004
    endloop
  endfacet
  facet normal -0.4422886902189874 0.8968727415326951 0
    outer loop
      vertex 23.365366864730177 -31.647759065022573 4.800000000000001
      vertex 23.6 -31.53205080756888 4.800000000000001
      vertex 23.6 -31.53205080756888 1.4000000000000004
    endloop
  endfacet
  facet normal -0.5555702330196105 0.8314696123025397 0
    outer loop
      vertex 23.6 -31.53205080756888 4.800000000000001
      vertex 23.81752285801744 -31.38670668058247 4.800000000000001
      vertex 23.81752285801744 -31.38670668058247 1.4000000000000004
    endloop
  endfacet
  facet normal -0.6593458151000674 0.7518398074789787 0
    outer loop
      vertex 23.81752285801744 -31.38670668058247 4.800000000000001
      vertex 24.014213562373094 -31.214213562373097 4.800000000000001
      vertex 24.014213562373094 -31.214213562373097 1.4000000000000004
    endloop
  endfacet
  facet normal -0.7518398074789787 0.6593458151000674 0
    outer loop
      vertex 24.014213562373094 -31.214213562373097 4.800000000000001
      vertex 24.186706680582468 -31.017522858017443 4.800000000000001
      vertex 24.186706680582468 -31.017522858017443 1.4000000000000004
    endloop
  endfacet
  facet normal -0.8314696123025439 0.5555702330196042 0
    outer loop
      vertex 24.186706680582468 -31.017522858017443 4.800000000000001
      vertex 24.332050807568876 -30.8 4.800000000000001
      vertex 24.332050807568876 -30.8 1.4000000000000004
    endloop
  endfacet
  facet normal -0.8968727415326871 0.44228869021900374 0
    outer loop
      vertex 24.332050807568876 -30.8 4.800000000000001
      vertex 24.447759065022574 -30.56536686473018 4.800000000000001
      vertex 24.447759065022574 -30.56536686473018 1.4000000000000004
    endloop
  endfacet
  facet normal -0.9469301294951045 0.32143946530316503 0
    outer loop
      vertex 24.447759065022574 -30.56536686473018 4.800000000000001
      vertex 24.531851652578137 -30.317638090205044 4.800000000000001
      vertex 24.531851652578137 -30.317638090205044 1.4000000000000004
    endloop
  endfacet
  facet normal -0.9807852804032319 0.195090322016121 0
    outer loop
      vertex 24.531851652578137 -30.317638090205044 4.800000000000001
      vertex 24.58288972274762 -30.061052384440103 4.800000000000001
      vertex 24.58288972274762 -30.061052384440103 1.4000000000000004
    endloop
  endfacet
  facet normal -0.9978589232386029 0.06540312923015282 0
    outer loop
      vertex 24.6 -29.8 4.800000000000001
      vertex 24.6 -29.8 1.4000000000000004
      vertex 24.58288972274762 -30.061052384440103 4.800000000000001
    endloop
  endfacet
  facet normal -1 0 0
    outer loop
      vertex 24.6 -29.8 4.800000000000001
      vertex 24.6 -23.784 2.9678891256447635
      vertex 24.6 -29.8 1.4000000000000004
    endloop
  endfacet
  facet normal 0 0 1
    outer loop
      vertex 23.6 29.8 1.4000000000000004
      vertex 23.6 -29.8 1.4000000000000004
      vertex 24.531851652578137 -30.317638090205044 1.4000000000000004
    endloop
  endfacet
  facet normal 0 0 1
    outer loop
      vertex 24.6 29.8 1.4000000000000004
      vertex 24.531851652578137 -30.317638090205044 1.4000000000000004
      vertex 24.58288972274762 -30.061052384440103 1.4000000000000004
    endloop
  endfacet
  facet normal 0 0 1
    outer loop
      vertex 24.6 29.8 1.4000000000000004
      vertex 24.58288972274762 -30.061052384440103 1.4000000000000004
      vertex 24.6 -29.8 1.4000000000000004
    endloop
  endfacet
  facet normal -1 0 0
    outer loop
      vertex 24.6 29.8 1.4000000000000004
      vertex 24.6 -29.8 1.4000000000000004
      vertex 24.6 -23.784 2.9678891256447635
    endloop
  endfacet
  facet normal -1 0 0
    outer loop
      vertex 24.6 5.783999999999999 2.9678891256447635
      vertex 24.6 -5.783999999999999 2.9678891256447635
      vertex 24.6 -5.783999999999999 4.032110874355238
    endloop
  endfacet
  facet normal 1 0 0
    outer loop
      vertex 4.1 -23.784 4.032110874355238
      vertex 4.1 -29.8 4.800000000000001
      vertex 4.1 -23.784 2.9678891256447635
    endloop
  endfacet
  facet normal 1 0 0
    outer loop
      vertex 4.1 29.8 4.800000000000001
      vertex 4.1 -29.8 4.800000000000001
      vertex 4.1 -23.784 4.032110874355238
    endloop
  endfacet
  facet normal -1 0 0
    outer loop
      vertex 24.6 -23.784 4.032110874355238
      vertex 24.6 -23.784 2.9678891256447635
      vertex 24.6 -29.8 4.800000000000001
    endloop
  endfacet
  facet normal -1 0 0
    outer loop
      vertex 24.6 -5.783999999999999 4.032110874355238
      vertex 24.6 -23.784 4.032110874355238
      vertex 24.6 -29.8 4.800000000000001
    endloop
  endfacet
  facet normal -1 0 0
    outer loop
      vertex 24.6 5.783999999999999 4.032110874355238
      vertex 24.6 -5.783999999999999 4.032110874355238
      vertex 24.6 -29.8 4.800000000000001
    endloop
  endfacet
  facet normal -1 0 0
    outer loop
      vertex 24.6 23.784 4.032110874355238
      vertex 24.6 5.783999999999999 4.032110874355238
      vertex 24.6 -29.8 4.800000000000001
    endloop
  endfacet
  facet normal 0 0 1
    outer loop
      vertex 4.168148347421862 30.317638090205044 1.4000000000000004
      vertex 4.1 29.8 1.4000000000000004
      vertex 4.1 -29.8 1.4000000000000004
    endloop
  endfacet
  facet normal 0 0 1
    outer loop
      vertex 4.168148347421862 30.317638090205044 1.4000000000000004
      vertex 5.1 -29.8 1.4000000000000004
      vertex 5.1 29.8 1.4000000000000004
    endloop
  endfacet
  facet normal 1 0 0
    outer loop
      vertex 4.1 23.784 2.9678891256447635
      vertex 4.1 -29.8 1.4000000000000004
      vertex 4.1 29.8 1.4000000000000004
    endloop
  endfacet
  facet normal 1 0 0
    outer loop
      vertex 4.1 5.783999999999999 4.032110874355238
      vertex 4.1 -5.783999999999999 2.9678891256447635
      vertex 4.1 5.783999999999999 2.9678891256447635
    endloop
  endfacet
  facet normal 0 0 1
    outer loop
      vertex 4.1171102772523795 30.061052384440103 1.4000000000000004
      vertex 4.1 29.8 1.4000000000000004
      vertex 4.168148347421862 30.317638090205044 1.4000000000000004
    endloop
  endfacet
  facet normal 0 0 1
    outer loop
      vertex 4.168148347421862 30.317638090205044 1.4000000000000004
      vertex 4.367949192431123 30.8 1.4000000000000004
      vertex 4.252240934977426 30.56536686473018 1.4000000000000004
    endloop
  endfacet
  facet normal 0 0 1
    outer loop
      vertex 4.168148347421862 30.317638090205044 1.4000000000000004
      vertex 5.1 29.8 1.4000000000000004
      vertex 5.108555138626189 29.930526192220054 1.4000000000000004
    endloop
  endfacet
  facet normal 0 0 1
    outer loop
      vertex 4.168148347421862 30.317638090205044 1.4000000000000004
      vertex 5.108555138626189 29.930526192220054 1.4000000000000004
      vertex 5.134074173710932 30.05881904510252 1.4000000000000004
    endloop
  endfacet
  facet normal 0 0 1
    outer loop
      vertex 4.168148347421862 30.317638090205044 1.4000000000000004
      vertex 4.882477141982559 31.38670668058247 1.4000000000000004
      vertex 4.367949192431123 30.8 1.4000000000000004
    endloop
  endfacet
  facet normal 0 0 1
    outer loop
      vertex 4.367949192431123 30.8 1.4000000000000004
      vertex 4.882477141982559 31.38670668058247 1.4000000000000004
      vertex 4.51329331941753 31.017522858017443 1.4000000000000004
    endloop
  endfacet
  facet normal 0 0 1
    outer loop
      vertex 4.51329331941753 31.017522858017443 1.4000000000000004
      vertex 4.882477141982559 31.38670668058247 1.4000000000000004
      vertex 4.685786437626904 31.214213562373097 1.4000000000000004
    endloop
  endfacet
  facet normal 0 0 1
    outer loop
      vertex 4.168148347421862 30.317638090205044 1.4000000000000004
      vertex 5.134074173710932 30.05881904510252 1.4000000000000004
      vertex 5.176120467488714 30.182683432365092 1.4000000000000004
    endloop
  endfacet
  facet normal 0 0 1
    outer loop
      vertex 4.168148347421862 30.317638090205044 1.4000000000000004
      vertex 5.176120467488714 30.182683432365092 1.4000000000000004
      vertex 5.23397459621556 30.3 1.4000000000000004
    endloop
  endfacet
  facet normal 0 0 1
    outer loop
      vertex 4.168148347421862 30.317638090205044 1.4000000000000004
      vertex 5.23397459621556 30.3 1.4000000000000004
      vertex 5.306646659708765 30.40876142900872 1.4000000000000004
    endloop
  endfacet
  facet normal 0 0 1
    outer loop
      vertex 4.168148347421862 30.317638090205044 1.4000000000000004
      vertex 5.306646659708765 30.40876142900872 1.4000000000000004
      vertex 6.1 31.8 1.4000000000000004
    endloop
  endfacet
  facet normal 0 0 1
    outer loop
      vertex 4.168148347421862 30.317638090205044 1.4000000000000004
      vertex 6.1 31.8 1.4000000000000004
      vertex 4.882477141982559 31.38670668058247 1.4000000000000004
    endloop
  endfacet
  facet normal 0 0 1
    outer loop
      vertex 4.882477141982559 31.38670668058247 1.4000000000000004
      vertex 5.33463313526982 31.647759065022573 1.4000000000000004
      vertex 5.1 31.53205080756888 1.4000000000000004
    endloop
  endfacet
  facet normal 0 0 1
    outer loop
      vertex 5.306646659708765 30.40876142900872 1.4000000000000004
      vertex 5.392893218813452 30.507106781186547 1.4000000000000004
      vertex 6.1 31.8 1.4000000000000004
    endloop
  endfacet
  facet normal 0 0 1
    outer loop
      vertex 4.882477141982559 31.38670668058247 1.4000000000000004
      vertex 6.1 31.8 1.4000000000000004
      vertex 5.33463313526982 31.647759065022573 1.4000000000000004
    endloop
  endfacet
  facet normal 0 0 1
    outer loop
      vertex 5.392893218813452 30.507106781186547 1.4000000000000004
      vertex 5.491238570991278 30.593353340291237 1.4000000000000004
      vertex 6.1 31.8 1.4000000000000004
    endloop
  endfacet
  facet normal 0 0 1
    outer loop
      vertex 5.491238570991278 30.593353340291237 1.4000000000000004
      vertex 5.6 30.666025403784438 1.4000000000000004
      vertex 6.1 31.8 1.4000000000000004
    endloop
  endfacet
  facet normal 0 0 1
    outer loop
      vertex 5.6 30.666025403784438 1.4000000000000004
      vertex 5.71731656763491 30.723879532511287 1.4000000000000004
      vertex 6.1 31.8 1.4000000000000004
    endloop
  endfacet
  facet normal 0 0 1
    outer loop
      vertex 5.71731656763491 30.723879532511287 1.4000000000000004
      vertex 5.84118095489748 30.76592582628907 1.4000000000000004
      vertex 6.1 31.8 1.4000000000000004
    endloop
  endfacet
  facet normal 0 0 1
    outer loop
      vertex 6.1 31.8 1.4000000000000004
      vertex 5.84118095489748 30.76592582628907 1.4000000000000004
      vertex 5.9694738077799485 30.79144486137381 1.4000000000000004
    endloop
  endfacet
  facet normal 0 0 1
    outer loop
      vertex 5.33463313526982 31.647759065022573 1.4000000000000004
      vertex 6.1 31.8 1.4000000000000004
      vertex 5.582361909794958 31.731851652578136 1.4000000000000004
    endloop
  endfacet
  facet normal 0 0 1
    outer loop
      vertex 5.582361909794958 31.731851652578136 1.4000000000000004
      vertex 6.1 31.8 1.4000000000000004
      vertex 5.838947615559897 31.782889722747623 1.4000000000000004
    endloop
  endfacet
  facet normal 0 0 1
    outer loop
      vertex 6.1 31.8 1.4000000000000004
      vertex 5.9694738077799485 30.79144486137381 1.4000000000000004
      vertex 6.1 30.8 1.4000000000000004
    endloop
  endfacet
  facet normal 0 0 1
    outer loop
      vertex 6.1 31.8 1.4000000000000004
      vertex 6.1 30.8 1.4000000000000004
      vertex 8.35 31.8 1.4000000000000004
    endloop
  endfacet
  facet normal 0 0 1
    outer loop
      vertex 6.1 30.8 1.4000000000000004
      vertex 8.35 30.8 1.4000000000000004
      vertex 8.35 31.8 1.4000000000000004
    endloop
  endfacet
  facet normal 0.9978589232386033 -0.06540312923014605 0
    outer loop
      vertex 4.1171102772523795 30.061052384440103 4.800000000000001
      vertex 4.1 29.8 1.4000000000000004
      vertex 4.1171102772523795 30.061052384440103 1.4000000000000004
    endloop
  endfacet
  facet normal 0.9807852804032319 -0.195090322016121 0
    outer loop
      vertex 4.168148347421862 30.317638090205044 4.800000000000001
      vertex 4.1171102772523795 30.061052384440103 1.4000000000000004
      vertex 4.168148347421862 30.317638090205044 1.4000000000000004
    endloop
  endfacet
  facet normal 0.9469301294951045 -0.32143946530316503 0
    outer loop
      vertex 4.252240934977426 30.56536686473018 4.800000000000001
      vertex 4.168148347421862 30.317638090205044 1.4000000000000004
      vertex 4.252240934977426 30.56536686473018 1.4000000000000004
    endloop
  endfacet
  facet normal 0.8968727415326871 -0.44228869021900374 0
    outer loop
      vertex 4.367949192431123 30.8 4.800000000000001
      vertex 4.252240934977426 30.56536686473018 1.4000000000000004
      vertex 4.367949192431123 30.8 1.4000000000000004
    endloop
  endfacet
  facet normal 0.831469612302547 -0.5555702330195995 0
    outer loop
      vertex 4.51329331941753 31.017522858017443 4.800000000000001
      vertex 4.367949192431123 30.8 1.4000000000000004
      vertex 4.51329331941753 31.017522858017443 1.4000000000000004
    endloop
  endfacet
  facet normal 0.7518398074789787 -0.6593458151000674 0
    outer loop
      vertex 4.685786437626904 31.214213562373097 4.800000000000001
      vertex 4.51329331941753 31.017522858017443 1.4000000000000004
      vertex 4.685786437626904 31.214213562373097 1.4000000000000004
    endloop
  endfacet
  facet normal 0.6593458151000641 -0.7518398074789816 0
    outer loop
      vertex 4.882477141982559 31.38670668058247 4.800000000000001
      vertex 4.685786437626904 31.214213562373097 1.4000000000000004
      vertex 4.882477141982559 31.38670668058247 1.4000000000000004
    endloop
  endfacet
  facet normal 0.5555702330196074 -0.8314696123025418 0
    outer loop
      vertex 5.1 31.53205080756888 4.800000000000001
      vertex 4.882477141982559 31.38670668058247 1.4000000000000004
      vertex 5.1 31.53205080756888 1.4000000000000004
    endloop
  endfacet
  facet normal 0.4422886902189928 -0.8968727415326925 0
    outer loop
      vertex 5.33463313526982 31.647759065022573 4.800000000000001
      vertex 5.1 31.53205080756888 1.4000000000000004
      vertex 5.33463313526982 31.647759065022573 1.4000000000000004
    endloop
  endfacet
  facet normal 0.3214394653031629 -0.9469301294951051 0
    outer loop
      vertex 5.582361909794958 31.731851652578136 4.800000000000001
      vertex 5.33463313526982 31.647759065022573 1.4000000000000004
      vertex 5.582361909794958 31.731851652578136 1.4000000000000004
    endloop
  endfacet
  facet normal 0.19509032201613538 -0.9807852804032291 0
    outer loop
      vertex 5.838947615559897 31.782889722747623 4.800000000000001
      vertex 5.582361909794958 31.731851652578136 1.4000000000000004
      vertex 5.838947615559897 31.782889722747623 1.4000000000000004
    endloop
  endfacet
  facet normal 0.0654031292301393 -0.9978589232386037 0
    outer loop
      vertex 6.1 31.8 4.800000000000001
      vertex 5.838947615559897 31.782889722747623 1.4000000000000004
      vertex 6.1 31.8 1.4000000000000004
    endloop
  endfacet
  facet normal 1 0 0
    outer loop
      vertex 4.1 29.8 4.800000000000001
      vertex 4.1 23.784 2.9678891256447635
      vertex 4.1 29.8 1.4000000000000004
    endloop
  endfacet
  facet normal 0.9978589232386033 -0.06540312923014605 0
    outer loop
      vertex 4.1171102772523795 30.061052384440103 4.800000000000001
      vertex 4.1 29.8 4.800000000000001
      vertex 4.1 29.8 1.4000000000000004
    endloop
  endfacet
  facet normal 0.9807852804032319 -0.195090322016121 0
    outer loop
      vertex 4.1171102772523795 30.061052384440103 4.800000000000001
      vertex 4.1171102772523795 30.061052384440103 1.4000000000000004
      vertex 4.168148347421862 30.317638090205044 4.800000000000001
    endloop
  endfacet
  facet normal 0.9469301294951045 -0.32143946530316503 0
    outer loop
      vertex 4.168148347421862 30.317638090205044 4.800000000000001
      vertex 4.168148347421862 30.317638090205044 1.4000000000000004
      vertex 4.252240934977426 30.56536686473018 4.800000000000001
    endloop
  endfacet
  facet normal 0.8968727415326871 -0.44228869021900374 0
    outer loop
      vertex 4.252240934977426 30.56536686473018 4.800000000000001
      vertex 4.252240934977426 30.56536686473018 1.4000000000000004
      vertex 4.367949192431123 30.8 4.800000000000001
    endloop
  endfacet
  facet normal 0.831469612302547 -0.5555702330195995 0
    outer loop
      vertex 4.367949192431123 30.8 4.800000000000001
      vertex 4.367949192431123 30.8 1.4000000000000004
      vertex 4.51329331941753 31.017522858017443 4.800000000000001
    endloop
  endfacet
  facet normal 0.7518398074789787 -0.6593458151000674 0
    outer loop
      vertex 4.51329331941753 31.017522858017443 4.800000000000001
      vertex 4.51329331941753 31.017522858017443 1.4000000000000004
      vertex 4.685786437626904 31.214213562373097 4.800000000000001
    endloop
  endfacet
  facet normal 0.6593458151000641 -0.7518398074789816 0
    outer loop
      vertex 4.685786437626904 31.214213562373097 4.800000000000001
      vertex 4.685786437626904 31.214213562373097 1.4000000000000004
      vertex 4.882477141982559 31.38670668058247 4.800000000000001
    endloop
  endfacet
  facet normal 0.5555702330196074 -0.8314696123025418 0
    outer loop
      vertex 4.882477141982559 31.38670668058247 4.800000000000001
      vertex 4.882477141982559 31.38670668058247 1.4000000000000004
      vertex 5.1 31.53205080756888 4.800000000000001
    endloop
  endfacet
  facet normal 0.4422886902189928 -0.8968727415326925 0
    outer loop
      vertex 5.1 31.53205080756888 4.800000000000001
      vertex 5.1 31.53205080756888 1.4000000000000004
      vertex 5.33463313526982 31.647759065022573 4.800000000000001
    endloop
  endfacet
  facet normal 0.3214394653031629 -0.9469301294951051 0
    outer loop
      vertex 5.33463313526982 31.647759065022573 4.800000000000001
      vertex 5.33463313526982 31.647759065022573 1.4000000000000004
      vertex 5.582361909794958 31.731851652578136 4.800000000000001
    endloop
  endfacet
  facet normal 0.19509032201613538 -0.9807852804032291 0
    outer loop
      vertex 5.582361909794958 31.731851652578136 4.800000000000001
      vertex 5.582361909794958 31.731851652578136 1.4000000000000004
      vertex 5.838947615559897 31.782889722747623 4.800000000000001
    endloop
  endfacet
  facet normal 0.0654031292301393 -0.9978589232386037 0
    outer loop
      vertex 5.838947615559897 31.782889722747623 4.800000000000001
      vertex 5.838947615559897 31.782889722747623 1.4000000000000004
      vertex 6.1 31.8 4.800000000000001
    endloop
  endfacet
  facet normal 0 -1 0
    outer loop
      vertex 8.35 31.8 4.3579022233646345
      vertex 6.1 31.8 1.4000000000000004
      vertex 8.35 31.8 1.4000000000000004
    endloop
  endfacet
  facet normal 0 -1 0
    outer loop
      vertex 6.1 31.8 4.800000000000001
      vertex 6.1 31.8 1.4000000000000004
      vertex 8.35 31.8 4.3579022233646345
    endloop
  endfacet
  facet normal 0 0 1
    outer loop
      vertex 23.6 29.8 1.4000000000000004
      vertex 24.531851652578137 -30.317638090205044 1.4000000000000004
      vertex 24.531851652578137 30.317638090205044 1.4000000000000004
    endloop
  endfacet
  facet normal 0 0 1
    outer loop
      vertex 24.531851652578137 30.317638090205044 1.4000000000000004
      vertex 24.531851652578137 -30.317638090205044 1.4000000000000004
      vertex 24.6 29.8 1.4000000000000004
    endloop
  endfacet
  facet normal -1 0 0
    outer loop
      vertex 24.6 29.8 1.4000000000000004
      vertex 24.6 -23.784 2.9678891256447635
      vertex 24.6 -5.783999999999999 2.9678891256447635
    endloop
  endfacet
  facet normal -1 0 0
    outer loop
      vertex 24.6 5.783999999999999 4.032110874355238
      vertex 24.6 5.783999999999999 2.9678891256447635
      vertex 24.6 -5.783999999999999 4.032110874355238
    endloop
  endfacet
  facet normal -1 0 0
    outer loop
      vertex 24.6 5.783999999999999 2.9678891256447635
      vertex 24.6 29.8 1.4000000000000004
      vertex 24.6 -5.783999999999999 2.9678891256447635
    endloop
  endfacet
  facet normal 0 0 1
    outer loop
      vertex 20.35 30.804970674486803 1.4000000000000004
      vertex 20.35 30.8 1.4000000000000004
      vertex 22.6 31.8 1.4000000000000004
    endloop
  endfacet
  facet normal 0 0 1
    outer loop
      vertex 20.35 31.8 1.4000000000000004
      vertex 20.35 30.804970674486803 1.4000000000000004
      vertex 22.6 31.8 1.4000000000000004
    endloop
  endfacet
  facet normal 0 0 1
    outer loop
      vertex 20.35 30.8 1.4000000000000004
      vertex 22.6 30.8 1.4000000000000004
      vertex 22.8610523844401 31.782889722747623 1.4000000000000004
    endloop
  endfacet
  facet normal 0 0 1
    outer loop
      vertex 20.35 30.8 1.4000000000000004
      vertex 22.8610523844401 31.782889722747623 1.4000000000000004
      vertex 22.6 31.8 1.4000000000000004
    endloop
  endfacet
  facet normal 0 0 1
    outer loop
      vertex 23.1 30.666025403784438 1.4000000000000004
      vertex 23.20876142900872 30.593353340291237 1.4000000000000004
      vertex 24.531851652578137 30.317638090205044 1.4000000000000004
    endloop
  endfacet
  facet normal 0 0 1
    outer loop
      vertex 23.20876142900872 30.593353340291237 1.4000000000000004
      vertex 23.307106781186548 30.507106781186547 1.4000000000000004
      vertex 24.531851652578137 30.317638090205044 1.4000000000000004
    endloop
  endfacet
  facet normal 0 0 1
    outer loop
      vertex 23.523879532511287 30.182683432365092 1.4000000000000004
      vertex 23.565925826289067 30.05881904510252 1.4000000000000004
      vertex 24.531851652578137 30.317638090205044 1.4000000000000004
    endloop
  endfacet
  facet normal 0 0 1
    outer loop
      vertex 23.46602540378444 30.3 1.4000000000000004
      vertex 23.523879532511287 30.182683432365092 1.4000000000000004
      vertex 24.531851652578137 30.317638090205044 1.4000000000000004
    endloop
  endfacet
  facet normal 0 0 1
    outer loop
      vertex 23.59144486137381 29.930526192220054 1.4000000000000004
      vertex 23.6 29.8 1.4000000000000004
      vertex 24.531851652578137 30.317638090205044 1.4000000000000004
    endloop
  endfacet
  facet normal 0 0 1
    outer loop
      vertex 23.565925826289067 30.05881904510252 1.4000000000000004
      vertex 23.59144486137381 29.930526192220054 1.4000000000000004
      vertex 24.531851652578137 30.317638090205044 1.4000000000000004
    endloop
  endfacet
  facet normal 0 0 1
    outer loop
      vertex 23.307106781186548 30.507106781186547 1.4000000000000004
      vertex 23.393353340291235 30.40876142900872 1.4000000000000004
      vertex 24.531851652578137 30.317638090205044 1.4000000000000004
    endloop
  endfacet
  facet normal 0 0 1
    outer loop
      vertex 23.393353340291235 30.40876142900872 1.4000000000000004
      vertex 23.46602540378444 30.3 1.4000000000000004
      vertex 24.531851652578137 30.317638090205044 1.4000000000000004
    endloop
  endfacet
  facet normal 0 0 1
    outer loop
      vertex 22.8610523844401 31.782889722747623 1.4000000000000004
      vertex 22.6 30.8 1.4000000000000004
      vertex 22.73052619222005 30.79144486137381 1.4000000000000004
    endloop
  endfacet
  facet normal 0 0 1
    outer loop
      vertex 22.8610523844401 31.782889722747623 1.4000000000000004
      vertex 22.73052619222005 30.79144486137381 1.4000000000000004
      vertex 22.85881904510252 30.76592582628907 1.4000000000000004
    endloop
  endfacet
  facet normal 0 0 1
    outer loop
      vertex 22.8610523844401 31.782889722747623 1.4000000000000004
      vertex 22.85881904510252 30.76592582628907 1.4000000000000004
      vertex 22.98268343236509 30.723879532511287 1.4000000000000004
    endloop
  endfacet
  facet normal 0 0 1
    outer loop
      vertex 22.8610523844401 31.782889722747623 1.4000000000000004
      vertex 22.98268343236509 30.723879532511287 1.4000000000000004
      vertex 23.1 30.666025403784438 1.4000000000000004
    endloop
  endfacet
  facet normal 0 0 1
    outer loop
      vertex 22.8610523844401 31.782889722747623 1.4000000000000004
      vertex 23.6 31.53205080756888 1.4000000000000004
      vertex 23.11763809020504 31.731851652578136 1.4000000000000004
    endloop
  endfacet
  facet normal 0 0 1
    outer loop
      vertex 22.8610523844401 31.782889722747623 1.4000000000000004
      vertex 23.1 30.666025403784438 1.4000000000000004
      vertex 24.531851652578137 30.317638090205044 1.4000000000000004
    endloop
  endfacet
  facet normal 0 0 1
    outer loop
      vertex 23.11763809020504 31.731851652578136 1.4000000000000004
      vertex 23.6 31.53205080756888 1.4000000000000004
      vertex 23.365366864730177 31.647759065022573 1.4000000000000004
    endloop
  endfacet
  facet normal 0 0 1
    outer loop
      vertex 22.8610523844401 31.782889722747623 1.4000000000000004
      vertex 24.014213562373094 31.214213562373097 1.4000000000000004
      vertex 23.6 31.53205080756888 1.4000000000000004
    endloop
  endfacet
  facet normal 0 0 1
    outer loop
      vertex 22.8610523844401 31.782889722747623 1.4000000000000004
      vertex 24.531851652578137 30.317638090205044 1.4000000000000004
      vertex 24.014213562373094 31.214213562373097 1.4000000000000004
    endloop
  endfacet
  facet normal 0 0 1
    outer loop
      vertex 23.6 31.53205080756888 1.4000000000000004
      vertex 24.014213562373094 31.214213562373097 1.4000000000000004
      vertex 23.81752285801744 31.38670668058247 1.4000000000000004
    endloop
  endfacet
  facet normal 0 0 1
    outer loop
      vertex 24.332050807568876 30.8 1.4000000000000004
      vertex 24.531851652578137 30.317638090205044 1.4000000000000004
      vertex 24.447759065022574 30.56536686473018 1.4000000000000004
    endloop
  endfacet
  facet normal 0 0 1
    outer loop
      vertex 24.186706680582468 31.017522858017443 1.4000000000000004
      vertex 24.531851652578137 30.317638090205044 1.4000000000000004
      vertex 24.332050807568876 30.8 1.4000000000000004
    endloop
  endfacet
  facet normal 0 0 1
    outer loop
      vertex 24.531851652578137 30.317638090205044 1.4000000000000004
      vertex 24.6 29.8 1.4000000000000004
      vertex 24.58288972274762 30.061052384440103 1.4000000000000004
    endloop
  endfacet
  facet normal 0 0 1
    outer loop
      vertex 24.014213562373094 31.214213562373097 1.4000000000000004
      vertex 24.531851652578137 30.317638090205044 1.4000000000000004
      vertex 24.186706680582468 31.017522858017443 1.4000000000000004
    endloop
  endfacet
  facet normal -1 0 0
    outer loop
      vertex 24.6 23.784 2.9678891256447635
      vertex 24.6 29.8 1.4000000000000004
      vertex 24.6 5.783999999999999 2.9678891256447635
    endloop
  endfacet
  facet normal 0 -1 0
    outer loop
      vertex 22.6 31.8 4.800000000000001
      vertex 20.35 31.8 1.4000000000000004
      vertex 22.6 31.8 1.4000000000000004
    endloop
  endfacet
  facet normal -0.06540312923014019 -0.9978589232386037 0
    outer loop
      vertex 22.8610523844401 31.782889722747623 4.800000000000001
      vertex 22.6 31.8 1.4000000000000004
      vertex 22.8610523844401 31.782889722747623 1.4000000000000004
    endloop
  endfacet
  facet normal -0.19509032201613408 -0.9807852804032292 0
    outer loop
      vertex 23.11763809020504 31.731851652578136 4.800000000000001
      vertex 22.8610523844401 31.782889722747623 1.4000000000000004
      vertex 23.11763809020504 31.731851652578136 1.4000000000000004
    endloop
  endfacet
  facet normal -0.32143946530316503 -0.9469301294951045 0
    outer loop
      vertex 23.365366864730177 31.647759065022573 4.800000000000001
      vertex 23.11763809020504 31.731851652578136 1.4000000000000004
      vertex 23.365366864730177 31.647759065022573 1.4000000000000004
    endloop
  endfacet
  facet normal -0.4422886902189874 -0.8968727415326951 0
    outer loop
      vertex 23.6 31.53205080756888 4.800000000000001
      vertex 23.365366864730177 31.647759065022573 1.4000000000000004
      vertex 23.6 31.53205080756888 1.4000000000000004
    endloop
  endfacet
  facet normal -0.6593458151000675 -0.7518398074789787 -9.664843292100805e-17
    outer loop
      vertex 24.014213562373097 31.214213562373093 4.800000000000001
      vertex 23.81752285801744 31.38670668058247 1.4000000000000004
      vertex 24.014213562373094 31.214213562373097 1.4000000000000004
    endloop
  endfacet
  facet normal -0.5555702330196105 -0.8314696123025397 0
    outer loop
      vertex 23.81752285801744 31.38670668058247 4.800000000000001
      vertex 23.6 31.53205080756888 1.4000000000000004
      vertex 23.81752285801744 31.38670668058247 1.4000000000000004
    endloop
  endfacet
  facet normal -0.8968727415326871 -0.44228869021900374 0
    outer loop
      vertex 24.447759065022574 30.56536686473018 4.800000000000001
      vertex 24.332050807568876 30.8 1.4000000000000004
      vertex 24.447759065022574 30.56536686473018 1.4000000000000004
    endloop
  endfacet
  facet normal -0.9978589232386029 -0.06540312923015282 0
    outer loop
      vertex 24.6 29.8 4.800000000000001
      vertex 24.58288972274762 30.061052384440103 1.4000000000000004
      vertex 24.6 29.8 1.4000000000000004
    endloop
  endfacet
  facet normal -0.9807852804032319 -0.195090322016121 0
    outer loop
      vertex 24.58288972274762 30.061052384440103 4.800000000000001
      vertex 24.531851652578137 30.317638090205044 1.4000000000000004
      vertex 24.58288972274762 30.061052384440103 1.4000000000000004
    endloop
  endfacet
  facet normal -0.9469301294951045 -0.32143946530316503 0
    outer loop
      vertex 24.531851652578137 30.317638090205044 4.800000000000001
      vertex 24.447759065022574 30.56536686473018 1.4000000000000004
      vertex 24.531851652578137 30.317638090205044 1.4000000000000004
    endloop
  endfacet
  facet normal -0.7518398074789787 -0.6593458151000674 0
    outer loop
      vertex 24.186706680582468 31.017522858017443 4.800000000000001
      vertex 24.014213562373094 31.214213562373097 1.4000000000000004
      vertex 24.186706680582468 31.017522858017443 1.4000000000000004
    endloop
  endfacet
  facet normal -0.8314696123025439 -0.5555702330196042 0
    outer loop
      vertex 24.332050807568876 30.8 4.800000000000001
      vertex 24.186706680582468 31.017522858017443 1.4000000000000004
      vertex 24.332050807568876 30.8 1.4000000000000004
    endloop
  endfacet
  facet normal 0 -1 0
    outer loop
      vertex 20.35 31.8 4.3579022233646345
      vertex 20.35 31.8 1.4000000000000004
      vertex 22.6 31.8 4.800000000000001
    endloop
  endfacet
  facet normal -1 0 0
    outer loop
      vertex 24.6 29.8 4.800000000000001
      vertex 24.6 29.8 1.4000000000000004
      vertex 24.6 23.784 2.9678891256447635
    endloop
  endfacet
  facet normal -0.06540312923014019 -0.9978589232386037 0
    outer loop
      vertex 22.6 31.8 4.800000000000001
      vertex 22.6 31.8 1.4000000000000004
      vertex 22.8610523844401 31.782889722747623 4.800000000000001
    endloop
  endfacet
  facet normal -0.19509032201613408 -0.9807852804032292 0
    outer loop
      vertex 22.8610523844401 31.782889722747623 4.800000000000001
      vertex 22.8610523844401 31.782889722747623 1.4000000000000004
      vertex 23.11763809020504 31.731851652578136 4.800000000000001
    endloop
  endfacet
  facet normal -0.32143946530316503 -0.9469301294951045 0
    outer loop
      vertex 23.11763809020504 31.731851652578136 4.800000000000001
      vertex 23.11763809020504 31.731851652578136 1.4000000000000004
      vertex 23.365366864730177 31.647759065022573 4.800000000000001
    endloop
  endfacet
  facet normal -0.4422886902189874 -0.8968727415326951 0
    outer loop
      vertex 23.365366864730177 31.647759065022573 4.800000000000001
      vertex 23.365366864730177 31.647759065022573 1.4000000000000004
      vertex 23.6 31.53205080756888 4.800000000000001
    endloop
  endfacet
  facet normal -0.5555702330196105 -0.8314696123025397 0
    outer loop
      vertex 23.6 31.53205080756888 4.800000000000001
      vertex 23.6 31.53205080756888 1.4000000000000004
      vertex 23.81752285801744 31.38670668058247 4.800000000000001
    endloop
  endfacet
  facet normal -0.6593458151000684 -0.7518398074789778 0
    outer loop
      vertex 23.81752285801744 31.38670668058247 4.800000000000001
      vertex 23.81752285801744 31.38670668058247 1.4000000000000004
      vertex 24.014213562373097 31.214213562373093 4.800000000000001
    endloop
  endfacet
  facet normal -0.7518398074789796 -0.6593458151000665 9.66484329210099e-17
    outer loop
      vertex 24.014213562373097 31.214213562373093 4.800000000000001
      vertex 24.014213562373094 31.214213562373097 1.4000000000000004
      vertex 24.186706680582468 31.017522858017443 4.800000000000001
    endloop
  endfacet
  facet normal -0.9469301294951045 -0.32143946530316503 0
    outer loop
      vertex 24.447759065022574 30.56536686473018 4.800000000000001
      vertex 24.447759065022574 30.56536686473018 1.4000000000000004
      vertex 24.531851652578137 30.317638090205044 4.800000000000001
    endloop
  endfacet
  facet normal -0.8968727415326871 -0.44228869021900374 0
    outer loop
      vertex 24.332050807568876 30.8 4.800000000000001
      vertex 24.332050807568876 30.8 1.4000000000000004
      vertex 24.447759065022574 30.56536686473018 4.800000000000001
    endloop
  endfacet
  facet normal -0.9978589232386029 -0.06540312923015282 0
    outer loop
      vertex 24.58288972274762 30.061052384440103 4.800000000000001
      vertex 24.58288972274762 30.061052384440103 1.4000000000000004
      vertex 24.6 29.8 4.800000000000001
    endloop
  endfacet
  facet normal -0.9807852804032319 -0.195090322016121 0
    outer loop
      vertex 24.531851652578137 30.317638090205044 4.800000000000001
      vertex 24.531851652578137 30.317638090205044 1.4000000000000004
      vertex 24.58288972274762 30.061052384440103 4.800000000000001
    endloop
  endfacet
  facet normal -0.8314696123025439 -0.5555702330196042 0
    outer loop
      vertex 24.186706680582468 31.017522858017443 4.800000000000001
      vertex 24.186706680582468 31.017522858017443 1.4000000000000004
      vertex 24.332050807568876 30.8 4.800000000000001
    endloop
  endfacet
  facet normal 1 0 0
    outer loop
      vertex 4.1 29.8 4.800000000000001
      vertex 4.1 -23.784 4.032110874355238
      vertex 4.1 -5.783999999999999 4.032110874355238
    endloop
  endfacet
  facet normal 1 0 0
    outer loop
      vertex 4.1 29.8 4.800000000000001
      vertex 4.1 -5.783999999999999 4.032110874355238
      vertex 4.1 5.783999999999999 4.032110874355238
    endloop
  endfacet
  facet normal 1 0 0
    outer loop
      vertex 4.1 29.8 4.800000000000001
      vertex 4.1 5.783999999999999 4.032110874355238
      vertex 4.1 23.784 4.032110874355238
    endloop
  endfacet
  facet normal 1 0 0
    outer loop
      vertex 4.1 29.8 4.800000000000001
      vertex 4.1 23.784 4.032110874355238
      vertex 4.1 23.784 2.9678891256447635
    endloop
  endfacet
  facet normal 0 -1 0
    outer loop
      vertex 6.1 31.8 4.800000000000001
      vertex 8.35 31.8 4.3579022233646345
      vertex 8.35 31.8 4.800000000000001
    endloop
  endfacet
  facet normal -1 0 0
    outer loop
      vertex 24.6 29.8 4.800000000000001
      vertex 24.6 23.784 4.032110874355238
      vertex 24.6 -29.8 4.800000000000001
    endloop
  endfacet
  facet normal 0 -1 0
    outer loop
      vertex 20.35 31.8 4.800000000000001
      vertex 20.35 31.8 4.3579022233646345
      vertex 22.6 31.8 4.800000000000001
    endloop
  endfacet
  facet normal -1 0 0
    outer loop
      vertex 24.6 29.8 4.800000000000001
      vertex 24.6 23.784 2.9678891256447635
      vertex 24.6 23.784 4.032110874355238
    endloop
  endfacet
  facet normal 0 0 1
    outer loop
      vertex -25.57820725201806 -31.91229349178414 5
      vertex -25.485640646055103 -32.099999999999994 5
      vertex -24.067703679538784 -30.926208643666133 5
    endloop
  endfacet
  facet normal 0 0 1
    outer loop
      vertex -25.485640646055103 -32.099999999999994 5
      vertex -25.369365344465976 -32.27401828641395 5
      vertex -24.067703679538784 -30.926208643666133 5
    endloop
  endfacet
  facet normal 0 0 1
    outer loop
      vertex -25.57820725201806 -31.91229349178414 5
      vertex -24.067703679538784 -30.926208643666133 5
      vertex -25.64548132206251 -31.71411047216403 5
    endloop
  endfacet
  facet normal 0 0 1
    outer loop
      vertex -25.64548132206251 -31.71411047216403 5
      vertex -24.20214699700121 -30.725 5
      vertex -25.686311778198096 -31.50884190755208 5
    endloop
  endfacet
  facet normal 0 0 1
    outer loop
      vertex -25.686311778198096 -31.50884190755208 5
      vertex -24.20214699700121 -30.725 5
      vertex -25.7 -31.299999999999997 5
    endloop
  endfacet
  facet normal 0 0 1
    outer loop
      vertex -25.369365344465976 -32.27401828641395 5
      vertex -25.231370849898475 -32.43137084989847 5
      vertex -23.908147545195114 -31.10814754519511 5
    endloop
  endfacet
  facet normal 0 0 1
    outer loop
      vertex -25.231370849898475 -32.43137084989847 5
      vertex -25.074018286413953 -32.56936534446597 5
      vertex -23.908147545195114 -31.10814754519511 5
    endloop
  endfacet
  facet normal 0 0 1
    outer loop
      vertex -24.9 -32.6856406460551 5
      vertex -24.712293491784145 -32.778207252018056 5
      vertex -23.908147545195114 -31.10814754519511 5
    endloop
  endfacet
  facet normal 0 0 1
    outer loop
      vertex -25.074018286413953 -32.56936534446597 5
      vertex -24.9 -32.6856406460551 5
      vertex -23.908147545195114 -31.10814754519511 5
    endloop
  endfacet
  facet normal 0 0 1
    outer loop
      vertex -24.712293491784145 -32.778207252018056 5
      vertex -24.514110472164035 -32.845481322062504 5
      vertex -23.726208643666133 -31.267703679538787 5
    endloop
  endfacet
  facet normal 0 0 1
    outer loop
      vertex -24.514110472164035 -32.845481322062504 5
      vertex -24.308841907552083 -32.88631177819809 5
      vertex -23.726208643666133 -31.267703679538787 5
    endloop
  endfacet
  facet normal 0 0 1
    outer loop
      vertex -25.7 -31.299999999999997 5
      vertex -24.20214699700121 -30.725 5
      vertex -24.30917713514588 -30.507964349875415 5
    endloop
  endfacet
  facet normal 0 0 1
    outer loop
      vertex -25.64548132206251 -31.71411047216403 5
      vertex -24.067703679538784 -30.926208643666133 5
      vertex -24.20214699700121 -30.725 5
    endloop
  endfacet
  facet normal 0 0 1
    outer loop
      vertex -25.369365344465976 -32.27401828641395 5
      vertex -23.908147545195114 -31.10814754519511 5
      vertex -24.067703679538784 -30.926208643666133 5
    endloop
  endfacet
  facet normal 0 0 1
    outer loop
      vertex -24.712293491784145 -32.778207252018056 5
      vertex -23.726208643666133 -31.267703679538787 5
      vertex -23.908147545195114 -31.10814754519511 5
    endloop
  endfacet
  facet normal 0 0 1
    outer loop
      vertex -25.7 -31.299999999999997 5
      vertex -24.30917713514588 -30.507964349875415 5
      vertex -24.386962778634775 -30.278815233439666 5
    endloop
  endfacet
  facet normal 0 0 1
    outer loop
      vertex -25.7 -31.299999999999997 5
      vertex -24.386962778634775 -30.278815233439666 5
      vertex -24.43417299354155 -30.041473455607097 5
    endloop
  endfacet
  facet normal 0 0 1
    outer loop
      vertex -25.7 -31.299999999999997 5
      vertex -24.43417299354155 -30.041473455607097 5
      vertex -24.45 -29.8 5
    endloop
  endfacet
  facet normal 0 0 1
    outer loop
      vertex -24.308841907552083 -32.88631177819809 5
      vertex -24.1 -32.9 5
      vertex -23.726208643666133 -31.267703679538787 5
    endloop
  endfacet
  facet normal 0 0 1
    outer loop
      vertex -24.1 -32.9 5
      vertex -23.307964349875416 -31.509177135145883 5
      vertex -23.525 -31.40214699700121 5
    endloop
  endfacet
  facet normal 0 0 1
    outer loop
      vertex -24.1 -32.9 5
      vertex -23.078815233439663 -31.586962778634778 5
      vertex -23.307964349875416 -31.509177135145883 5
    endloop
  endfacet
  facet normal 0 0 1
    outer loop
      vertex -24.1 -32.9 5
      vertex -22.841473455607094 -31.63417299354155 5
      vertex -23.078815233439663 -31.586962778634778 5
    endloop
  endfacet
  facet normal 0 0 1
    outer loop
      vertex -24.1 -32.9 5
      vertex -23.525 -31.40214699700121 5
      vertex -23.726208643666133 -31.267703679538787 5
    endloop
  endfacet
  facet normal 0 0 1
    outer loop
      vertex -24.1 -32.9 5
      vertex -22.6 -31.650000000000002 5
      vertex -22.841473455607094 -31.63417299354155 5
    endloop
  endfacet
  facet normal 0 0 1
    outer loop
      vertex -24.1 -32.9 5
      vertex -20.35 -32.9 5
      vertex -22.6 -31.650000000000002 5
    endloop
  endfacet
  facet normal 0 0 1
    outer loop
      vertex -22.6 -31.650000000000002 5
      vertex -20.35 -32.9 5
      vertex -20.35 -31.806250000000002 5
    endloop
  endfacet
  facet normal 0 0 1
    outer loop
      vertex -22.6 -31.650000000000002 5
      vertex -20.35 -31.806250000000002 5
      vertex -20.35 -31.650000000000002 5
    endloop
  endfacet
  facet normal 0 0 1
    outer loop
      vertex -25.7 -31.299999999999997 5
      vertex -24.45 -29.8 5
      vertex -24.45 29.8 5
    endloop
  endfacet
  facet normal 0 0 1
    outer loop
      vertex -8.35 -32.639583333333334 5
      vertex -6.1 -31.650000000000002 5
      vertex -8.35 -31.650000000000002 5
    endloop
  endfacet
  facet normal 0 0 1
    outer loop
      vertex -8.35 -32.9 5
      vertex -4.6 -32.9 5
      vertex -8.35 -32.639583333333334 5
    endloop
  endfacet
  facet normal 0 0 1
    outer loop
      vertex -8.35 -32.639583333333334 5
      vertex -4.6 -32.9 5
      vertex -6.1 -31.650000000000002 5
    endloop
  endfacet
  facet normal 0 0 1
    outer loop
      vertex -6.1 -31.650000000000002 5
      vertex -4.6 -32.9 5
      vertex -5.8585265443929035 -31.63417299354155 5
    endloop
  endfacet
  facet normal 0 0 1
    outer loop
      vertex -5.8585265443929035 -31.63417299354155 5
      vertex -4.6 -32.9 5
      vertex -5.6211847665603365 -31.586962778634778 5
    endloop
  endfacet
  facet normal 0 0 1
    outer loop
      vertex -5.6211847665603365 -31.586962778634778 5
      vertex -4.6 -32.9 5
      vertex -5.392035650124583 -31.509177135145883 5
    endloop
  endfacet
  facet normal 0 0 1
    outer loop
      vertex -5.392035650124583 -31.509177135145883 5
      vertex -4.6 -32.9 5
      vertex -5.174999999999999 -31.40214699700121 5
    endloop
  endfacet
  facet normal 0 0 1
    outer loop
      vertex -5.174999999999999 -31.40214699700121 5
      vertex -4.6 -32.9 5
      vertex -4.391158092447917 -32.88631177819809 5
    endloop
  endfacet
  facet normal 0 0 1
    outer loop
      vertex -5.174999999999999 -31.40214699700121 5
      vertex -4.391158092447917 -32.88631177819809 5
      vertex -4.1858895278359665 -32.845481322062504 5
    endloop
  endfacet
  facet normal 0 0 1
    outer loop
      vertex -4.973791356333866 -31.267703679538787 5
      vertex -4.1858895278359665 -32.845481322062504 5
      vertex -3.9877065082158563 -32.778207252018056 5
    endloop
  endfacet
  facet normal 0 0 1
    outer loop
      vertex -4.973791356333866 -31.267703679538787 5
      vertex -3.9877065082158563 -32.778207252018056 5
      vertex -3.799999999999999 -32.6856406460551 5
    endloop
  endfacet
  facet normal 0 0 1
    outer loop
      vertex -4.973791356333866 -31.267703679538787 5
      vertex -3.799999999999999 -32.6856406460551 5
      vertex -3.6259817135860466 -32.56936534446597 5
    endloop
  endfacet
  facet normal 0 0 1
    outer loop
      vertex -5.174999999999999 -31.40214699700121 5
      vertex -4.1858895278359665 -32.845481322062504 5
      vertex -4.973791356333866 -31.267703679538787 5
    endloop
  endfacet
  facet normal 0 0 1
    outer loop
      vertex -4.973791356333866 -31.267703679538787 5
      vertex -3.6259817135860466 -32.56936534446597 5
      vertex -4.7918524548048875 -31.108147545195113 5
    endloop
  endfacet
  facet normal 0 0 1
    outer loop
      vertex -4.7918524548048875 -31.108147545195113 5
      vertex -3.1217927479819405 -31.91229349178414 5
      vertex -4.632296320461215 -30.926208643666133 5
    endloop
  endfacet
  facet normal 0 0 1
    outer loop
      vertex -4.632296320461215 -30.926208643666133 5
      vertex -3 -31.299999999999997 5
      vertex -4.497853002998788 -30.725 5
    endloop
  endfacet
  facet normal 0 0 1
    outer loop
      vertex -4.7918524548048875 -31.108147545195113 5
      vertex -3.6259817135860466 -32.56936534446597 5
      vertex -3.468629150101524 -32.43137084989847 5
    endloop
  endfacet
  facet normal 0 0 1
    outer loop
      vertex -4.7918524548048875 -31.108147545195113 5
      vertex -3.468629150101524 -32.43137084989847 5
      vertex -3.3306346555340234 -32.27401828641395 5
    endloop
  endfacet
  facet normal 0 0 1
    outer loop
      vertex -4.7918524548048875 -31.108147545195113 5
      vertex -3.3306346555340234 -32.27401828641395 5
      vertex -3.2143593539448982 -32.099999999999994 5
    endloop
  endfacet
  facet normal 0 0 1
    outer loop
      vertex -4.7918524548048875 -31.108147545195113 5
      vertex -3.2143593539448982 -32.099999999999994 5
      vertex -3.1217927479819405 -31.91229349178414 5
    endloop
  endfacet
  facet normal 0 0 1
    outer loop
      vertex -4.497853002998788 -30.725 5
      vertex -3 -31.299999999999997 5
      vertex -4.390822864854119 -30.507964349875415 5
    endloop
  endfacet
  facet normal 0 0 1
    outer loop
      vertex -4.632296320461215 -30.926208643666133 5
      vertex -3.1217927479819405 -31.91229349178414 5
      vertex -3.054518677937491 -31.71411047216403 5
    endloop
  endfacet
  facet normal 0 0 1
    outer loop
      vertex -4.632296320461215 -30.926208643666133 5
      vertex -3.054518677937491 -31.71411047216403 5
      vertex -3.013688221801903 -31.50884190755208 5
    endloop
  endfacet
  facet normal 0 0 1
    outer loop
      vertex -4.632296320461215 -30.926208643666133 5
      vertex -3.013688221801903 -31.50884190755208 5
      vertex -3 -31.299999999999997 5
    endloop
  endfacet
  facet normal 0 0 1
    outer loop
      vertex -4.390822864854119 -30.507964349875415 5
      vertex -3 -31.299999999999997 5
      vertex -4.313037221365223 -30.278815233439666 5
    endloop
  endfacet
  facet normal 0 0 1
    outer loop
      vertex -4.313037221365223 -30.278815233439666 5
      vertex -3 -31.299999999999997 5
      vertex -4.26582700645845 -30.041473455607097 5
    endloop
  endfacet
  facet normal 0 0 1
    outer loop
      vertex -4.26582700645845 -30.041473455607097 5
      vertex -3 -31.299999999999997 5
      vertex -4.25 -29.8 5
    endloop
  endfacet
  facet normal 0 0 1
    outer loop
      vertex -4.25 -29.8 5
      vertex -3 -31.299999999999997 5
      vertex -3 31.299999999999997 5
    endloop
  endfacet
  facet normal 0 0 1
    outer loop
      vertex -25.7 -31.299999999999997 5
      vertex -24.45 29.8 5
      vertex -25.7 31.299999999999997 5
    endloop
  endfacet
  facet normal 0 0 1
    outer loop
      vertex -25.7 31.299999999999997 5
      vertex -24.45 29.8 5
      vertex -24.43417299354155 30.041473455607097 5
    endloop
  endfacet
  facet normal 0 0 1
    outer loop
      vertex -25.7 31.299999999999997 5
      vertex -24.43417299354155 30.041473455607097 5
      vertex -24.386962778634775 30.278815233439666 5
    endloop
  endfacet
  facet normal 0 0 1
    outer loop
      vertex -25.7 31.299999999999997 5
      vertex -24.386962778634775 30.278815233439666 5
      vertex -24.30917713514588 30.507964349875415 5
    endloop
  endfacet
  facet normal 0 0 1
    outer loop
      vertex -25.7 31.299999999999997 5
      vertex -24.067703679538784 30.926208643666133 5
      vertex -25.686311778198096 31.50884190755208 5
    endloop
  endfacet
  facet normal 0 0 1
    outer loop
      vertex -25.686311778198096 31.50884190755208 5
      vertex -24.067703679538784 30.926208643666133 5
      vertex -25.64548132206251 31.71411047216403 5
    endloop
  endfacet
  facet normal 0 0 1
    outer loop
      vertex -25.64548132206251 31.71411047216403 5
      vertex -24.067703679538784 30.926208643666133 5
      vertex -25.57820725201806 31.91229349178414 5
    endloop
  endfacet
  facet normal 0 0 1
    outer loop
      vertex -25.57820725201806 31.91229349178414 5
      vertex -23.908147545195114 31.108147545195113 5
      vertex -25.485640646055103 32.099999999999994 5
    endloop
  endfacet
  facet normal 0 0 1
    outer loop
      vertex -25.485640646055103 32.099999999999994 5
      vertex -23.908147545195114 31.108147545195113 5
      vertex -25.369365344465976 32.27401828641395 5
    endloop
  endfacet
  facet normal 0 0 1
    outer loop
      vertex -25.7 31.299999999999997 5
      vertex -24.30917713514588 30.507964349875415 5
      vertex -24.20214699700121 30.725 5
    endloop
  endfacet
  facet normal 0 0 1
    outer loop
      vertex -25.7 31.299999999999997 5
      vertex -24.20214699700121 30.725 5
      vertex -24.067703679538784 30.926208643666133 5
    endloop
  endfacet
  facet normal 0 0 1
    outer loop
      vertex -25.57820725201806 31.91229349178414 5
      vertex -24.067703679538784 30.926208643666133 5
      vertex -23.908147545195114 31.108147545195113 5
    endloop
  endfacet
  facet normal 0 0 1
    outer loop
      vertex -25.074018286413953 32.56936534446597 5
      vertex -23.908147545195114 31.108147545195113 5
      vertex -23.726208643666133 31.267703679538787 5
    endloop
  endfacet
  facet normal 0 0 1
    outer loop
      vertex -25.369365344465976 32.27401828641395 5
      vertex -23.908147545195114 31.108147545195113 5
      vertex -25.231370849898475 32.43137084989847 5
    endloop
  endfacet
  facet normal 0 0 1
    outer loop
      vertex -25.231370849898475 32.43137084989847 5
      vertex -23.908147545195114 31.108147545195113 5
      vertex -25.074018286413953 32.56936534446597 5
    endloop
  endfacet
  facet normal 0 0 1
    outer loop
      vertex -25.074018286413953 32.56936534446597 5
      vertex -23.726208643666133 31.267703679538787 5
      vertex -24.9 32.6856406460551 5
    endloop
  endfacet
  facet normal 0 0 1
    outer loop
      vertex -24.9 32.6856406460551 5
      vertex -23.726208643666133 31.267703679538787 5
      vertex -24.712293491784145 32.778207252018056 5
    endloop
  endfacet
  facet normal 0 0 1
    outer loop
      vertex -24.712293491784145 32.778207252018056 5
      vertex -23.726208643666133 31.267703679538787 5
      vertex -24.514110472164035 32.845481322062504 5
    endloop
  endfacet
  facet normal 0 0 1
    outer loop
      vertex -24.514110472164035 32.845481322062504 5
      vertex -23.525 31.40214699700121 5
      vertex -24.308841907552083 32.88631177819809 5
    endloop
  endfacet
  facet normal 0 0 1
    outer loop
      vertex -24.514110472164035 32.845481322062504 5
      vertex -23.726208643666133 31.267703679538787 5
      vertex -23.525 31.40214699700121 5
    endloop
  endfacet
  facet normal 0 0 1
    outer loop
      vertex -24.308841907552083 32.88631177819809 5
      vertex -23.525 31.40214699700121 5
      vertex -24.1 32.9 5
    endloop
  endfacet
  facet normal 0 0 1
    outer loop
      vertex -24.1 32.9 5
      vertex -23.525 31.40214699700121 5
      vertex -23.307964349875416 31.509177135145883 5
    endloop
  endfacet
  facet normal 0 0 1
    outer loop
      vertex -24.1 32.9 5
      vertex -23.307964349875416 31.509177135145883 5
      vertex -23.078815233439663 31.586962778634778 5
    endloop
  endfacet
  facet normal 0 0 1
    outer loop
      vertex -24.1 32.9 5
      vertex -23.078815233439663 31.586962778634778 5
      vertex -22.841473455607094 31.63417299354155 5
    endloop
  endfacet
  facet normal 0 0 1
    outer loop
      vertex -24.1 32.9 5
      vertex -22.841473455607094 31.63417299354155 5
      vertex -22.6 31.650000000000002 5
    endloop
  endfacet
  facet normal 0 0 1
    outer loop
      vertex -24.1 32.9 5
      vertex -22.6 31.650000000000002 5
      vertex -20.413987138263664 32.9 5
    endloop
  endfacet
  facet normal 0 0 1
    outer loop
      vertex -22.6 31.650000000000002 5
      vertex -19.368971061093248 31.650000000000002 5
      vertex -20.413987138263664 32.9 5
    endloop
  endfacet
  facet normal 0 0 1
    outer loop
      vertex -4.25 -29.8 5
      vertex -3 31.299999999999997 5
      vertex -4.25 29.8 5
    endloop
  endfacet
  facet normal 0 0 1
    outer loop
      vertex -9.33102893890675 31.650000000000002 5
      vertex -6.1 31.650000000000002 5
      vertex -8.286012861736335 32.9 5
    endloop
  endfacet
  facet normal 0 0 1
    outer loop
      vertex -8.286012861736335 32.9 5
      vertex -6.1 31.650000000000002 5
      vertex -4.6 32.9 5
    endloop
  endfacet
  facet normal 0 0 1
    outer loop
      vertex -5.174999999999999 31.40214699700121 5
      vertex -4.973791356333866 31.267703679538787 5
      vertex -4.6 32.9 5
    endloop
  endfacet
  facet normal 0 0 1
    outer loop
      vertex -6.1 31.650000000000002 5
      vertex -5.8585265443929035 31.63417299354155 5
      vertex -4.6 32.9 5
    endloop
  endfacet
  facet normal 0 0 1
    outer loop
      vertex -5.8585265443929035 31.63417299354155 5
      vertex -5.6211847665603365 31.586962778634778 5
      vertex -4.6 32.9 5
    endloop
  endfacet
  facet normal 0 0 1
    outer loop
      vertex -5.6211847665603365 31.586962778634778 5
      vertex -5.392035650124583 31.509177135145883 5
      vertex -4.6 32.9 5
    endloop
  endfacet
  facet normal 0 0 1
    outer loop
      vertex -5.392035650124583 31.509177135145883 5
      vertex -5.174999999999999 31.40214699700121 5
      vertex -4.6 32.9 5
    endloop
  endfacet
  facet normal 0 0 1
    outer loop
      vertex -4.25 29.8 5
      vertex -3 31.299999999999997 5
      vertex -4.26582700645845 30.041473455607097 5
    endloop
  endfacet
  facet normal 0 0 1
    outer loop
      vertex -4.26582700645845 30.041473455607097 5
      vertex -3 31.299999999999997 5
      vertex -4.313037221365223 30.278815233439666 5
    endloop
  endfacet
  facet normal 0 0 1
    outer loop
      vertex -4.313037221365223 30.278815233439666 5
      vertex -3 31.299999999999997 5
      vertex -4.390822864854119 30.507964349875415 5
    endloop
  endfacet
  facet normal 0 0 1
    outer loop
      vertex -4.973791356333866 31.267703679538787 5
      vertex -4.791852454804886 31.10814754519511 5
      vertex -3.9877065082158563 32.778207252018056 5
    endloop
  endfacet
  facet normal 0 0 1
    outer loop
      vertex -4.497853002998788 30.725 5
      vertex -3.054518677937491 31.71411047216403 5
      vertex -4.632296320461215 30.926208643666133 5
    endloop
  endfacet
  facet normal 0 0 1
    outer loop
      vertex -4.791852454804886 31.10814754519511 5
      vertex -4.632296320461215 30.926208643666133 5
      vertex -3.3306346555340234 32.27401828641395 5
    endloop
  endfacet
  facet normal 0 0 1
    outer loop
      vertex -4.973791356333866 31.267703679538787 5
      vertex -4.391158092447917 32.88631177819809 5
      vertex -4.6 32.9 5
    endloop
  endfacet
  facet normal 0 0 1
    outer loop
      vertex -4.973791356333866 31.267703679538787 5
      vertex -4.1858895278359665 32.845481322062504 5
      vertex -4.391158092447917 32.88631177819809 5
    endloop
  endfacet
  facet normal 0 0 1
    outer loop
      vertex -4.973791356333866 31.267703679538787 5
      vertex -3.9877065082158563 32.778207252018056 5
      vertex -4.1858895278359665 32.845481322062504 5
    endloop
  endfacet
  facet normal 0 0 1
    outer loop
      vertex -4.791852454804886 31.10814754519511 5
      vertex -3.6259817135860466 32.56936534446597 5
      vertex -3.799999999999999 32.6856406460551 5
    endloop
  endfacet
  facet normal 0 0 1
    outer loop
      vertex -4.791852454804886 31.10814754519511 5
      vertex -3.799999999999999 32.6856406460551 5
      vertex -3.9877065082158563 32.778207252018056 5
    endloop
  endfacet
  facet normal 0 0 1
    outer loop
      vertex -4.497853002998788 30.725 5
      vertex -4.390822864854119 30.507964349875415 5
      vertex -3 31.299999999999997 5
    endloop
  endfacet
  facet normal 0 0 1
    outer loop
      vertex -4.632296320461215 30.926208643666133 5
      vertex -3.2143593539448982 32.099999999999994 5
      vertex -3.3306346555340234 32.27401828641395 5
    endloop
  endfacet
  facet normal 0 0 1
    outer loop
      vertex -4.632296320461215 30.926208643666133 5
      vertex -3.1217927479819405 31.91229349178414 5
      vertex -3.2143593539448982 32.099999999999994 5
    endloop
  endfacet
  facet normal 0 0 1
    outer loop
      vertex -4.497853002998788 30.725 5
      vertex -3.013688221801903 31.50884190755208 5
      vertex -3.054518677937491 31.71411047216403 5
    endloop
  endfacet
  facet normal 0 0 1
    outer loop
      vertex -4.497853002998788 30.725 5
      vertex -3 31.299999999999997 5
      vertex -3.013688221801903 31.50884190755208 5
    endloop
  endfacet
  facet normal 0 0 1
    outer loop
      vertex -4.632296320461215 30.926208643666133 5
      vertex -3.054518677937491 31.71411047216403 5
      vertex -3.1217927479819405 31.91229349178414 5
    endloop
  endfacet
  facet normal 0 0 1
    outer loop
      vertex -4.791852454804886 31.10814754519511 5
      vertex -3.468629150101524 32.43137084989847 5
      vertex -3.6259817135860466 32.56936534446597 5
    endloop
  endfacet
  facet normal 0 0 1
    outer loop
      vertex -4.791852454804886 31.10814754519511 5
      vertex -3.3306346555340234 32.27401828641395 5
      vertex -3.468629150101524 32.43137084989847 5
    endloop
  endfacet
  facet normal 0 -1 0
    outer loop
      vertex -24.479610059419052 -22.784 5.745672280493228
      vertex -24.45 -22.784 6.863309832832958
      vertex -24.583342139811762 -22.784 5.801118232618473
    endloop
  endfacet
  facet normal 0 -1 0
    outer loop
      vertex -24.479610059419052 -22.784 5.745672280493228
      vertex -24.45 -22.784 5.736690167167041
      vertex -24.45 -22.784 6.863309832832958
    endloop
  endfacet
  facet normal 0 -1 0
    outer loop
      vertex -24.674264068711928 -22.784 5.875735931288071
      vertex -24.583342139811762 -22.784 5.801118232618473
      vertex -24.45 -22.784 6.863309832832958
    endloop
  endfacet
  facet normal 0 -1 0
    outer loop
      vertex -24.674264068711928 -22.784 5.875735931288071
      vertex -24.45 -22.784 6.863309832832958
      vertex -24.748881767381526 -22.784 5.9666578601882385
    endloop
  endfacet
  facet normal 0 -1 0
    outer loop
      vertex -24.748881767381526 -22.784 5.9666578601882385
      vertex -24.45 -22.784 6.863309832832958
      vertex -24.804327719506773 -22.784 6.070389940580946
    endloop
  endfacet
  facet normal 0 -1 0
    outer loop
      vertex -24.804327719506773 -22.784 6.070389940580946
      vertex -24.45 -22.784 6.863309832832958
      vertex -24.838471168241938 -22.784 6.182945806790323
    endloop
  endfacet
  facet normal 0 -1 0
    outer loop
      vertex -24.838471168241938 -22.784 6.182945806790323
      vertex -24.45 -22.784 6.863309832832958
      vertex -24.85 -22.784 6.3
    endloop
  endfacet
  facet normal 0 -1 0
    outer loop
      vertex -24.85 -22.784 6.3
      vertex -24.45 -22.784 6.863309832832958
      vertex -24.838471168241938 -22.784 6.417054193209677
    endloop
  endfacet
  facet normal 0 -1 0
    outer loop
      vertex -24.838471168241938 -22.784 6.417054193209677
      vertex -24.45 -22.784 6.863309832832958
      vertex -24.804327719506773 -22.784 6.529610059419054
    endloop
  endfacet
  facet normal -0.4713967368259889 0 -0.8819212643483596
    outer loop
      vertex -24.479610059419052 -22.784 5.745672280493228
      vertex -24.583342139811762 -22.784 5.801118232618473
      vertex -24.479610059419052 -6.783999999999999 5.745672280493228
    endloop
  endfacet
  facet normal -0.2902846772544704 0 -0.9569403357322065
    outer loop
      vertex -24.479610059419052 -22.784 5.745672280493228
      vertex -24.479610059419052 -6.783999999999999 5.745672280493228
      vertex -24.45 -22.784 5.736690167167041
    endloop
  endfacet
  facet normal -0.6343932841636521 0 -0.7730104533627314
    outer loop
      vertex -24.674264068711928 -22.784 5.875735931288071
      vertex -24.583342139811762 -6.783999999999999 5.801118232618473
      vertex -24.583342139811762 -22.784 5.801118232618473
    endloop
  endfacet
  facet normal -0.7730104533627375 0 -0.6343932841636448
    outer loop
      vertex -24.674264068711928 -22.784 5.875735931288071
      vertex -24.748881767381526 -22.784 5.9666578601882385
      vertex -24.748881767381526 -6.783999999999999 5.9666578601882385
    endloop
  endfacet
  facet normal -0.8819212643483484 0 -0.4713967368260102
    outer loop
      vertex -24.748881767381526 -22.784 5.9666578601882385
      vertex -24.804327719506773 -22.784 6.070389940580946
      vertex -24.804327719506773 -6.783999999999999 6.070389940580946
    endloop
  endfacet
  facet normal -0.9569403357322119 0 -0.2902846772544523
    outer loop
      vertex -24.804327719506773 -22.784 6.070389940580946
      vertex -24.838471168241938 -22.784 6.182945806790323
      vertex -24.838471168241938 -6.783999999999999 6.182945806790323
    endloop
  endfacet
  facet normal -0.9951847266721954 0 -0.0980171403295755
    outer loop
      vertex -24.838471168241938 -22.784 6.182945806790323
      vertex -24.85 -22.784 6.3
      vertex -24.85 -6.783999999999999 6.3
    endloop
  endfacet
  facet normal -0.9951847266721954 0 0.0980171403295755
    outer loop
      vertex -24.85 -22.784 6.3
      vertex -24.838471168241938 -22.784 6.417054193209677
      vertex -24.838471168241938 -6.783999999999999 6.417054193209677
    endloop
  endfacet
  facet normal -0.9569403357322119 0 0.2902846772544523
    outer loop
      vertex -24.838471168241938 -22.784 6.417054193209677
      vertex -24.804327719506773 -22.784 6.529610059419054
      vertex -24.804327719506773 -6.783999999999999 6.529610059419054
    endloop
  endfacet
  facet normal -0.8819212643483484 0 0.4713967368260102
    outer loop
      vertex -24.804327719506773 -22.784 6.529610059419054
      vertex -24.748881767381526 -22.784 6.633342139811761
      vertex -24.748881767381526 -6.783999999999999 6.633342139811761
    endloop
  endfacet
  facet normal 0 -1 0
    outer loop
      vertex -24.804327719506773 -22.784 6.529610059419054
      vertex -24.45 -22.784 6.863309832832958
      vertex -24.748881767381526 -22.784 6.633342139811761
    endloop
  endfacet
  facet normal 0 -1 0
    outer loop
      vertex -24.748881767381526 -22.784 6.633342139811761
      vertex -24.45 -22.784 6.863309832832958
      vertex -24.674264068711928 -22.784 6.724264068711928
    endloop
  endfacet
  facet normal 0 -1 0
    outer loop
      vertex -24.674264068711928 -22.784 6.724264068711928
      vertex -24.45 -22.784 6.863309832832958
      vertex -24.583342139811762 -22.784 6.798881767381527
    endloop
  endfacet
  facet normal 0 -1 0
    outer loop
      vertex -24.583342139811762 -22.784 6.798881767381527
      vertex -24.45 -22.784 6.863309832832958
      vertex -24.479610059419052 -22.784 6.854327719506772
    endloop
  endfacet
  facet normal -0.7730104533627375 0 0.6343932841636448
    outer loop
      vertex -24.748881767381526 -22.784 6.633342139811761
      vertex -24.674264068711928 -22.784 6.724264068711928
      vertex -24.674264068711928 -6.783999999999999 6.724264068711928
    endloop
  endfacet
  facet normal -0.6343932841636521 0 0.7730104533627314
    outer loop
      vertex -24.674264068711928 -22.784 6.724264068711928
      vertex -24.583342139811762 -22.784 6.798881767381527
      vertex -24.674264068711928 -6.783999999999999 6.724264068711928
    endloop
  endfacet
  facet normal -0.4713967368259889 0 0.8819212643483596
    outer loop
      vertex -24.583342139811762 -22.784 6.798881767381527
      vertex -24.479610059419052 -22.784 6.854327719506772
      vertex -24.583342139811762 -6.783999999999999 6.798881767381527
    endloop
  endfacet
  facet normal -0.2902846772544704 0 0.9569403357322065
    outer loop
      vertex -24.479610059419052 -22.784 6.854327719506772
      vertex -24.45 -22.784 6.863309832832958
      vertex -24.45 -6.783999999999999 6.863309832832958
    endloop
  endfacet
  facet normal -0.4713967368259889 0 -0.8819212643483596
    outer loop
      vertex -24.583342139811762 -22.784 5.801118232618473
      vertex -24.583342139811762 -6.783999999999999 5.801118232618473
      vertex -24.479610059419052 -6.783999999999999 5.745672280493228
    endloop
  endfacet
  facet normal -0.2902846772544704 0 -0.9569403357322065
    outer loop
      vertex -24.45 -22.784 5.736690167167041
      vertex -24.479610059419052 -6.783999999999999 5.745672280493228
      vertex -24.45 -6.783999999999999 5.736690167167041
    endloop
  endfacet
  facet normal -0.6343932841636521 0 -0.7730104533627314
    outer loop
      vertex -24.674264068711928 -22.784 5.875735931288071
      vertex -24.674264068711928 -6.783999999999999 5.875735931288071
      vertex -24.583342139811762 -6.783999999999999 5.801118232618473
    endloop
  endfacet
  facet normal -0.7730104533627375 0 -0.6343932841636448
    outer loop
      vertex -24.674264068711928 -22.784 5.875735931288071
      vertex -24.748881767381526 -6.783999999999999 5.9666578601882385
      vertex -24.674264068711928 -6.783999999999999 5.875735931288071
    endloop
  endfacet
  facet normal -0.8819212643483484 0 -0.4713967368260102
    outer loop
      vertex -24.748881767381526 -22.784 5.9666578601882385
      vertex -24.804327719506773 -6.783999999999999 6.070389940580946
      vertex -24.748881767381526 -6.783999999999999 5.9666578601882385
    endloop
  endfacet
  facet normal -0.9569403357322119 0 -0.2902846772544523
    outer loop
      vertex -24.804327719506773 -22.784 6.070389940580946
      vertex -24.838471168241938 -6.783999999999999 6.182945806790323
      vertex -24.804327719506773 -6.783999999999999 6.070389940580946
    endloop
  endfacet
  facet normal -0.9951847266721954 0 -0.0980171403295755
    outer loop
      vertex -24.838471168241938 -22.784 6.182945806790323
      vertex -24.85 -6.783999999999999 6.3
      vertex -24.838471168241938 -6.783999999999999 6.182945806790323
    endloop
  endfacet
  facet normal -0.9951847266721954 0 0.0980171403295755
    outer loop
      vertex -24.85 -22.784 6.3
      vertex -24.838471168241938 -6.783999999999999 6.417054193209677
      vertex -24.85 -6.783999999999999 6.3
    endloop
  endfacet
  facet normal -0.9569403357322119 0 0.2902846772544523
    outer loop
      vertex -24.838471168241938 -22.784 6.417054193209677
      vertex -24.804327719506773 -6.783999999999999 6.529610059419054
      vertex -24.838471168241938 -6.783999999999999 6.417054193209677
    endloop
  endfacet
  facet normal -0.8819212643483484 0 0.4713967368260102
    outer loop
      vertex -24.804327719506773 -22.784 6.529610059419054
      vertex -24.748881767381526 -6.783999999999999 6.633342139811761
      vertex -24.804327719506773 -6.783999999999999 6.529610059419054
    endloop
  endfacet
  facet normal -0.7730104533627375 0 0.6343932841636448
    outer loop
      vertex -24.748881767381526 -22.784 6.633342139811761
      vertex -24.674264068711928 -6.783999999999999 6.724264068711928
      vertex -24.748881767381526 -6.783999999999999 6.633342139811761
    endloop
  endfacet
  facet normal -0.6343932841636521 0 0.7730104533627314
    outer loop
      vertex -24.583342139811762 -22.784 6.798881767381527
      vertex -24.583342139811762 -6.783999999999999 6.798881767381527
      vertex -24.674264068711928 -6.783999999999999 6.724264068711928
    endloop
  endfacet
  facet normal -0.4713967368259889 0 0.8819212643483596
    outer loop
      vertex -24.479610059419052 -22.784 6.854327719506772
      vertex -24.479610059419052 -6.783999999999999 6.854327719506772
      vertex -24.583342139811762 -6.783999999999999 6.798881767381527
    endloop
  endfacet
  facet normal -0.2902846772544704 0 0.9569403357322065
    outer loop
      vertex -24.479610059419052 -22.784 6.854327719506772
      vertex -24.45 -6.783999999999999 6.863309832832958
      vertex -24.479610059419052 -6.783999999999999 6.854327719506772
    endloop
  endfacet
  facet normal 0 1 0
    outer loop
      vertex -24.479610059419052 -6.783999999999999 5.745672280493228
      vertex -24.583342139811762 -6.783999999999999 5.801118232618473
      vertex -24.45 -6.783999999999999 5.736690167167041
    endloop
  endfacet
  facet normal 0 1 0
    outer loop
      vertex -24.674264068711928 -6.783999999999999 5.875735931288071
      vertex -24.45 -6.783999999999999 5.736690167167041
      vertex -24.583342139811762 -6.783999999999999 5.801118232618473
    endloop
  endfacet
  facet normal 0 1 0
    outer loop
      vertex -24.674264068711928 -6.783999999999999 5.875735931288071
      vertex -24.748881767381526 -6.783999999999999 5.9666578601882385
      vertex -24.45 -6.783999999999999 5.736690167167041
    endloop
  endfacet
  facet normal 0 1 0
    outer loop
      vertex -24.45 -6.783999999999999 5.736690167167041
      vertex -24.748881767381526 -6.783999999999999 5.9666578601882385
      vertex -24.804327719506773 -6.783999999999999 6.070389940580946
    endloop
  endfacet
  facet normal 0 1 0
    outer loop
      vertex -24.45 -6.783999999999999 5.736690167167041
      vertex -24.804327719506773 -6.783999999999999 6.070389940580946
      vertex -24.838471168241938 -6.783999999999999 6.182945806790323
    endloop
  endfacet
  facet normal 0 1 0
    outer loop
      vertex -24.45 -6.783999999999999 5.736690167167041
      vertex -24.838471168241938 -6.783999999999999 6.182945806790323
      vertex -24.85 -6.783999999999999 6.3
    endloop
  endfacet
  facet normal 0 1 0
    outer loop
      vertex -24.45 -6.783999999999999 5.736690167167041
      vertex -24.85 -6.783999999999999 6.3
      vertex -24.838471168241938 -6.783999999999999 6.417054193209677
    endloop
  endfacet
  facet normal 0 1 0
    outer loop
      vertex -24.45 -6.783999999999999 5.736690167167041
      vertex -24.838471168241938 -6.783999999999999 6.417054193209677
      vertex -24.804327719506773 -6.783999999999999 6.529610059419054
    endloop
  endfacet
  facet normal 0 1 0
    outer loop
      vertex -24.45 -6.783999999999999 5.736690167167041
      vertex -24.804327719506773 -6.783999999999999 6.529610059419054
      vertex -24.748881767381526 -6.783999999999999 6.633342139811761
    endloop
  endfacet
  facet normal 0 1 0
    outer loop
      vertex -24.45 -6.783999999999999 5.736690167167041
      vertex -24.748881767381526 -6.783999999999999 6.633342139811761
      vertex -24.674264068711928 -6.783999999999999 6.724264068711928
    endloop
  endfacet
  facet normal 0 1 0
    outer loop
      vertex -24.45 -6.783999999999999 5.736690167167041
      vertex -24.674264068711928 -6.783999999999999 6.724264068711928
      vertex -24.583342139811762 -6.783999999999999 6.798881767381527
    endloop
  endfacet
  facet normal 0 1 0
    outer loop
      vertex -24.45 -6.783999999999999 5.736690167167041
      vertex -24.583342139811762 -6.783999999999999 6.798881767381527
      vertex -24.479610059419052 -6.783999999999999 6.854327719506772
    endloop
  endfacet
  facet normal 0 1 0
    outer loop
      vertex -24.45 -6.783999999999999 5.736690167167041
      vertex -24.479610059419052 -6.783999999999999 6.854327719506772
      vertex -24.45 -6.783999999999999 6.863309832832958
    endloop
  endfacet
  facet normal 0 -1 0
    outer loop
      vertex -24.479610059419052 6.783999999999999 5.745672280493228
      vertex -24.45 6.783999999999999 6.863309832832958
      vertex -24.583342139811762 6.783999999999999 5.801118232618473
    endloop
  endfacet
  facet normal 0 -1 0
    outer loop
      vertex -24.479610059419052 6.783999999999999 5.745672280493228
      vertex -24.45 6.783999999999999 5.736690167167041
      vertex -24.45 6.783999999999999 6.863309832832958
    endloop
  endfacet
  facet normal 0 -1 0
    outer loop
      vertex -24.674264068711928 6.783999999999999 5.875735931288071
      vertex -24.583342139811762 6.783999999999999 5.801118232618473
      vertex -24.45 6.783999999999999 6.863309832832958
    endloop
  endfacet
  facet normal 0 -1 0
    outer loop
      vertex -24.674264068711928 6.783999999999999 5.875735931288071
      vertex -24.45 6.783999999999999 6.863309832832958
      vertex -24.748881767381526 6.783999999999999 5.9666578601882385
    endloop
  endfacet
  facet normal 0 -1 0
    outer loop
      vertex -24.748881767381526 6.783999999999999 5.9666578601882385
      vertex -24.45 6.783999999999999 6.863309832832958
      vertex -24.804327719506773 6.783999999999999 6.070389940580946
    endloop
  endfacet
  facet normal 0 -1 0
    outer loop
      vertex -24.804327719506773 6.783999999999999 6.070389940580946
      vertex -24.45 6.783999999999999 6.863309832832958
      vertex -24.838471168241938 6.783999999999999 6.182945806790323
    endloop
  endfacet
  facet normal 0 -1 0
    outer loop
      vertex -24.838471168241938 6.783999999999999 6.182945806790323
      vertex -24.45 6.783999999999999 6.863309832832958
      vertex -24.85 6.783999999999999 6.3
    endloop
  endfacet
  facet normal 0 -1 0
    outer loop
      vertex -24.85 6.783999999999999 6.3
      vertex -24.45 6.783999999999999 6.863309832832958
      vertex -24.838471168241938 6.783999999999999 6.417054193209677
    endloop
  endfacet
  facet normal 0 -1 0
    outer loop
      vertex -24.838471168241938 6.783999999999999 6.417054193209677
      vertex -24.45 6.783999999999999 6.863309832832958
      vertex -24.804327719506773 6.783999999999999 6.529610059419054
    endloop
  endfacet
  facet normal 0 -1 0
    outer loop
      vertex -24.804327719506773 6.783999999999999 6.529610059419054
      vertex -24.45 6.783999999999999 6.863309832832958
      vertex -24.748881767381526 6.783999999999999 6.633342139811761
    endloop
  endfacet
  facet normal 0 -1 0
    outer loop
      vertex -24.748881767381526 6.783999999999999 6.633342139811761
      vertex -24.45 6.783999999999999 6.863309832832958
      vertex -24.674264068711928 6.783999999999999 6.724264068711928
    endloop
  endfacet
  facet normal 0 -1 0
    outer loop
      vertex -24.674264068711928 6.783999999999999 6.724264068711928
      vertex -24.45 6.783999999999999 6.863309832832958
      vertex -24.583342139811762 6.783999999999999 6.798881767381527
    endloop
  endfacet
  facet normal 0 -1 0
    outer loop
      vertex -24.583342139811762 6.783999999999999 6.798881767381527
      vertex -24.45 6.783999999999999 6.863309832832958
      vertex -24.479610059419052 6.783999999999999 6.854327719506772
    endloop
  endfacet
  facet normal -0.4713967368259889 0 -0.8819212643483596
    outer loop
      vertex -24.479610059419052 6.783999999999999 5.745672280493228
      vertex -24.583342139811762 6.783999999999999 5.801118232618473
      vertex -24.479610059419052 22.784 5.745672280493228
    endloop
  endfacet
  facet normal -0.2902846772544704 0 -0.9569403357322065
    outer loop
      vertex -24.479610059419052 6.783999999999999 5.745672280493228
      vertex -24.479610059419052 22.784 5.745672280493228
      vertex -24.45 6.783999999999999 5.736690167167041
    endloop
  endfacet
  facet normal -0.6343932841636521 0 -0.7730104533627314
    outer loop
      vertex -24.674264068711928 6.783999999999999 5.875735931288071
      vertex -24.583342139811762 22.784 5.801118232618473
      vertex -24.583342139811762 6.783999999999999 5.801118232618473
    endloop
  endfacet
  facet normal -0.7730104533627375 0 -0.6343932841636448
    outer loop
      vertex -24.674264068711928 6.783999999999999 5.875735931288071
      vertex -24.748881767381526 6.783999999999999 5.9666578601882385
      vertex -24.748881767381526 22.784 5.9666578601882385
    endloop
  endfacet
  facet normal -0.8819212643483484 0 -0.4713967368260102
    outer loop
      vertex -24.748881767381526 6.783999999999999 5.9666578601882385
      vertex -24.804327719506773 6.783999999999999 6.070389940580946
      vertex -24.804327719506773 22.784 6.070389940580946
    endloop
  endfacet
  facet normal -0.9569403357322119 0 -0.2902846772544523
    outer loop
      vertex -24.804327719506773 6.783999999999999 6.070389940580946
      vertex -24.838471168241938 6.783999999999999 6.182945806790323
      vertex -24.838471168241938 22.784 6.182945806790323
    endloop
  endfacet
  facet normal -0.9951847266721954 0 -0.0980171403295755
    outer loop
      vertex -24.838471168241938 6.783999999999999 6.182945806790323
      vertex -24.85 6.783999999999999 6.3
      vertex -24.85 22.784 6.3
    endloop
  endfacet
  facet normal -0.9951847266721954 0 0.0980171403295755
    outer loop
      vertex -24.85 6.783999999999999 6.3
      vertex -24.838471168241938 6.783999999999999 6.417054193209677
      vertex -24.838471168241938 22.784 6.417054193209677
    endloop
  endfacet
  facet normal -0.9569403357322119 0 0.2902846772544523
    outer loop
      vertex -24.838471168241938 6.783999999999999 6.417054193209677
      vertex -24.804327719506773 6.783999999999999 6.529610059419054
      vertex -24.804327719506773 22.784 6.529610059419054
    endloop
  endfacet
  facet normal -0.8819212643483484 0 0.4713967368260102
    outer loop
      vertex -24.804327719506773 6.783999999999999 6.529610059419054
      vertex -24.748881767381526 6.783999999999999 6.633342139811761
      vertex -24.748881767381526 22.784 6.633342139811761
    endloop
  endfacet
  facet normal -0.7730104533627375 0 0.6343932841636448
    outer loop
      vertex -24.748881767381526 6.783999999999999 6.633342139811761
      vertex -24.674264068711928 6.783999999999999 6.724264068711928
      vertex -24.674264068711928 22.784 6.724264068711928
    endloop
  endfacet
  facet normal -0.6343932841636521 0 0.7730104533627314
    outer loop
      vertex -24.674264068711928 6.783999999999999 6.724264068711928
      vertex -24.583342139811762 6.783999999999999 6.798881767381527
      vertex -24.674264068711928 22.784 6.724264068711928
    endloop
  endfacet
  facet normal -0.4713967368259889 0 0.8819212643483596
    outer loop
      vertex -24.583342139811762 6.783999999999999 6.798881767381527
      vertex -24.479610059419052 6.783999999999999 6.854327719506772
      vertex -24.583342139811762 22.784 6.798881767381527
    endloop
  endfacet
  facet normal -0.2902846772544704 0 0.9569403357322065
    outer loop
      vertex -24.479610059419052 6.783999999999999 6.854327719506772
      vertex -24.45 6.783999999999999 6.863309832832958
      vertex -24.45 22.784 6.863309832832958
    endloop
  endfacet
  facet normal -0.4713967368259889 0 -0.8819212643483596
    outer loop
      vertex -24.583342139811762 6.783999999999999 5.801118232618473
      vertex -24.583342139811762 22.784 5.801118232618473
      vertex -24.479610059419052 22.784 5.745672280493228
    endloop
  endfacet
  facet normal -0.2902846772544704 0 -0.9569403357322065
    outer loop
      vertex -24.45 6.783999999999999 5.736690167167041
      vertex -24.479610059419052 22.784 5.745672280493228
      vertex -24.45 22.784 5.736690167167041
    endloop
  endfacet
  facet normal -0.6343932841636521 0 -0.7730104533627314
    outer loop
      vertex -24.674264068711928 6.783999999999999 5.875735931288071
      vertex -24.674264068711928 22.784 5.875735931288071
      vertex -24.583342139811762 22.784 5.801118232618473
    endloop
  endfacet
  facet normal -0.7730104533627375 0 -0.6343932841636448
    outer loop
      vertex -24.674264068711928 6.783999999999999 5.875735931288071
      vertex -24.748881767381526 22.784 5.9666578601882385
      vertex -24.674264068711928 22.784 5.875735931288071
    endloop
  endfacet
  facet normal -0.8819212643483484 0 -0.4713967368260102
    outer loop
      vertex -24.748881767381526 6.783999999999999 5.9666578601882385
      vertex -24.804327719506773 22.784 6.070389940580946
      vertex -24.748881767381526 22.784 5.9666578601882385
    endloop
  endfacet
  facet normal -0.9569403357322119 0 -0.2902846772544523
    outer loop
      vertex -24.804327719506773 6.783999999999999 6.070389940580946
      vertex -24.838471168241938 22.784 6.182945806790323
      vertex -24.804327719506773 22.784 6.070389940580946
    endloop
  endfacet
  facet normal -0.9951847266721954 0 -0.0980171403295755
    outer loop
      vertex -24.838471168241938 6.783999999999999 6.182945806790323
      vertex -24.85 22.784 6.3
      vertex -24.838471168241938 22.784 6.182945806790323
    endloop
  endfacet
  facet normal -0.9951847266721954 0 0.0980171403295755
    outer loop
      vertex -24.85 6.783999999999999 6.3
      vertex -24.838471168241938 22.784 6.417054193209677
      vertex -24.85 22.784 6.3
    endloop
  endfacet
  facet normal -0.9569403357322119 0 0.2902846772544523
    outer loop
      vertex -24.838471168241938 6.783999999999999 6.417054193209677
      vertex -24.804327719506773 22.784 6.529610059419054
      vertex -24.838471168241938 22.784 6.417054193209677
    endloop
  endfacet
  facet normal -0.8819212643483484 0 0.4713967368260102
    outer loop
      vertex -24.804327719506773 6.783999999999999 6.529610059419054
      vertex -24.748881767381526 22.784 6.633342139811761
      vertex -24.804327719506773 22.784 6.529610059419054
    endloop
  endfacet
  facet normal 0 1 0
    outer loop
      vertex -24.479610059419052 22.784 5.745672280493228
      vertex -24.583342139811762 22.784 5.801118232618473
      vertex -24.45 22.784 5.736690167167041
    endloop
  endfacet
  facet normal 0 1 0
    outer loop
      vertex -24.674264068711928 22.784 5.875735931288071
      vertex -24.45 22.784 5.736690167167041
      vertex -24.583342139811762 22.784 5.801118232618473
    endloop
  endfacet
  facet normal 0 1 0
    outer loop
      vertex -24.674264068711928 22.784 5.875735931288071
      vertex -24.748881767381526 22.784 5.9666578601882385
      vertex -24.45 22.784 5.736690167167041
    endloop
  endfacet
  facet normal 0 1 0
    outer loop
      vertex -24.45 22.784 5.736690167167041
      vertex -24.748881767381526 22.784 5.9666578601882385
      vertex -24.804327719506773 22.784 6.070389940580946
    endloop
  endfacet
  facet normal 0 1 0
    outer loop
      vertex -24.45 22.784 5.736690167167041
      vertex -24.804327719506773 22.784 6.070389940580946
      vertex -24.838471168241938 22.784 6.182945806790323
    endloop
  endfacet
  facet normal 0 1 0
    outer loop
      vertex -24.45 22.784 5.736690167167041
      vertex -24.838471168241938 22.784 6.182945806790323
      vertex -24.85 22.784 6.3
    endloop
  endfacet
  facet normal 0 1 0
    outer loop
      vertex -24.45 22.784 5.736690167167041
      vertex -24.85 22.784 6.3
      vertex -24.838471168241938 22.784 6.417054193209677
    endloop
  endfacet
  facet normal 0 1 0
    outer loop
      vertex -24.45 22.784 5.736690167167041
      vertex -24.838471168241938 22.784 6.417054193209677
      vertex -24.804327719506773 22.784 6.529610059419054
    endloop
  endfacet
  facet normal 0 1 0
    outer loop
      vertex -24.45 22.784 5.736690167167041
      vertex -24.804327719506773 22.784 6.529610059419054
      vertex -24.748881767381526 22.784 6.633342139811761
    endloop
  endfacet
  facet normal 0 1 0
    outer loop
      vertex -24.45 22.784 5.736690167167041
      vertex -24.748881767381526 22.784 6.633342139811761
      vertex -24.674264068711928 22.784 6.724264068711928
    endloop
  endfacet
  facet normal 0 1 0
    outer loop
      vertex -24.45 22.784 5.736690167167041
      vertex -24.674264068711928 22.784 6.724264068711928
      vertex -24.583342139811762 22.784 6.798881767381527
    endloop
  endfacet
  facet normal 0 1 0
    outer loop
      vertex -24.45 22.784 5.736690167167041
      vertex -24.583342139811762 22.784 6.798881767381527
      vertex -24.479610059419052 22.784 6.854327719506772
    endloop
  endfacet
  facet normal 0 1 0
    outer loop
      vertex -24.45 22.784 5.736690167167041
      vertex -24.479610059419052 22.784 6.854327719506772
      vertex -24.45 22.784 6.863309832832958
    endloop
  endfacet
  facet normal -0.7730104533627375 0 0.6343932841636448
    outer loop
      vertex -24.748881767381526 6.783999999999999 6.633342139811761
      vertex -24.674264068711928 22.784 6.724264068711928
      vertex -24.748881767381526 22.784 6.633342139811761
    endloop
  endfacet
  facet normal -0.6343932841636521 0 0.7730104533627314
    outer loop
      vertex -24.583342139811762 6.783999999999999 6.798881767381527
      vertex -24.583342139811762 22.784 6.798881767381527
      vertex -24.674264068711928 22.784 6.724264068711928
    endloop
  endfacet
  facet normal -0.4713967368259889 0 0.8819212643483596
    outer loop
      vertex -24.479610059419052 6.783999999999999 6.854327719506772
      vertex -24.479610059419052 22.784 6.854327719506772
      vertex -24.583342139811762 22.784 6.798881767381527
    endloop
  endfacet
  facet normal -0.2902846772544704 0 0.9569403357322065
    outer loop
      vertex -24.479610059419052 6.783999999999999 6.854327719506772
      vertex -24.45 22.784 6.863309832832958
      vertex -24.479610059419052 22.784 6.854327719506772
    endloop
  endfacet
  facet normal 0 -1 0
    outer loop
      vertex -4.25 -22.784 5.736690167167041
      vertex -4.2203899405809455 -22.784 5.745672280493228
      vertex -4.116657860188239 -22.784 5.801118232618473
    endloop
  endfacet
  facet normal 0 -1 0
    outer loop
      vertex -4.25 -22.784 5.736690167167041
      vertex -4.116657860188239 -22.784 5.801118232618473
      vertex -4.025735931288072 -22.784 5.875735931288071
    endloop
  endfacet
  facet normal 0 -1 0
    outer loop
      vertex -4.25 -22.784 5.736690167167041
      vertex -4.025735931288072 -22.784 5.875735931288071
      vertex -3.9511182326184713 -22.784 5.9666578601882385
    endloop
  endfacet
  facet normal 0 -1 0
    outer loop
      vertex -4.25 -22.784 5.736690167167041
      vertex -3.9511182326184713 -22.784 5.9666578601882385
      vertex -3.895672280493228 -22.784 6.070389940580946
    endloop
  endfacet
  facet normal 0 -1 0
    outer loop
      vertex -4.25 -22.784 5.736690167167041
      vertex -3.895672280493228 -22.784 6.070389940580946
      vertex -3.8615288317580614 -22.784 6.182945806790323
    endloop
  endfacet
  facet normal 0 -1 0
    outer loop
      vertex -4.25 -22.784 5.736690167167041
      vertex -3.8615288317580614 -22.784 6.182945806790323
      vertex -3.8499999999999996 -22.784 6.3
    endloop
  endfacet
  facet normal 0 -1 0
    outer loop
      vertex -4.25 -22.784 5.736690167167041
      vertex -3.8499999999999996 -22.784 6.3
      vertex -3.8615288317580614 -22.784 6.417054193209677
    endloop
  endfacet
  facet normal 0 -1 0
    outer loop
      vertex -4.25 -22.784 5.736690167167041
      vertex -3.895672280493228 -22.784 6.529610059419054
      vertex -3.9511182326184713 -22.784 6.633342139811761
    endloop
  endfacet
  facet normal 0 -1 0
    outer loop
      vertex -4.25 -22.784 5.736690167167041
      vertex -3.9511182326184713 -22.784 6.633342139811761
      vertex -4.025735931288072 -22.784 6.724264068711928
    endloop
  endfacet
  facet normal 0 -1 0
    outer loop
      vertex -4.25 -22.784 5.736690167167041
      vertex -3.8615288317580614 -22.784 6.417054193209677
      vertex -3.895672280493228 -22.784 6.529610059419054
    endloop
  endfacet
  facet normal 0 -1 0
    outer loop
      vertex -4.25 -22.784 5.736690167167041
      vertex -4.025735931288072 -22.784 6.724264068711928
      vertex -4.116657860188239 -22.784 6.798881767381527
    endloop
  endfacet
  facet normal 0 -1 0
    outer loop
      vertex -4.25 -22.784 5.736690167167041
      vertex -4.116657860188239 -22.784 6.798881767381527
      vertex -4.2203899405809455 -22.784 6.854327719506772
    endloop
  endfacet
  facet normal 0 -1 0
    outer loop
      vertex -4.25 -22.784 5.736690167167041
      vertex -4.2203899405809455 -22.784 6.854327719506772
      vertex -4.25 -22.784 6.863309832832958
    endloop
  endfacet
  facet normal 0.2902846772544544 0 -0.9569403357322113
    outer loop
      vertex -4.25 -22.784 5.736690167167041
      vertex -4.25 -6.783999999999999 5.736690167167041
      vertex -4.2203899405809455 -22.784 5.745672280493228
    endloop
  endfacet
  facet normal 0.47139673682600153 0 -0.8819212643483529
    outer loop
      vertex -4.2203899405809455 -22.784 5.745672280493228
      vertex -4.116657860188239 -6.783999999999999 5.801118232618473
      vertex -4.116657860188239 -22.784 5.801118232618473
    endloop
  endfacet
  facet normal 0.6343932841636448 0 -0.7730104533627375
    outer loop
      vertex -4.116657860188239 -22.784 5.801118232618473
      vertex -4.025735931288072 -6.783999999999999 5.875735931288071
      vertex -4.025735931288072 -22.784 5.875735931288071
    endloop
  endfacet
  facet normal 0.7730104533627301 0 -0.6343932841636538
    outer loop
      vertex -4.025735931288072 -22.784 5.875735931288071
      vertex -4.025735931288072 -6.783999999999999 5.875735931288071
      vertex -3.9511182326184713 -22.784 5.9666578601882385
    endloop
  endfacet
  facet normal 0.8819212643483609 0 -0.47139673682598665
    outer loop
      vertex -3.9511182326184713 -22.784 5.9666578601882385
      vertex -3.9511182326184713 -6.783999999999999 5.9666578601882385
      vertex -3.895672280493228 -22.784 6.070389940580946
    endloop
  endfacet
  facet normal 0.9569403357322077 0 -0.2902846772544661
    outer loop
      vertex -3.895672280493228 -22.784 6.070389940580946
      vertex -3.895672280493228 -6.783999999999999 6.070389940580946
      vertex -3.8615288317580614 -22.784 6.182945806790323
    endloop
  endfacet
  facet normal 0.9951847266721969 0 -0.09801714032956055
    outer loop
      vertex -3.8615288317580614 -22.784 6.182945806790323
      vertex -3.8615288317580614 -6.783999999999999 6.182945806790323
      vertex -3.8499999999999996 -22.784 6.3
    endloop
  endfacet
  facet normal 0.9951847266721969 0 0.09801714032956055
    outer loop
      vertex -3.8499999999999996 -22.784 6.3
      vertex -3.8499999999999996 -6.783999999999999 6.3
      vertex -3.8615288317580614 -22.784 6.417054193209677
    endloop
  endfacet
  facet normal 0.9569403357322077 0 0.2902846772544661
    outer loop
      vertex -3.895672280493228 -22.784 6.529610059419054
      vertex -3.8615288317580614 -22.784 6.417054193209677
      vertex -3.8615288317580614 -6.783999999999999 6.417054193209677
    endloop
  endfacet
  facet normal 0.8819212643483609 0 0.47139673682598665
    outer loop
      vertex -3.895672280493228 -22.784 6.529610059419054
      vertex -3.895672280493228 -6.783999999999999 6.529610059419054
      vertex -3.9511182326184713 -22.784 6.633342139811761
    endloop
  endfacet
  facet normal 0.6343932841636448 0 0.7730104533627375
    outer loop
      vertex -4.116657860188239 -22.784 6.798881767381527
      vertex -4.025735931288072 -22.784 6.724264068711928
      vertex -4.116657860188239 -6.783999999999999 6.798881767381527
    endloop
  endfacet
  facet normal 0.2902846772544544 0 0.9569403357322113
    outer loop
      vertex -4.25 -22.784 6.863309832832958
      vertex -4.2203899405809455 -22.784 6.854327719506772
      vertex -4.2203899405809455 -6.783999999999999 6.854327719506772
    endloop
  endfacet
  facet normal 0.47139673682600153 0 0.8819212643483529
    outer loop
      vertex -4.116657860188239 -22.784 6.798881767381527
      vertex -4.2203899405809455 -6.783999999999999 6.854327719506772
      vertex -4.2203899405809455 -22.784 6.854327719506772
    endloop
  endfacet
  facet normal 0.7730104533627301 0 0.6343932841636538
    outer loop
      vertex -3.9511182326184713 -22.784 6.633342139811761
      vertex -3.9511182326184713 -6.783999999999999 6.633342139811761
      vertex -4.025735931288072 -22.784 6.724264068711928
    endloop
  endfacet
  facet normal 0.2902846772544544 0 -0.9569403357322113
    outer loop
      vertex -4.2203899405809455 -22.784 5.745672280493228
      vertex -4.25 -6.783999999999999 5.736690167167041
      vertex -4.2203899405809455 -6.783999999999999 5.745672280493228
    endloop
  endfacet
  facet normal 0.47139673682600153 0 -0.8819212643483529
    outer loop
      vertex -4.2203899405809455 -22.784 5.745672280493228
      vertex -4.2203899405809455 -6.783999999999999 5.745672280493228
      vertex -4.116657860188239 -6.783999999999999 5.801118232618473
    endloop
  endfacet
  facet normal 0.6343932841636448 0 -0.7730104533627375
    outer loop
      vertex -4.116657860188239 -22.784 5.801118232618473
      vertex -4.116657860188239 -6.783999999999999 5.801118232618473
      vertex -4.025735931288072 -6.783999999999999 5.875735931288071
    endloop
  endfacet
  facet normal 0.7730104533627301 0 -0.6343932841636538
    outer loop
      vertex -3.9511182326184713 -22.784 5.9666578601882385
      vertex -4.025735931288072 -6.783999999999999 5.875735931288071
      vertex -3.9511182326184713 -6.783999999999999 5.9666578601882385
    endloop
  endfacet
  facet normal 0.8819212643483609 0 -0.47139673682598665
    outer loop
      vertex -3.895672280493228 -22.784 6.070389940580946
      vertex -3.9511182326184713 -6.783999999999999 5.9666578601882385
      vertex -3.895672280493228 -6.783999999999999 6.070389940580946
    endloop
  endfacet
  facet normal 0.9569403357322077 0 -0.2902846772544661
    outer loop
      vertex -3.8615288317580614 -22.784 6.182945806790323
      vertex -3.895672280493228 -6.783999999999999 6.070389940580946
      vertex -3.8615288317580614 -6.783999999999999 6.182945806790323
    endloop
  endfacet
  facet normal 0.9951847266721969 0 -0.09801714032956055
    outer loop
      vertex -3.8499999999999996 -22.784 6.3
      vertex -3.8615288317580614 -6.783999999999999 6.182945806790323
      vertex -3.8499999999999996 -6.783999999999999 6.3
    endloop
  endfacet
  facet normal 0.9951847266721969 0 0.09801714032956055
    outer loop
      vertex -3.8615288317580614 -22.784 6.417054193209677
      vertex -3.8499999999999996 -6.783999999999999 6.3
      vertex -3.8615288317580614 -6.783999999999999 6.417054193209677
    endloop
  endfacet
  facet normal 0.9569403357322077 0 0.2902846772544661
    outer loop
      vertex -3.895672280493228 -22.784 6.529610059419054
      vertex -3.8615288317580614 -6.783999999999999 6.417054193209677
      vertex -3.895672280493228 -6.783999999999999 6.529610059419054
    endloop
  endfacet
  facet normal 0.8819212643483609 0 0.47139673682598665
    outer loop
      vertex -3.9511182326184713 -22.784 6.633342139811761
      vertex -3.895672280493228 -6.783999999999999 6.529610059419054
      vertex -3.9511182326184713 -6.783999999999999 6.633342139811761
    endloop
  endfacet
  facet normal 0.6343932841636448 0 0.7730104533627375
    outer loop
      vertex -4.025735931288072 -22.784 6.724264068711928
      vertex -4.025735931288072 -6.783999999999999 6.724264068711928
      vertex -4.116657860188239 -6.783999999999999 6.798881767381527
    endloop
  endfacet
  facet normal 0.47139673682600153 0 0.8819212643483529
    outer loop
      vertex -4.116657860188239 -22.784 6.798881767381527
      vertex -4.116657860188239 -6.783999999999999 6.798881767381527
      vertex -4.2203899405809455 -6.783999999999999 6.854327719506772
    endloop
  endfacet
  facet normal 0.2902846772544544 0 0.9569403357322113
    outer loop
      vertex -4.25 -22.784 6.863309832832958
      vertex -4.2203899405809455 -6.783999999999999 6.854327719506772
      vertex -4.25 -6.783999999999999 6.863309832832958
    endloop
  endfacet
  facet normal 0.7730104533627301 0 0.6343932841636538
    outer loop
      vertex -4.025735931288072 -22.784 6.724264068711928
      vertex -3.9511182326184713 -6.783999999999999 6.633342139811761
      vertex -4.025735931288072 -6.783999999999999 6.724264068711928
    endloop
  endfacet
  facet normal 0 1 0
    outer loop
      vertex -4.25 -6.783999999999999 5.736690167167041
      vertex -4.25 -6.783999999999999 6.863309832832958
      vertex -4.2203899405809455 -6.783999999999999 5.745672280493228
    endloop
  endfacet
  facet normal 0 1 0
    outer loop
      vertex -4.2203899405809455 -6.783999999999999 5.745672280493228
      vertex -4.25 -6.783999999999999 6.863309832832958
      vertex -4.116657860188239 -6.783999999999999 5.801118232618473
    endloop
  endfacet
  facet normal 0 1 0
    outer loop
      vertex -4.116657860188239 -6.783999999999999 5.801118232618473
      vertex -4.25 -6.783999999999999 6.863309832832958
      vertex -4.025735931288072 -6.783999999999999 5.875735931288071
    endloop
  endfacet
  facet normal 0 1 0
    outer loop
      vertex -4.025735931288072 -6.783999999999999 5.875735931288071
      vertex -4.25 -6.783999999999999 6.863309832832958
      vertex -3.9511182326184713 -6.783999999999999 5.9666578601882385
    endloop
  endfacet
  facet normal 0 1 0
    outer loop
      vertex -3.9511182326184713 -6.783999999999999 5.9666578601882385
      vertex -4.25 -6.783999999999999 6.863309832832958
      vertex -3.895672280493228 -6.783999999999999 6.070389940580946
    endloop
  endfacet
  facet normal 0 1 0
    outer loop
      vertex -3.895672280493228 -6.783999999999999 6.070389940580946
      vertex -4.25 -6.783999999999999 6.863309832832958
      vertex -3.8615288317580614 -6.783999999999999 6.182945806790323
    endloop
  endfacet
  facet normal 0 1 0
    outer loop
      vertex -3.8615288317580614 -6.783999999999999 6.182945806790323
      vertex -4.25 -6.783999999999999 6.863309832832958
      vertex -3.8499999999999996 -6.783999999999999 6.3
    endloop
  endfacet
  facet normal 0 1 0
    outer loop
      vertex -3.8499999999999996 -6.783999999999999 6.3
      vertex -4.25 -6.783999999999999 6.863309832832958
      vertex -3.8615288317580614 -6.783999999999999 6.417054193209677
    endloop
  endfacet
  facet normal 0 1 0
    outer loop
      vertex -3.895672280493228 -6.783999999999999 6.529610059419054
      vertex -3.8615288317580614 -6.783999999999999 6.417054193209677
      vertex -4.25 -6.783999999999999 6.863309832832958
    endloop
  endfacet
  facet normal 0 1 0
    outer loop
      vertex -3.895672280493228 -6.783999999999999 6.529610059419054
      vertex -4.25 -6.783999999999999 6.863309832832958
      vertex -3.9511182326184713 -6.783999999999999 6.633342139811761
    endloop
  endfacet
  facet normal 0 1 0
    outer loop
      vertex -3.9511182326184713 -6.783999999999999 6.633342139811761
      vertex -4.25 -6.783999999999999 6.863309832832958
      vertex -4.025735931288072 -6.783999999999999 6.724264068711928
    endloop
  endfacet
  facet normal 0 1 0
    outer loop
      vertex -4.25 -6.783999999999999 6.863309832832958
      vertex -4.116657860188239 -6.783999999999999 6.798881767381527
      vertex -4.025735931288072 -6.783999999999999 6.724264068711928
    endloop
  endfacet
  facet normal 0 1 0
    outer loop
      vertex -4.25 -6.783999999999999 6.863309832832958
      vertex -4.2203899405809455 -6.783999999999999 6.854327719506772
      vertex -4.116657860188239 -6.783999999999999 6.798881767381527
    endloop
  endfacet
  facet normal 0 -1 0
    outer loop
      vertex -4.25 6.783999999999999 5.736690167167041
      vertex -4.2203899405809455 6.783999999999999 5.745672280493228
      vertex -4.116657860188239 6.783999999999999 5.801118232618473
    endloop
  endfacet
  facet normal 0 -1 0
    outer loop
      vertex -4.25 6.783999999999999 5.736690167167041
      vertex -4.116657860188239 6.783999999999999 5.801118232618473
      vertex -4.025735931288072 6.783999999999999 5.875735931288071
    endloop
  endfacet
  facet normal 0 -1 0
    outer loop
      vertex -4.25 6.783999999999999 5.736690167167041
      vertex -4.025735931288072 6.783999999999999 5.875735931288071
      vertex -3.9511182326184713 6.783999999999999 5.9666578601882385
    endloop
  endfacet
  facet normal 0 -1 0
    outer loop
      vertex -4.25 6.783999999999999 5.736690167167041
      vertex -3.9511182326184713 6.783999999999999 5.9666578601882385
      vertex -3.895672280493228 6.783999999999999 6.070389940580946
    endloop
  endfacet
  facet normal 0 -1 0
    outer loop
      vertex -4.25 6.783999999999999 5.736690167167041
      vertex -3.895672280493228 6.783999999999999 6.070389940580946
      vertex -3.8615288317580614 6.783999999999999 6.182945806790323
    endloop
  endfacet
  facet normal 0 -1 0
    outer loop
      vertex -4.25 6.783999999999999 5.736690167167041
      vertex -3.8615288317580614 6.783999999999999 6.182945806790323
      vertex -3.8499999999999996 6.783999999999999 6.3
    endloop
  endfacet
  facet normal 0 -1 0
    outer loop
      vertex -4.25 6.783999999999999 5.736690167167041
      vertex -3.8499999999999996 6.783999999999999 6.3
      vertex -3.8615288317580614 6.783999999999999 6.417054193209677
    endloop
  endfacet
  facet normal 0 -1 0
    outer loop
      vertex -4.25 6.783999999999999 5.736690167167041
      vertex -3.895672280493228 6.783999999999999 6.529610059419054
      vertex -3.9511182326184713 6.783999999999999 6.633342139811761
    endloop
  endfacet
  facet normal 0 -1 0
    outer loop
      vertex -4.25 6.783999999999999 5.736690167167041
      vertex -3.9511182326184713 6.783999999999999 6.633342139811761
      vertex -4.025735931288072 6.783999999999999 6.724264068711928
    endloop
  endfacet
  facet normal 0 -1 0
    outer loop
      vertex -4.25 6.783999999999999 5.736690167167041
      vertex -3.8615288317580614 6.783999999999999 6.417054193209677
      vertex -3.895672280493228 6.783999999999999 6.529610059419054
    endloop
  endfacet
  facet normal 0 -1 0
    outer loop
      vertex -4.25 6.783999999999999 5.736690167167041
      vertex -4.025735931288072 6.783999999999999 6.724264068711928
      vertex -4.116657860188239 6.783999999999999 6.798881767381527
    endloop
  endfacet
  facet normal 0 -1 0
    outer loop
      vertex -4.25 6.783999999999999 5.736690167167041
      vertex -4.116657860188239 6.783999999999999 6.798881767381527
      vertex -4.2203899405809455 6.783999999999999 6.854327719506772
    endloop
  endfacet
  facet normal 0 -1 0
    outer loop
      vertex -4.25 6.783999999999999 5.736690167167041
      vertex -4.2203899405809455 6.783999999999999 6.854327719506772
      vertex -4.25 6.783999999999999 6.863309832832958
    endloop
  endfacet
  facet normal 0.2902846772544544 0 -0.9569403357322113
    outer loop
      vertex -4.25 6.783999999999999 5.736690167167041
      vertex -4.25 22.784 5.736690167167041
      vertex -4.2203899405809455 6.783999999999999 5.745672280493228
    endloop
  endfacet
  facet normal 0.47139673682600153 0 -0.8819212643483529
    outer loop
      vertex -4.2203899405809455 6.783999999999999 5.745672280493228
      vertex -4.116657860188239 22.784 5.801118232618473
      vertex -4.116657860188239 6.783999999999999 5.801118232618473
    endloop
  endfacet
  facet normal 0.6343932841636448 0 -0.7730104533627375
    outer loop
      vertex -4.116657860188239 6.783999999999999 5.801118232618473
      vertex -4.025735931288072 22.784 5.875735931288071
      vertex -4.025735931288072 6.783999999999999 5.875735931288071
    endloop
  endfacet
  facet normal 0.7730104533627301 0 -0.6343932841636538
    outer loop
      vertex -4.025735931288072 6.783999999999999 5.875735931288071
      vertex -4.025735931288072 22.784 5.875735931288071
      vertex -3.9511182326184713 6.783999999999999 5.9666578601882385
    endloop
  endfacet
  facet normal 0.8819212643483609 0 -0.47139673682598665
    outer loop
      vertex -3.9511182326184713 6.783999999999999 5.9666578601882385
      vertex -3.9511182326184713 22.784 5.9666578601882385
      vertex -3.895672280493228 6.783999999999999 6.070389940580946
    endloop
  endfacet
  facet normal 0.9569403357322077 0 -0.2902846772544661
    outer loop
      vertex -3.895672280493228 6.783999999999999 6.070389940580946
      vertex -3.895672280493228 22.784 6.070389940580946
      vertex -3.8615288317580614 6.783999999999999 6.182945806790323
    endloop
  endfacet
  facet normal 0.9951847266721969 0 -0.09801714032956055
    outer loop
      vertex -3.8615288317580614 6.783999999999999 6.182945806790323
      vertex -3.8615288317580614 22.784 6.182945806790323
      vertex -3.8499999999999996 6.783999999999999 6.3
    endloop
  endfacet
  facet normal 0.9951847266721969 0 0.09801714032956055
    outer loop
      vertex -3.8499999999999996 6.783999999999999 6.3
      vertex -3.8499999999999996 22.784 6.3
      vertex -3.8615288317580614 6.783999999999999 6.417054193209677
    endloop
  endfacet
  facet normal 0.9569403357322077 0 0.2902846772544661
    outer loop
      vertex -3.895672280493228 6.783999999999999 6.529610059419054
      vertex -3.8615288317580614 6.783999999999999 6.417054193209677
      vertex -3.8615288317580614 22.784 6.417054193209677
    endloop
  endfacet
  facet normal 0.8819212643483609 0 0.47139673682598665
    outer loop
      vertex -3.895672280493228 6.783999999999999 6.529610059419054
      vertex -3.895672280493228 22.784 6.529610059419054
      vertex -3.9511182326184713 6.783999999999999 6.633342139811761
    endloop
  endfacet
  facet normal 0.6343932841636448 0 0.7730104533627375
    outer loop
      vertex -4.116657860188239 6.783999999999999 6.798881767381527
      vertex -4.025735931288072 6.783999999999999 6.724264068711928
      vertex -4.116657860188239 22.784 6.798881767381527
    endloop
  endfacet
  facet normal 0.2902846772544544 0 0.9569403357322113
    outer loop
      vertex -4.25 6.783999999999999 6.863309832832958
      vertex -4.2203899405809455 6.783999999999999 6.854327719506772
      vertex -4.2203899405809455 22.784 6.854327719506772
    endloop
  endfacet
  facet normal 0.47139673682600153 0 0.8819212643483529
    outer loop
      vertex -4.116657860188239 6.783999999999999 6.798881767381527
      vertex -4.2203899405809455 22.784 6.854327719506772
      vertex -4.2203899405809455 6.783999999999999 6.854327719506772
    endloop
  endfacet
  facet normal 0.7730104533627301 0 0.6343932841636538
    outer loop
      vertex -3.9511182326184713 6.783999999999999 6.633342139811761
      vertex -3.9511182326184713 22.784 6.633342139811761
      vertex -4.025735931288072 6.783999999999999 6.724264068711928
    endloop
  endfacet
  facet normal 0.2902846772544544 0 -0.9569403357322113
    outer loop
      vertex -4.2203899405809455 6.783999999999999 5.745672280493228
      vertex -4.25 22.784 5.736690167167041
      vertex -4.2203899405809455 22.784 5.745672280493228
    endloop
  endfacet
  facet normal 0.47139673682600153 0 -0.8819212643483529
    outer loop
      vertex -4.2203899405809455 6.783999999999999 5.745672280493228
      vertex -4.2203899405809455 22.784 5.745672280493228
      vertex -4.116657860188239 22.784 5.801118232618473
    endloop
  endfacet
  facet normal 0.6343932841636448 0 -0.7730104533627375
    outer loop
      vertex -4.116657860188239 6.783999999999999 5.801118232618473
      vertex -4.116657860188239 22.784 5.801118232618473
      vertex -4.025735931288072 22.784 5.875735931288071
    endloop
  endfacet
  facet normal 0.7730104533627301 0 -0.6343932841636538
    outer loop
      vertex -3.9511182326184713 6.783999999999999 5.9666578601882385
      vertex -4.025735931288072 22.784 5.875735931288071
      vertex -3.9511182326184713 22.784 5.9666578601882385
    endloop
  endfacet
  facet normal 0.8819212643483609 0 -0.47139673682598665
    outer loop
      vertex -3.895672280493228 6.783999999999999 6.070389940580946
      vertex -3.9511182326184713 22.784 5.9666578601882385
      vertex -3.895672280493228 22.784 6.070389940580946
    endloop
  endfacet
  facet normal 0.9569403357322077 0 -0.2902846772544661
    outer loop
      vertex -3.8615288317580614 6.783999999999999 6.182945806790323
      vertex -3.895672280493228 22.784 6.070389940580946
      vertex -3.8615288317580614 22.784 6.182945806790323
    endloop
  endfacet
  facet normal 0.9951847266721969 0 -0.09801714032956055
    outer loop
      vertex -3.8499999999999996 6.783999999999999 6.3
      vertex -3.8615288317580614 22.784 6.182945806790323
      vertex -3.8499999999999996 22.784 6.3
    endloop
  endfacet
  facet normal 0.9951847266721969 0 0.09801714032956055
    outer loop
      vertex -3.8615288317580614 6.783999999999999 6.417054193209677
      vertex -3.8499999999999996 22.784 6.3
      vertex -3.8615288317580614 22.784 6.417054193209677
    endloop
  endfacet
  facet normal 0.9569403357322077 0 0.2902846772544661
    outer loop
      vertex -3.895672280493228 6.783999999999999 6.529610059419054
      vertex -3.8615288317580614 22.784 6.417054193209677
      vertex -3.895672280493228 22.784 6.529610059419054
    endloop
  endfacet
  facet normal 0.8819212643483609 0 0.47139673682598665
    outer loop
      vertex -3.9511182326184713 6.783999999999999 6.633342139811761
      vertex -3.895672280493228 22.784 6.529610059419054
      vertex -3.9511182326184713 22.784 6.633342139811761
    endloop
  endfacet
  facet normal 0 1 0
    outer loop
      vertex -4.25 22.784 5.736690167167041
      vertex -4.25 22.784 6.863309832832958
      vertex -4.2203899405809455 22.784 5.745672280493228
    endloop
  endfacet
  facet normal 0 1 0
    outer loop
      vertex -4.2203899405809455 22.784 5.745672280493228
      vertex -4.25 22.784 6.863309832832958
      vertex -4.116657860188239 22.784 5.801118232618473
    endloop
  endfacet
  facet normal 0 1 0
    outer loop
      vertex -4.116657860188239 22.784 5.801118232618473
      vertex -4.25 22.784 6.863309832832958
      vertex -4.025735931288072 22.784 5.875735931288071
    endloop
  endfacet
  facet normal 0 1 0
    outer loop
      vertex -4.025735931288072 22.784 5.875735931288071
      vertex -4.25 22.784 6.863309832832958
      vertex -3.9511182326184713 22.784 5.9666578601882385
    endloop
  endfacet
  facet normal 0 1 0
    outer loop
      vertex -3.9511182326184713 22.784 5.9666578601882385
      vertex -4.25 22.784 6.863309832832958
      vertex -3.895672280493228 22.784 6.070389940580946
    endloop
  endfacet
  facet normal 0 1 0
    outer loop
      vertex -3.895672280493228 22.784 6.070389940580946
      vertex -4.25 22.784 6.863309832832958
      vertex -3.8615288317580614 22.784 6.182945806790323
    endloop
  endfacet
  facet normal 0 1 0
    outer loop
      vertex -3.8615288317580614 22.784 6.182945806790323
      vertex -4.25 22.784 6.863309832832958
      vertex -3.8499999999999996 22.784 6.3
    endloop
  endfacet
  facet normal 0 1 0
    outer loop
      vertex -3.8499999999999996 22.784 6.3
      vertex -4.25 22.784 6.863309832832958
      vertex -3.8615288317580614 22.784 6.417054193209677
    endloop
  endfacet
  facet normal 0 1 0
    outer loop
      vertex -3.895672280493228 22.784 6.529610059419054
      vertex -3.8615288317580614 22.784 6.417054193209677
      vertex -4.25 22.784 6.863309832832958
    endloop
  endfacet
  facet normal 0.6343932841636448 0 0.7730104533627375
    outer loop
      vertex -4.025735931288072 6.783999999999999 6.724264068711928
      vertex -4.025735931288072 22.784 6.724264068711928
      vertex -4.116657860188239 22.784 6.798881767381527
    endloop
  endfacet
  facet normal 0.47139673682600153 0 0.8819212643483529
    outer loop
      vertex -4.116657860188239 6.783999999999999 6.798881767381527
      vertex -4.116657860188239 22.784 6.798881767381527
      vertex -4.2203899405809455 22.784 6.854327719506772
    endloop
  endfacet
  facet normal 0.2902846772544544 0 0.9569403357322113
    outer loop
      vertex -4.25 6.783999999999999 6.863309832832958
      vertex -4.2203899405809455 22.784 6.854327719506772
      vertex -4.25 22.784 6.863309832832958
    endloop
  endfacet
  facet normal 0.7730104533627301 0 0.6343932841636538
    outer loop
      vertex -4.025735931288072 6.783999999999999 6.724264068711928
      vertex -3.9511182326184713 22.784 6.633342139811761
      vertex -4.025735931288072 22.784 6.724264068711928
    endloop
  endfacet
  facet normal 0 1 0
    outer loop
      vertex -3.895672280493228 22.784 6.529610059419054
      vertex -4.25 22.784 6.863309832832958
      vertex -3.9511182326184713 22.784 6.633342139811761
    endloop
  endfacet
  facet normal 0 1 0
    outer loop
      vertex -3.9511182326184713 22.784 6.633342139811761
      vertex -4.25 22.784 6.863309832832958
      vertex -4.025735931288072 22.784 6.724264068711928
    endloop
  endfacet
  facet normal 0 1 0
    outer loop
      vertex -4.25 22.784 6.863309832832958
      vertex -4.116657860188239 22.784 6.798881767381527
      vertex -4.025735931288072 22.784 6.724264068711928
    endloop
  endfacet
  facet normal 0 1 0
    outer loop
      vertex -4.25 22.784 6.863309832832958
      vertex -4.2203899405809455 22.784 6.854327719506772
      vertex -4.116657860188239 22.784 6.798881767381527
    endloop
  endfacet
  facet normal 1 0 0
    outer loop
      vertex -20.35 -31.650000000000002 5
      vertex -20.35 -30.8 5
      vertex -20.35 -31.650000000000002 7.06
    endloop
  endfacet
  facet normal 0 0 1
    outer loop
      vertex -20.35 -32.9 5
      vertex -8.35 -30.8 5
      vertex -20.35 -31.806250000000002 5
    endloop
  endfacet
  facet normal 0 0 1
    outer loop
      vertex -20.35 -31.806250000000002 5
      vertex -8.35 -30.8 5
      vertex -20.35 -31.650000000000002 5
    endloop
  endfacet
  facet normal 0 0 1
    outer loop
      vertex -20.35 -31.650000000000002 5
      vertex -8.35 -30.8 5
      vertex -20.35 -30.8 5
    endloop
  endfacet
  facet normal 1 0 0
    outer loop
      vertex -20.35 -30.8 5
      vertex -20.35 -30.8 7.6
      vertex -20.35 -31.650000000000002 7.06
    endloop
  endfacet
  facet normal 1 0 0
    outer loop
      vertex -20.35 -31.650000000000002 7.06
      vertex -20.35 -30.8 7.6
      vertex -20.35 -31.1 7.6
    endloop
  endfacet
  facet normal 0 0 1
    outer loop
      vertex -20.35 -32.9 5
      vertex -8.35 -32.9 5
      vertex -8.35 -32.639583333333334 5
    endloop
  endfacet
  facet normal 0 0 1
    outer loop
      vertex -20.35 -32.9 5
      vertex -8.35 -32.639583333333334 5
      vertex -8.35 -31.650000000000002 5
    endloop
  endfacet
  facet normal 0 0 1
    outer loop
      vertex -20.35 -32.9 5
      vertex -8.35 -31.650000000000002 5
      vertex -8.35 -30.8 5
    endloop
  endfacet
  facet normal -1 0 0
    outer loop
      vertex -8.35 -30.8 6.705000000000606
      vertex -8.35 -30.802624633431083 7.6
      vertex -8.35 -30.8 7.6
    endloop
  endfacet
  facet normal 1 0 0
    outer loop
      vertex 8.35 31.8 4.800000000000001
      vertex 8.35 31.8 4.3579022233646345
      vertex 8.35 32.02209355092742 4.413533761814537
    endloop
  endfacet
  facet normal 1 0 0
    outer loop
      vertex 8.35 31.8 4.800000000000001
      vertex 8.35 32.02209355092742 4.413533761814537
      vertex 8.35 32.45892286851698 4.478331270024886
    endloop
  endfacet
  facet normal 1 0 0
    outer loop
      vertex 8.35 31.8 4.800000000000001
      vertex 8.35 32.45892286851698 4.478331270024886
      vertex 8.35 32.9 4.5
    endloop
  endfacet
  facet normal 1 0 0
    outer loop
      vertex 8.35 32.9 4.800000000000001
      vertex 8.35 31.8 4.800000000000001
      vertex 8.35 32.9 4.5
    endloop
  endfacet
  facet normal 0 -1 0
    outer loop
      vertex -22.1 -30.6 3.4000000000000004
      vertex -23.198813999786108 -30.6 3.4000000000000004
      vertex -23.198813999786108 -30.6 1.6
    endloop
  endfacet
  facet normal 0 -1 0
    outer loop
      vertex -22.1 -30.6 3.4000000000000004
      vertex -23.198813999786108 -30.6 1.6
      vertex -22.1 -30.6 1.6
    endloop
  endfacet
  facet normal 1 0 0
    outer loop
      vertex -22.1 -30.6 3.4000000000000004
      vertex -22.1 -30.6 1.6
      vertex -22.1 29 1.6
    endloop
  endfacet
  facet normal 0 0 1
    outer loop
      vertex -23.565925826289067 -30.05881904510252 3.4000000000000004
      vertex -23.523879532511287 -30.182683432365092 3.4000000000000004
      vertex -23.6 29 3.4000000000000004
    endloop
  endfacet
  facet normal 0 0 1
    outer loop
      vertex -23.523879532511287 -30.182683432365092 3.4000000000000004
      vertex -23.46602540378444 -30.3 3.4000000000000004
      vertex -23.6 29 3.4000000000000004
    endloop
  endfacet
  facet normal 0 0 1
    outer loop
      vertex -23.59144486137381 -29.930526192220054 3.4000000000000004
      vertex -23.565925826289067 -30.05881904510252 3.4000000000000004
      vertex -23.6 29 3.4000000000000004
    endloop
  endfacet
  facet normal 0 0 1
    outer loop
      vertex -23.46602540378444 -30.3 3.4000000000000004
      vertex -23.393353340291235 -30.40876142900872 3.4000000000000004
      vertex -23.6 29 3.4000000000000004
    endloop
  endfacet
  facet normal 0 0 1
    outer loop
      vertex -23.393353340291235 -30.40876142900872 3.4000000000000004
      vertex -23.307106781186548 -30.507106781186547 3.4000000000000004
      vertex -23.6 29 3.4000000000000004
    endloop
  endfacet
  facet normal 0 0 1
    outer loop
      vertex -23.307106781186548 -30.507106781186547 3.4000000000000004
      vertex -23.20876142900872 -30.593353340291237 3.4000000000000004
      vertex -23.6 29 3.4000000000000004
    endloop
  endfacet
  facet normal 0 0 1
    outer loop
      vertex -23.20876142900872 -30.593353340291237 3.4000000000000004
      vertex -23.198813999786108 -30.6 3.4000000000000004
      vertex -23.6 29 3.4000000000000004
    endloop
  endfacet
  facet normal 0 0 1
    outer loop
      vertex -22.1 -30.6 3.4000000000000004
      vertex -23.6 29 3.4000000000000004
      vertex -23.198813999786108 -30.6 3.4000000000000004
    endloop
  endfacet
  facet normal 0 0 1
    outer loop
      vertex -23.6 -29.8 3.4000000000000004
      vertex -23.59144486137381 -29.930526192220054 3.4000000000000004
      vertex -23.6 29 3.4000000000000004
    endloop
  endfacet
  facet normal 1 0 0
    outer loop
      vertex -22.1 -30.6 3.4000000000000004
      vertex -22.1 29 1.6
      vertex -22.1 29 3.4000000000000004
    endloop
  endfacet
  facet normal 0 0 1
    outer loop
      vertex -22.1 -30.6 3.4000000000000004
      vertex -22.1 29 3.4000000000000004
      vertex -23.6 29 3.4000000000000004
    endloop
  endfacet
  facet normal 0 1 0
    outer loop
      vertex -22.1 29 1.6
      vertex -23.6 29 1.6
      vertex -23.6 29 3.4000000000000004
    endloop
  endfacet
  facet normal 0 1 0
    outer loop
      vertex -22.1 29 3.4000000000000004
      vertex -22.1 29 1.6
      vertex -23.6 29 3.4000000000000004
    endloop
  endfacet
  facet normal 0 -1 0
    outer loop
      vertex -6.6 -30.6 3.4000000000000004
      vertex -6.6 -30.6 1.6
      vertex -5.501186000213892 -30.6 1.6
    endloop
  endfacet
  facet normal 0 -1 0
    outer loop
      vertex -6.6 -30.6 3.4000000000000004
      vertex -5.501186000213892 -30.6 1.6
      vertex -5.501186000213892 -30.6 3.4000000000000004
    endloop
  endfacet
  facet normal 0 0 1
    outer loop
      vertex -5.108555138626189 -29.930526192220054 3.4000000000000004
      vertex -5.1 -29.8 3.4000000000000004
      vertex -5.134074173710932 -30.05881904510252 3.4000000000000004
    endloop
  endfacet
  facet normal -1 0 0
    outer loop
      vertex -6.6 -30.6 3.4000000000000004
      vertex -6.6 29 3.4000000000000004
      vertex -6.6 -30.6 1.6
    endloop
  endfacet
  facet normal 0 0 1
    outer loop
      vertex -6.6 -30.6 3.4000000000000004
      vertex -5.501186000213892 -30.6 3.4000000000000004
      vertex -6.6 29 3.4000000000000004
    endloop
  endfacet
  facet normal 0 0 1
    outer loop
      vertex -6.6 29 3.4000000000000004
      vertex -5.501186000213892 -30.6 3.4000000000000004
      vertex -5.491238570991278 -30.593353340291237 3.4000000000000004
    endloop
  endfacet
  facet normal 0 0 1
    outer loop
      vertex -6.6 29 3.4000000000000004
      vertex -5.491238570991278 -30.593353340291237 3.4000000000000004
      vertex -5.392893218813452 -30.507106781186547 3.4000000000000004
    endloop
  endfacet
  facet normal 0 0 1
    outer loop
      vertex -6.6 29 3.4000000000000004
      vertex -5.392893218813452 -30.507106781186547 3.4000000000000004
      vertex -5.306646659708765 -30.40876142900872 3.4000000000000004
    endloop
  endfacet
  facet normal 0 0 1
    outer loop
      vertex -6.6 29 3.4000000000000004
      vertex -5.306646659708765 -30.40876142900872 3.4000000000000004
      vertex -5.23397459621556 -30.3 3.4000000000000004
    endloop
  endfacet
  facet normal 0 0 1
    outer loop
      vertex -6.6 29 3.4000000000000004
      vertex -5.23397459621556 -30.3 3.4000000000000004
      vertex -5.176120467488714 -30.182683432365092 3.4000000000000004
    endloop
  endfacet
  facet normal 0 0 1
    outer loop
      vertex -6.6 29 3.4000000000000004
      vertex -5.176120467488714 -30.182683432365092 3.4000000000000004
      vertex -5.134074173710932 -30.05881904510252 3.4000000000000004
    endloop
  endfacet
  facet normal 0 0 1
    outer loop
      vertex -6.6 29 3.4000000000000004
      vertex -5.134074173710932 -30.05881904510252 3.4000000000000004
      vertex -5.1 -29.8 3.4000000000000004
    endloop
  endfacet
  facet normal -1 0 0
    outer loop
      vertex -6.6 29 3.4000000000000004
      vertex -6.6 29 1.6
      vertex -6.6 -30.6 1.6
    endloop
  endfacet
  facet normal 0 0 1
    outer loop
      vertex -6.6 29 3.4000000000000004
      vertex -5.1 -29.8 3.4000000000000004
      vertex -5.1 29 3.4000000000000004
    endloop
  endfacet
  facet normal 0 1 0
    outer loop
      vertex -6.6 29 3.4000000000000004
      vertex -5.1 29 1.6
      vertex -6.6 29 1.6
    endloop
  endfacet
  facet normal 0 1 0
    outer loop
      vertex -6.6 29 3.4000000000000004
      vertex -5.1 29 3.4000000000000004
      vertex -5.1 29 1.6
    endloop
  endfacet
  facet normal 0 0 1
    outer loop
      vertex 3.3306346555340234 -32.27401828641395 4.800000000000001
      vertex 3.468629150101524 -32.43137084989847 4.800000000000001
      vertex 4.685786437626902 -31.214213562373093 4.800000000000001
    endloop
  endfacet
  facet normal 0 0 1
    outer loop
      vertex 3.468629150101524 -32.43137084989847 4.800000000000001
      vertex 3.6259817135860466 -32.56936534446597 4.800000000000001
      vertex 4.685786437626902 -31.214213562373093 4.800000000000001
    endloop
  endfacet
  facet normal 0 0 1
    outer loop
      vertex 3.054518677937491 -31.71411047216403 4.800000000000001
      vertex 3.1217927479819405 -31.91229349178414 4.800000000000001
      vertex 4.51329331941753 -31.017522858017443 4.800000000000001
    endloop
  endfacet
  facet normal 0 0 1
    outer loop
      vertex 3.013688221801903 -31.50884190755208 4.800000000000001
      vertex 3.054518677937491 -31.71411047216403 4.800000000000001
      vertex 4.367949192431123 -30.8 4.800000000000001
    endloop
  endfacet
  facet normal 0 0 1
    outer loop
      vertex 3 -31.299999999999997 4.800000000000001
      vertex 3.013688221801903 -31.50884190755208 4.800000000000001
      vertex 4.367949192431123 -30.8 4.800000000000001
    endloop
  endfacet
  facet normal 0 0 1
    outer loop
      vertex 3.2143593539448982 -32.099999999999994 4.800000000000001
      vertex 3.3306346555340234 -32.27401828641395 4.800000000000001
      vertex 4.51329331941753 -31.017522858017443 4.800000000000001
    endloop
  endfacet
  facet normal 0 0 1
    outer loop
      vertex 3.1217927479819405 -31.91229349178414 4.800000000000001
      vertex 3.2143593539448982 -32.099999999999994 4.800000000000001
      vertex 4.51329331941753 -31.017522858017443 4.800000000000001
    endloop
  endfacet
  facet normal 0 0 1
    outer loop
      vertex 3.054518677937491 -31.71411047216403 4.800000000000001
      vertex 4.51329331941753 -31.017522858017443 4.800000000000001
      vertex 4.367949192431123 -30.8 4.800000000000001
    endloop
  endfacet
  facet normal 0 0 1
    outer loop
      vertex 3 -31.299999999999997 4.800000000000001
      vertex 4.367949192431123 -30.8 4.800000000000001
      vertex 4.252240934977426 -30.56536686473018 4.800000000000001
    endloop
  endfacet
  facet normal 0 0 1
    outer loop
      vertex 3.6259817135860466 -32.56936534446597 4.800000000000001
      vertex 3.799999999999999 -32.6856406460551 4.800000000000001
      vertex 4.685786437626902 -31.214213562373093 4.800000000000001
    endloop
  endfacet
  facet normal 0 0 1
    outer loop
      vertex 3.799999999999999 -32.6856406460551 4.800000000000001
      vertex 3.9877065082158563 -32.778207252018056 4.800000000000001
      vertex 4.685786437626902 -31.214213562373093 4.800000000000001
    endloop
  endfacet
  facet normal 0 0 1
    outer loop
      vertex 3.9877065082158563 -32.778207252018056 4.800000000000001
      vertex 4.1858895278359665 -32.845481322062504 4.800000000000001
      vertex 4.685786437626902 -31.214213562373093 4.800000000000001
    endloop
  endfacet
  facet normal 0 0 1
    outer loop
      vertex 4.391158092447917 -32.88631177819809 4.800000000000001
      vertex 4.6 -32.9 4.800000000000001
      vertex 4.882477141982559 -31.38670668058247 4.800000000000001
    endloop
  endfacet
  facet normal 0 0 1
    outer loop
      vertex 4.1858895278359665 -32.845481322062504 4.800000000000001
      vertex 4.391158092447917 -32.88631177819809 4.800000000000001
      vertex 4.882477141982559 -31.38670668058247 4.800000000000001
    endloop
  endfacet
  facet normal 0 0 1
    outer loop
      vertex 3.3306346555340234 -32.27401828641395 4.800000000000001
      vertex 4.685786437626902 -31.214213562373093 4.800000000000001
      vertex 4.51329331941753 -31.017522858017443 4.800000000000001
    endloop
  endfacet
  facet normal 0 0 1
    outer loop
      vertex 4.1858895278359665 -32.845481322062504 4.800000000000001
      vertex 4.882477141982559 -31.38670668058247 4.800000000000001
      vertex 4.685786437626902 -31.214213562373093 4.800000000000001
    endloop
  endfacet
  facet normal 0 0 1
    outer loop
      vertex 3 -31.299999999999997 4.800000000000001
      vertex 4.252240934977426 -30.56536686473018 4.800000000000001
      vertex 4.168148347421862 -30.317638090205044 4.800000000000001
    endloop
  endfacet
  facet normal 0 0 1
    outer loop
      vertex 3 -31.299999999999997 4.800000000000001
      vertex 4.168148347421862 -30.317638090205044 4.800000000000001
      vertex 4.1171102772523795 -30.061052384440103 4.800000000000001
    endloop
  endfacet
  facet normal 0 0 1
    outer loop
      vertex 3 -31.299999999999997 4.800000000000001
      vertex 4.1171102772523795 -30.061052384440103 4.800000000000001
      vertex 4.1 -29.8 4.800000000000001
    endloop
  endfacet
  facet normal 0 0 1
    outer loop
      vertex 4.6 -32.9 4.800000000000001
      vertex 5.1 -31.53205080756888 4.800000000000001
      vertex 4.882477141982559 -31.38670668058247 4.800000000000001
    endloop
  endfacet
  facet normal 0 0 1
    outer loop
      vertex 4.6 -32.9 4.800000000000001
      vertex 5.33463313526982 -31.647759065022573 4.800000000000001
      vertex 5.1 -31.53205080756888 4.800000000000001
    endloop
  endfacet
  facet normal 0 0 1
    outer loop
      vertex 4.6 -32.9 4.800000000000001
      vertex 5.582361909794958 -31.731851652578136 4.800000000000001
      vertex 5.33463313526982 -31.647759065022573 4.800000000000001
    endloop
  endfacet
  facet normal 0 0 1
    outer loop
      vertex 4.6 -32.9 4.800000000000001
      vertex 5.838947615559897 -31.782889722747623 4.800000000000001
      vertex 5.582361909794958 -31.731851652578136 4.800000000000001
    endloop
  endfacet
  facet normal 0 0 1
    outer loop
      vertex 4.6 -32.9 4.800000000000001
      vertex 8.286012861736335 -32.9 4.800000000000001
      vertex 5.838947615559897 -31.782889722747623 4.800000000000001
    endloop
  endfacet
  facet normal 0 0 1
    outer loop
      vertex 5.838947615559897 -31.782889722747623 4.800000000000001
      vertex 8.286012861736335 -32.9 4.800000000000001
      vertex 6.1 -31.8 4.800000000000001
    endloop
  endfacet
  facet normal 0 0 1
    outer loop
      vertex 6.1 -31.8 4.800000000000001
      vertex 8.286012861736335 -32.9 4.800000000000001
      vertex 9.2056270096463 -31.8 4.800000000000001
    endloop
  endfacet
  facet normal 0 0 1
    outer loop
      vertex 4.1 29.8 4.800000000000001
      vertex 3 -31.299999999999997 4.800000000000001
      vertex 4.1 -29.8 4.800000000000001
    endloop
  endfacet
  facet normal 0 0 1
    outer loop
      vertex 19.4943729903537 -31.8 4.800000000000001
      vertex 20.413987138263664 -32.9 4.800000000000001
      vertex 22.6 -31.8 4.800000000000001
    endloop
  endfacet
  facet normal 0 0 1
    outer loop
      vertex 20.413987138263664 -32.9 4.800000000000001
      vertex 22.8610523844401 -31.782889722747623 4.800000000000001
      vertex 22.6 -31.8 4.800000000000001
    endloop
  endfacet
  facet normal 0 0 1
    outer loop
      vertex 20.413987138263664 -32.9 4.800000000000001
      vertex 24.1 -32.9 4.800000000000001
      vertex 22.8610523844401 -31.782889722747623 4.800000000000001
    endloop
  endfacet
  facet normal 0 0 1
    outer loop
      vertex 22.8610523844401 -31.782889722747623 4.800000000000001
      vertex 24.1 -32.9 4.800000000000001
      vertex 23.11763809020504 -31.731851652578136 4.800000000000001
    endloop
  endfacet
  facet normal 0 0 1
    outer loop
      vertex 23.11763809020504 -31.731851652578136 4.800000000000001
      vertex 24.1 -32.9 4.800000000000001
      vertex 23.365366864730177 -31.647759065022573 4.800000000000001
    endloop
  endfacet
  facet normal 0 0 1
    outer loop
      vertex 23.365366864730177 -31.647759065022573 4.800000000000001
      vertex 24.1 -32.9 4.800000000000001
      vertex 23.6 -31.53205080756888 4.800000000000001
    endloop
  endfacet
  facet normal 0 0 1
    outer loop
      vertex 23.6 -31.53205080756888 4.800000000000001
      vertex 24.1 -32.9 4.800000000000001
      vertex 24.308841907552083 -32.88631177819809 4.800000000000001
    endloop
  endfacet
  facet normal 0 0 1
    outer loop
      vertex 23.6 -31.53205080756888 4.800000000000001
      vertex 24.712293491784145 -32.778207252018056 4.800000000000001
      vertex 23.81752285801744 -31.38670668058247 4.800000000000001
    endloop
  endfacet
  facet normal 0 0 1
    outer loop
      vertex 23.6 -31.53205080756888 4.800000000000001
      vertex 24.308841907552083 -32.88631177819809 4.800000000000001
      vertex 24.514110472164035 -32.845481322062504 4.800000000000001
    endloop
  endfacet
  facet normal 0 0 1
    outer loop
      vertex 23.6 -31.53205080756888 4.800000000000001
      vertex 24.514110472164035 -32.845481322062504 4.800000000000001
      vertex 24.712293491784145 -32.778207252018056 4.800000000000001
    endloop
  endfacet
  facet normal 0 0 1
    outer loop
      vertex 23.81752285801744 -31.38670668058247 4.800000000000001
      vertex 24.712293491784145 -32.778207252018056 4.800000000000001
      vertex 24.9 -32.6856406460551 4.800000000000001
    endloop
  endfacet
  facet normal 0 0 1
    outer loop
      vertex 23.81752285801744 -31.38670668058247 4.800000000000001
      vertex 24.9 -32.6856406460551 4.800000000000001
      vertex 25.074018286413953 -32.56936534446597 4.800000000000001
    endloop
  endfacet
  facet normal 0 0 1
    outer loop
      vertex 24.014213562373094 -31.214213562373097 4.800000000000001
      vertex 25.074018286413953 -32.56936534446597 4.800000000000001
      vertex 25.231370849898475 -32.43137084989847 4.800000000000001
    endloop
  endfacet
  facet normal 0 0 1
    outer loop
      vertex 24.014213562373094 -31.214213562373097 4.800000000000001
      vertex 25.231370849898475 -32.43137084989847 4.800000000000001
      vertex 25.369365344465976 -32.27401828641395 4.800000000000001
    endloop
  endfacet
  facet normal 0 0 1
    outer loop
      vertex 23.81752285801744 -31.38670668058247 4.800000000000001
      vertex 25.074018286413953 -32.56936534446597 4.800000000000001
      vertex 24.014213562373094 -31.214213562373097 4.800000000000001
    endloop
  endfacet
  facet normal 0 0 1
    outer loop
      vertex 24.014213562373094 -31.214213562373097 4.800000000000001
      vertex 25.64548132206251 -31.71411047216403 4.800000000000001
      vertex 24.186706680582468 -31.017522858017443 4.800000000000001
    endloop
  endfacet
  facet normal 0 0 1
    outer loop
      vertex 24.186706680582468 -31.017522858017443 4.800000000000001
      vertex 25.7 -31.299999999999997 4.800000000000001
      vertex 24.332050807568876 -30.8 4.800000000000001
    endloop
  endfacet
  facet normal 0 0 1
    outer loop
      vertex 24.332050807568876 -30.8 4.800000000000001
      vertex 25.7 -31.299999999999997 4.800000000000001
      vertex 24.447759065022574 -30.56536686473018 4.800000000000001
    endloop
  endfacet
  facet normal 0 0 1
    outer loop
      vertex 24.014213562373094 -31.214213562373097 4.800000000000001
      vertex 25.369365344465976 -32.27401828641395 4.800000000000001
      vertex 25.485640646055103 -32.099999999999994 4.800000000000001
    endloop
  endfacet
  facet normal 0 0 1
    outer loop
      vertex 24.014213562373094 -31.214213562373097 4.800000000000001
      vertex 25.485640646055103 -32.099999999999994 4.800000000000001
      vertex 25.57820725201806 -31.91229349178414 4.800000000000001
    endloop
  endfacet
  facet normal 0 0 1
    outer loop
      vertex 24.014213562373094 -31.214213562373097 4.800000000000001
      vertex 25.57820725201806 -31.91229349178414 4.800000000000001
      vertex 25.64548132206251 -31.71411047216403 4.800000000000001
    endloop
  endfacet
  facet normal 0 0 1
    outer loop
      vertex 24.186706680582468 -31.017522858017443 4.800000000000001
      vertex 25.64548132206251 -31.71411047216403 4.800000000000001
      vertex 25.686311778198096 -31.50884190755208 4.800000000000001
    endloop
  endfacet
  facet normal 0 0 1
    outer loop
      vertex 24.186706680582468 -31.017522858017443 4.800000000000001
      vertex 25.686311778198096 -31.50884190755208 4.800000000000001
      vertex 25.7 -31.299999999999997 4.800000000000001
    endloop
  endfacet
  facet normal 0 0 1
    outer loop
      vertex 24.447759065022574 -30.56536686473018 4.800000000000001
      vertex 25.7 -31.299999999999997 4.800000000000001
      vertex 24.531851652578137 -30.317638090205044 4.800000000000001
    endloop
  endfacet
  facet normal 0 0 1
    outer loop
      vertex 24.531851652578137 -30.317638090205044 4.800000000000001
      vertex 25.7 -31.299999999999997 4.800000000000001
      vertex 24.58288972274762 -30.061052384440103 4.800000000000001
    endloop
  endfacet
  facet normal 0 0 1
    outer loop
      vertex 24.6 -29.8 4.800000000000001
      vertex 24.58288972274762 -30.061052384440103 4.800000000000001
      vertex 25.7 -31.299999999999997 4.800000000000001
    endloop
  endfacet
  facet normal 0 0 1
    outer loop
      vertex 25.7 31.299999999999997 4.800000000000001
      vertex 24.6 -29.8 4.800000000000001
      vertex 25.7 -31.299999999999997 4.800000000000001
    endloop
  endfacet
  facet normal 0 0 1
    outer loop
      vertex 3 31.299999999999997 4.800000000000001
      vertex 3 -31.299999999999997 4.800000000000001
      vertex 4.1 29.8 4.800000000000001
    endloop
  endfacet
  facet normal 0 0 1
    outer loop
      vertex 3 31.299999999999997 4.800000000000001
      vertex 4.1 29.8 4.800000000000001
      vertex 4.1171102772523795 30.061052384440103 4.800000000000001
    endloop
  endfacet
  facet normal 0 0 1
    outer loop
      vertex 3 31.299999999999997 4.800000000000001
      vertex 4.1171102772523795 30.061052384440103 4.800000000000001
      vertex 4.168148347421862 30.317638090205044 4.800000000000001
    endloop
  endfacet
  facet normal 0 0 1
    outer loop
      vertex 3 31.299999999999997 4.800000000000001
      vertex 4.168148347421862 30.317638090205044 4.800000000000001
      vertex 4.252240934977426 30.56536686473018 4.800000000000001
    endloop
  endfacet
  facet normal 0 0 1
    outer loop
      vertex 3.013688221801903 31.50884190755208 4.800000000000001
      vertex 3 31.299999999999997 4.800000000000001
      vertex 4.51329331941753 31.017522858017443 4.800000000000001
    endloop
  endfacet
  facet normal 0 0 1
    outer loop
      vertex 3.054518677937491 31.71411047216403 4.800000000000001
      vertex 3.013688221801903 31.50884190755208 4.800000000000001
      vertex 4.51329331941753 31.017522858017443 4.800000000000001
    endloop
  endfacet
  facet normal 0 0 1
    outer loop
      vertex 3 31.299999999999997 4.800000000000001
      vertex 4.252240934977426 30.56536686473018 4.800000000000001
      vertex 4.367949192431123 30.8 4.800000000000001
    endloop
  endfacet
  facet normal 0 0 1
    outer loop
      vertex 3 31.299999999999997 4.800000000000001
      vertex 4.367949192431123 30.8 4.800000000000001
      vertex 4.51329331941753 31.017522858017443 4.800000000000001
    endloop
  endfacet
  facet normal 0 0 1
    outer loop
      vertex 3.1217927479819405 31.91229349178414 4.800000000000001
      vertex 3.054518677937491 31.71411047216403 4.800000000000001
      vertex 4.685786437626904 31.214213562373097 4.800000000000001
    endloop
  endfacet
  facet normal 0 0 1
    outer loop
      vertex 3.1217927479819405 31.91229349178414 4.800000000000001
      vertex 4.685786437626904 31.214213562373097 4.800000000000001
      vertex 3.2143593539448982 32.099999999999994 4.800000000000001
    endloop
  endfacet
  facet normal 0 0 1
    outer loop
      vertex 3.2143593539448982 32.099999999999994 4.800000000000001
      vertex 4.685786437626904 31.214213562373097 4.800000000000001
      vertex 3.3306346555340234 32.27401828641395 4.800000000000001
    endloop
  endfacet
  facet normal 0 0 1
    outer loop
      vertex 3.3306346555340234 32.27401828641395 4.800000000000001
      vertex 4.685786437626904 31.214213562373097 4.800000000000001
      vertex 3.468629150101524 32.43137084989847 4.800000000000001
    endloop
  endfacet
  facet normal 0 0 1
    outer loop
      vertex 3.468629150101524 32.43137084989847 4.800000000000001
      vertex 4.685786437626904 31.214213562373097 4.800000000000001
      vertex 3.6259817135860466 32.56936534446597 4.800000000000001
    endloop
  endfacet
  facet normal 0 0 1
    outer loop
      vertex 3.054518677937491 31.71411047216403 4.800000000000001
      vertex 4.51329331941753 31.017522858017443 4.800000000000001
      vertex 4.685786437626904 31.214213562373097 4.800000000000001
    endloop
  endfacet
  facet normal 0 0 1
    outer loop
      vertex 3.6259817135860466 32.56936534446597 4.800000000000001
      vertex 4.685786437626904 31.214213562373097 4.800000000000001
      vertex 4.882477141982559 31.38670668058247 4.800000000000001
    endloop
  endfacet
  facet normal 0 0 1
    outer loop
      vertex 3.6259817135860466 32.56936534446597 4.800000000000001
      vertex 4.882477141982559 31.38670668058247 4.800000000000001
      vertex 3.799999999999999 32.6856406460551 4.800000000000001
    endloop
  endfacet
  facet normal 0 0 1
    outer loop
      vertex 3.799999999999999 32.6856406460551 4.800000000000001
      vertex 4.882477141982559 31.38670668058247 4.800000000000001
      vertex 3.9877065082158563 32.778207252018056 4.800000000000001
    endloop
  endfacet
  facet normal 0 0 1
    outer loop
      vertex 3.9877065082158563 32.778207252018056 4.800000000000001
      vertex 5.1 31.53205080756888 4.800000000000001
      vertex 4.1858895278359665 32.845481322062504 4.800000000000001
    endloop
  endfacet
  facet normal 0 0 1
    outer loop
      vertex 3.9877065082158563 32.778207252018056 4.800000000000001
      vertex 4.882477141982559 31.38670668058247 4.800000000000001
      vertex 5.1 31.53205080756888 4.800000000000001
    endloop
  endfacet
  facet normal 0 0 1
    outer loop
      vertex 4.1858895278359665 32.845481322062504 4.800000000000001
      vertex 5.1 31.53205080756888 4.800000000000001
      vertex 4.391158092447917 32.88631177819809 4.800000000000001
    endloop
  endfacet
  facet normal 0 0 1
    outer loop
      vertex 4.391158092447917 32.88631177819809 4.800000000000001
      vertex 5.1 31.53205080756888 4.800000000000001
      vertex 4.6 32.9 4.800000000000001
    endloop
  endfacet
  facet normal 0 0 1
    outer loop
      vertex 4.6 32.9 4.800000000000001
      vertex 5.1 31.53205080756888 4.800000000000001
      vertex 5.33463313526982 31.647759065022573 4.800000000000001
    endloop
  endfacet
  facet normal 0 0 1
    outer loop
      vertex 4.6 32.9 4.800000000000001
      vertex 5.33463313526982 31.647759065022573 4.800000000000001
      vertex 5.582361909794958 31.731851652578136 4.800000000000001
    endloop
  endfacet
  facet normal 0 0 1
    outer loop
      vertex 4.6 32.9 4.800000000000001
      vertex 5.582361909794958 31.731851652578136 4.800000000000001
      vertex 5.838947615559897 31.782889722747623 4.800000000000001
    endloop
  endfacet
  facet normal 0 0 1
    outer loop
      vertex 4.6 32.9 4.800000000000001
      vertex 5.838947615559897 31.782889722747623 4.800000000000001
      vertex 8.35 32.9 4.800000000000001
    endloop
  endfacet
  facet normal 0 0 1
    outer loop
      vertex 5.838947615559897 31.782889722747623 4.800000000000001
      vertex 6.1 31.8 4.800000000000001
      vertex 8.35 32.9 4.800000000000001
    endloop
  endfacet
  facet normal 0 0 1
    outer loop
      vertex 6.1 31.8 4.800000000000001
      vertex 8.35 31.8 4.800000000000001
      vertex 8.35 32.9 4.800000000000001
    endloop
  endfacet
  facet normal 0 0 1
    outer loop
      vertex 24.6 29.8 4.800000000000001
      vertex 24.6 -29.8 4.800000000000001
      vertex 25.7 31.299999999999997 4.800000000000001
    endloop
  endfacet
  facet normal 0 0 1
    outer loop
      vertex 20.35 32.9 4.800000000000001
      vertex 20.35 31.8 4.800000000000001
      vertex 22.6 31.8 4.800000000000001
    endloop
  endfacet
  facet normal 0 0 1
    outer loop
      vertex 20.35 32.9 4.800000000000001
      vertex 22.6 31.8 4.800000000000001
      vertex 22.8610523844401 31.782889722747623 4.800000000000001
    endloop
  endfacet
  facet normal 0 0 1
    outer loop
      vertex 20.35 32.9 4.800000000000001
      vertex 22.8610523844401 31.782889722747623 4.800000000000001
      vertex 24.1 32.9 4.800000000000001
    endloop
  endfacet
  facet normal 0 0 1
    outer loop
      vertex 22.8610523844401 31.782889722747623 4.800000000000001
      vertex 23.11763809020504 31.731851652578136 4.800000000000001
      vertex 24.1 32.9 4.800000000000001
    endloop
  endfacet
  facet normal 0 0 1
    outer loop
      vertex 23.11763809020504 31.731851652578136 4.800000000000001
      vertex 23.365366864730177 31.647759065022573 4.800000000000001
      vertex 24.1 32.9 4.800000000000001
    endloop
  endfacet
  facet normal 0 0 1
    outer loop
      vertex 23.365366864730177 31.647759065022573 4.800000000000001
      vertex 23.6 31.53205080756888 4.800000000000001
      vertex 24.1 32.9 4.800000000000001
    endloop
  endfacet
  facet normal 0 0 1
    outer loop
      vertex 23.6 31.53205080756888 4.800000000000001
      vertex 23.81752285801744 31.38670668058247 4.800000000000001
      vertex 24.1 32.9 4.800000000000001
    endloop
  endfacet
  facet normal 0 0 1
    outer loop
      vertex 23.81752285801744 31.38670668058247 4.800000000000001
      vertex 24.308841907552083 32.88631177819809 4.800000000000001
      vertex 24.1 32.9 4.800000000000001
    endloop
  endfacet
  facet normal 0 0 1
    outer loop
      vertex 24.447759065022574 30.56536686473018 4.800000000000001
      vertex 24.531851652578137 30.317638090205044 4.800000000000001
      vertex 25.7 31.299999999999997 4.800000000000001
    endloop
  endfacet
  facet normal 0 0 1
    outer loop
      vertex 24.58288972274762 30.061052384440103 4.800000000000001
      vertex 24.6 29.8 4.800000000000001
      vertex 25.7 31.299999999999997 4.800000000000001
    endloop
  endfacet
  facet normal 0 0 1
    outer loop
      vertex 24.531851652578137 30.317638090205044 4.800000000000001
      vertex 24.58288972274762 30.061052384440103 4.800000000000001
      vertex 25.7 31.299999999999997 4.800000000000001
    endloop
  endfacet
  facet normal 0 0 1
    outer loop
      vertex 23.81752285801744 31.38670668058247 4.800000000000001
      vertex 24.014213562373097 31.214213562373093 4.800000000000001
      vertex 24.514110472164035 32.845481322062504 4.800000000000001
    endloop
  endfacet
  facet normal 0 0 1
    outer loop
      vertex 24.332050807568876 30.8 4.800000000000001
      vertex 24.447759065022574 30.56536686473018 4.800000000000001
      vertex 25.7 31.299999999999997 4.800000000000001
    endloop
  endfacet
  facet normal 0 0 1
    outer loop
      vertex 24.186706680582468 31.017522858017443 4.800000000000001
      vertex 24.332050807568876 30.8 4.800000000000001
      vertex 25.64548132206251 31.71411047216403 4.800000000000001
    endloop
  endfacet
  facet normal 0 0 1
    outer loop
      vertex 24.014213562373097 31.214213562373093 4.800000000000001
      vertex 24.186706680582468 31.017522858017443 4.800000000000001
      vertex 25.369365344465976 32.27401828641395 4.800000000000001
    endloop
  endfacet
  facet normal 0 0 1
    outer loop
      vertex 23.81752285801744 31.38670668058247 4.800000000000001
      vertex 24.514110472164035 32.845481322062504 4.800000000000001
      vertex 24.308841907552083 32.88631177819809 4.800000000000001
    endloop
  endfacet
  facet normal 0 0 1
    outer loop
      vertex 24.014213562373097 31.214213562373093 4.800000000000001
      vertex 24.712293491784145 32.778207252018056 4.800000000000001
      vertex 24.514110472164035 32.845481322062504 4.800000000000001
    endloop
  endfacet
  facet normal 0 0 1
    outer loop
      vertex 24.014213562373097 31.214213562373093 4.800000000000001
      vertex 24.9 32.6856406460551 4.800000000000001
      vertex 24.712293491784145 32.778207252018056 4.800000000000001
    endloop
  endfacet
  facet normal 0 0 1
    outer loop
      vertex 24.014213562373097 31.214213562373093 4.800000000000001
      vertex 25.074018286413953 32.56936534446597 4.800000000000001
      vertex 24.9 32.6856406460551 4.800000000000001
    endloop
  endfacet
  facet normal 0 0 1
    outer loop
      vertex 24.014213562373097 31.214213562373093 4.800000000000001
      vertex 25.231370849898475 32.43137084989847 4.800000000000001
      vertex 25.074018286413953 32.56936534446597 4.800000000000001
    endloop
  endfacet
  facet normal 0 0 1
    outer loop
      vertex 24.014213562373097 31.214213562373093 4.800000000000001
      vertex 25.369365344465976 32.27401828641395 4.800000000000001
      vertex 25.231370849898475 32.43137084989847 4.800000000000001
    endloop
  endfacet
  facet normal 0 0 1
    outer loop
      vertex 24.332050807568876 30.8 4.800000000000001
      vertex 25.7 31.299999999999997 4.800000000000001
      vertex 25.686311778198096 31.50884190755208 4.800000000000001
    endloop
  endfacet
  facet normal 0 0 1
    outer loop
      vertex 24.332050807568876 30.8 4.800000000000001
      vertex 25.686311778198096 31.50884190755208 4.800000000000001
      vertex 25.64548132206251 31.71411047216403 4.800000000000001
    endloop
  endfacet
  facet normal 0 0 1
    outer loop
      vertex 24.186706680582468 31.017522858017443 4.800000000000001
      vertex 25.57820725201806 31.91229349178414 4.800000000000001
      vertex 25.485640646055103 32.099999999999994 4.800000000000001
    endloop
  endfacet
  facet normal 0 0 1
    outer loop
      vertex 24.186706680582468 31.017522858017443 4.800000000000001
      vertex 25.485640646055103 32.099999999999994 4.800000000000001
      vertex 25.369365344465976 32.27401828641395 4.800000000000001
    endloop
  endfacet
  facet normal 0 0 1
    outer loop
      vertex 24.186706680582468 31.017522858017443 4.800000000000001
      vertex 25.64548132206251 31.71411047216403 4.800000000000001
      vertex 25.57820725201806 31.91229349178414 4.800000000000001
    endloop
  endfacet
  facet normal 0 1 0
    outer loop
      vertex 3.896949134723666 5.783999999999999 3.096949134723669
      vertex 4.1 5.783999999999999 2.9678891256447635
      vertex 3.9833249671788256 5.783999999999999 3.02606232098755
    endloop
  endfacet
  facet normal 0 1 0
    outer loop
      vertex 3.826062320987548 5.783999999999999 3.1833249671788275
      vertex 4.1 5.783999999999999 2.9678891256447635
      vertex 3.896949134723666 5.783999999999999 3.096949134723669
    endloop
  endfacet
  facet normal 0 1 0
    outer loop
      vertex 3.9833249671788256 5.783999999999999 3.02606232098755
      vertex 4.1 5.783999999999999 2.9678891256447635
      vertex 4.081870443551898 5.783999999999999 2.9733886664685674
    endloop
  endfacet
  facet normal 0 1 0
    outer loop
      vertex 3.7733886664685663 5.783999999999999 3.2818704435518997
      vertex 4.1 5.783999999999999 2.9678891256447635
      vertex 3.826062320987548 5.783999999999999 3.1833249671788275
    endloop
  endfacet
  facet normal 0 1 0
    outer loop
      vertex 3.7409523901701576 5.783999999999999 3.388798516450808
      vertex 4.1 5.783999999999999 2.9678891256447635
      vertex 3.7733886664685663 5.783999999999999 3.2818704435518997
    endloop
  endfacet
  facet normal 0 1 0
    outer loop
      vertex 3.7299999999999986 5.783999999999999 3.500000000000001
      vertex 4.1 5.783999999999999 2.9678891256447635
      vertex 3.7409523901701576 5.783999999999999 3.388798516450808
    endloop
  endfacet
  facet normal 0 1 0
    outer loop
      vertex 4.1 5.783999999999999 4.032110874355238
      vertex 4.1 5.783999999999999 2.9678891256447635
      vertex 3.7299999999999986 5.783999999999999 3.500000000000001
    endloop
  endfacet
  facet normal 0 1 0
    outer loop
      vertex 4.1 5.783999999999999 4.032110874355238
      vertex 3.7299999999999986 5.783999999999999 3.500000000000001
      vertex 3.7409523901701576 5.783999999999999 3.611201483549194
    endloop
  endfacet
  facet normal 0 1 0
    outer loop
      vertex 4.1 5.783999999999999 4.032110874355238
      vertex 3.7409523901701576 5.783999999999999 3.611201483549194
      vertex 3.7733886664685663 5.783999999999999 3.718129556448102
    endloop
  endfacet
  facet normal 0.6343932841636458 0 0.7730104533627369
    outer loop
      vertex 3.9833249671788256 23.784 3.02606232098755
      vertex 3.896949134723666 5.783999999999999 3.096949134723669
      vertex 3.9833249671788256 5.783999999999999 3.02606232098755
    endloop
  endfacet
  facet normal 0.29028467725446566 0 0.9569403357322078
    outer loop
      vertex 4.081870443551898 23.784 2.9733886664685674
      vertex 4.081870443551898 5.783999999999999 2.9733886664685674
      vertex 4.1 5.783999999999999 2.9678891256447635
    endloop
  endfacet
  facet normal 0.47139673682599637 0 0.8819212643483557
    outer loop
      vertex 4.081870443551898 23.784 2.9733886664685674
      vertex 3.9833249671788256 5.783999999999999 3.02606232098755
      vertex 4.081870443551898 5.783999999999999 2.9733886664685674
    endloop
  endfacet
  facet normal 0.7730104533627374 0 0.6343932841636448
    outer loop
      vertex 3.826062320987548 23.784 3.1833249671788275
      vertex 3.826062320987548 5.783999999999999 3.1833249671788275
      vertex 3.896949134723666 5.783999999999999 3.096949134723669
    endloop
  endfacet
  facet normal 0.8819212643483589 0 0.47139673682599015
    outer loop
      vertex 3.7733886664685663 23.784 3.2818704435518997
      vertex 3.7733886664685663 5.783999999999999 3.2818704435518997
      vertex 3.826062320987548 5.783999999999999 3.1833249671788275
    endloop
  endfacet
  facet normal 0.9569403357322068 0 0.2902846772544689
    outer loop
      vertex 3.7409523901701576 23.784 3.388798516450808
      vertex 3.7409523901701576 5.783999999999999 3.388798516450808
      vertex 3.7733886664685663 5.783999999999999 3.2818704435518997
    endloop
  endfacet
  facet normal 0.9951847266721965 0 0.09801714032956313
    outer loop
      vertex 3.7299999999999986 23.784 3.500000000000001
      vertex 3.7299999999999986 5.783999999999999 3.500000000000001
      vertex 3.7409523901701576 5.783999999999999 3.388798516450808
    endloop
  endfacet
  facet normal 0.9951847266721965 0 -0.09801714032956313
    outer loop
      vertex 3.7409523901701576 23.784 3.611201483549194
      vertex 3.7409523901701576 5.783999999999999 3.611201483549194
      vertex 3.7299999999999986 5.783999999999999 3.500000000000001
    endloop
  endfacet
  facet normal 0.9569403357322068 0 -0.2902846772544689
    outer loop
      vertex 3.7733886664685663 23.784 3.718129556448102
      vertex 3.7733886664685663 5.783999999999999 3.718129556448102
      vertex 3.7409523901701576 5.783999999999999 3.611201483549194
    endloop
  endfacet
  facet normal 0.8819212643483589 0 -0.47139673682599015
    outer loop
      vertex 3.826062320987548 23.784 3.8166750328211743
      vertex 3.826062320987548 5.783999999999999 3.8166750328211743
      vertex 3.7733886664685663 5.783999999999999 3.718129556448102
    endloop
  endfacet
  facet normal 0.6343932841636458 0 0.7730104533627369
    outer loop
      vertex 3.896949134723666 23.784 3.096949134723669
      vertex 3.896949134723666 5.783999999999999 3.096949134723669
      vertex 3.9833249671788256 23.784 3.02606232098755
    endloop
  endfacet
  facet normal 0.29028467725446566 0 0.9569403357322078
    outer loop
      vertex 4.081870443551898 23.784 2.9733886664685674
      vertex 4.1 5.783999999999999 2.9678891256447635
      vertex 4.1 23.784 2.9678891256447635
    endloop
  endfacet
  facet normal 0.47139673682599637 0 0.8819212643483557
    outer loop
      vertex 3.9833249671788256 23.784 3.02606232098755
      vertex 3.9833249671788256 5.783999999999999 3.02606232098755
      vertex 4.081870443551898 23.784 2.9733886664685674
    endloop
  endfacet
  facet normal 0.7730104533627374 0 0.6343932841636448
    outer loop
      vertex 3.826062320987548 23.784 3.1833249671788275
      vertex 3.896949134723666 5.783999999999999 3.096949134723669
      vertex 3.896949134723666 23.784 3.096949134723669
    endloop
  endfacet
  facet normal 0.8819212643483589 0 0.47139673682599015
    outer loop
      vertex 3.7733886664685663 23.784 3.2818704435518997
      vertex 3.826062320987548 5.783999999999999 3.1833249671788275
      vertex 3.826062320987548 23.784 3.1833249671788275
    endloop
  endfacet
  facet normal 0.9569403357322068 0 0.2902846772544689
    outer loop
      vertex 3.7409523901701576 23.784 3.388798516450808
      vertex 3.7733886664685663 5.783999999999999 3.2818704435518997
      vertex 3.7733886664685663 23.784 3.2818704435518997
    endloop
  endfacet
  facet normal 0.9951847266721965 0 0.09801714032956313
    outer loop
      vertex 3.7299999999999986 23.784 3.500000000000001
      vertex 3.7409523901701576 5.783999999999999 3.388798516450808
      vertex 3.7409523901701576 23.784 3.388798516450808
    endloop
  endfacet
  facet normal 0.9951847266721965 0 -0.09801714032956313
    outer loop
      vertex 3.7409523901701576 23.784 3.611201483549194
      vertex 3.7299999999999986 5.783999999999999 3.500000000000001
      vertex 3.7299999999999986 23.784 3.500000000000001
    endloop
  endfacet
  facet normal 0.9569403357322068 0 -0.2902846772544689
    outer loop
      vertex 3.7733886664685663 23.784 3.718129556448102
      vertex 3.7409523901701576 5.783999999999999 3.611201483549194
      vertex 3.7409523901701576 23.784 3.611201483549194
    endloop
  endfacet
  facet normal 0.8819212643483589 0 -0.47139673682599015
    outer loop
      vertex 3.826062320987548 23.784 3.8166750328211743
      vertex 3.7733886664685663 5.783999999999999 3.718129556448102
      vertex 3.7733886664685663 23.784 3.718129556448102
    endloop
  endfacet
  facet normal 0 -1 0
    outer loop
      vertex 3.896949134723666 23.784 3.096949134723669
      vertex 3.9833249671788256 23.784 3.02606232098755
      vertex 4.1 23.784 2.9678891256447635
    endloop
  endfacet
  facet normal 0 -1 0
    outer loop
      vertex 3.826062320987548 23.784 3.1833249671788275
      vertex 3.896949134723666 23.784 3.096949134723669
      vertex 4.1 23.784 2.9678891256447635
    endloop
  endfacet
  facet normal 0 -1 0
    outer loop
      vertex 3.9833249671788256 23.784 3.02606232098755
      vertex 4.081870443551898 23.784 2.9733886664685674
      vertex 4.1 23.784 2.9678891256447635
    endloop
  endfacet
  facet normal 0 -1 0
    outer loop
      vertex 3.7733886664685663 23.784 3.2818704435518997
      vertex 3.826062320987548 23.784 3.1833249671788275
      vertex 4.1 23.784 2.9678891256447635
    endloop
  endfacet
  facet normal 0 -1 0
    outer loop
      vertex 3.7409523901701576 23.784 3.388798516450808
      vertex 3.7733886664685663 23.784 3.2818704435518997
      vertex 4.1 23.784 2.9678891256447635
    endloop
  endfacet
  facet normal 0 -1 0
    outer loop
      vertex 3.7299999999999986 23.784 3.500000000000001
      vertex 3.7409523901701576 23.784 3.388798516450808
      vertex 4.1 23.784 2.9678891256447635
    endloop
  endfacet
  facet normal 0 -1 0
    outer loop
      vertex 3.7409523901701576 23.784 3.611201483549194
      vertex 3.7299999999999986 23.784 3.500000000000001
      vertex 4.1 23.784 2.9678891256447635
    endloop
  endfacet
  facet normal 0 -1 0
    outer loop
      vertex 3.7733886664685663 23.784 3.718129556448102
      vertex 3.7409523901701576 23.784 3.611201483549194
      vertex 4.1 23.784 2.9678891256447635
    endloop
  endfacet
  facet normal 0 -1 0
    outer loop
      vertex 3.826062320987548 23.784 3.8166750328211743
      vertex 3.7733886664685663 23.784 3.718129556448102
      vertex 4.1 23.784 2.9678891256447635
    endloop
  endfacet
  facet normal 0 -1 0
    outer loop
      vertex 3.896949134723666 23.784 3.9030508652763327
      vertex 3.826062320987548 23.784 3.8166750328211743
      vertex 4.1 23.784 2.9678891256447635
    endloop
  endfacet
  facet normal 0 -1 0
    outer loop
      vertex 3.9833249671788256 23.784 3.973937679012452
      vertex 3.896949134723666 23.784 3.9030508652763327
      vertex 4.1 23.784 2.9678891256447635
    endloop
  endfacet
  facet normal 0 -1 0
    outer loop
      vertex 3.9833249671788256 23.784 3.973937679012452
      vertex 4.1 23.784 2.9678891256447635
      vertex 4.081870443551898 23.784 4.026611333531434
    endloop
  endfacet
  facet normal 0 -1 0
    outer loop
      vertex 4.1 23.784 4.032110874355238
      vertex 4.081870443551898 23.784 4.026611333531434
      vertex 4.1 23.784 2.9678891256447635
    endloop
  endfacet
  facet normal 0 1 0
    outer loop
      vertex 4.1 5.783999999999999 4.032110874355238
      vertex 3.7733886664685663 5.783999999999999 3.718129556448102
      vertex 3.826062320987548 5.783999999999999 3.8166750328211743
    endloop
  endfacet
  facet normal 0 1 0
    outer loop
      vertex 3.896949134723666 5.783999999999999 3.9030508652763327
      vertex 4.1 5.783999999999999 4.032110874355238
      vertex 3.826062320987548 5.783999999999999 3.8166750328211743
    endloop
  endfacet
  facet normal 0 1 0
    outer loop
      vertex 3.9833249671788256 5.783999999999999 3.973937679012452
      vertex 4.1 5.783999999999999 4.032110874355238
      vertex 3.896949134723666 5.783999999999999 3.9030508652763327
    endloop
  endfacet
  facet normal 0 1 0
    outer loop
      vertex 3.9833249671788256 5.783999999999999 3.973937679012452
      vertex 4.081870443551898 5.783999999999999 4.026611333531434
      vertex 4.1 5.783999999999999 4.032110874355238
    endloop
  endfacet
  facet normal 0.7730104533627374 0 -0.6343932841636448
    outer loop
      vertex 3.896949134723666 23.784 3.9030508652763327
      vertex 3.896949134723666 5.783999999999999 3.9030508652763327
      vertex 3.826062320987548 5.783999999999999 3.8166750328211743
    endloop
  endfacet
  facet normal 0.6343932841636458 0 -0.7730104533627369
    outer loop
      vertex 3.896949134723666 23.784 3.9030508652763327
      vertex 3.9833249671788256 5.783999999999999 3.973937679012452
      vertex 3.896949134723666 5.783999999999999 3.9030508652763327
    endloop
  endfacet
  facet normal 0.47139673682599637 0 -0.8819212643483557
    outer loop
      vertex 3.9833249671788256 23.784 3.973937679012452
      vertex 4.081870443551898 5.783999999999999 4.026611333531434
      vertex 3.9833249671788256 5.783999999999999 3.973937679012452
    endloop
  endfacet
  facet normal 0.29028467725446566 0 -0.9569403357322078
    outer loop
      vertex 4.1 23.784 4.032110874355238
      vertex 4.1 5.783999999999999 4.032110874355238
      vertex 4.081870443551898 5.783999999999999 4.026611333531434
    endloop
  endfacet
  facet normal 0.7730104533627374 0 -0.6343932841636448
    outer loop
      vertex 3.896949134723666 23.784 3.9030508652763327
      vertex 3.826062320987548 5.783999999999999 3.8166750328211743
      vertex 3.826062320987548 23.784 3.8166750328211743
    endloop
  endfacet
  facet normal 0.6343932841636458 0 -0.7730104533627369
    outer loop
      vertex 3.9833249671788256 23.784 3.973937679012452
      vertex 3.9833249671788256 5.783999999999999 3.973937679012452
      vertex 3.896949134723666 23.784 3.9030508652763327
    endloop
  endfacet
  facet normal 0.47139673682599637 0 -0.8819212643483557
    outer loop
      vertex 3.9833249671788256 23.784 3.973937679012452
      vertex 4.081870443551898 23.784 4.026611333531434
      vertex 4.081870443551898 5.783999999999999 4.026611333531434
    endloop
  endfacet
  facet normal 0.29028467725446566 0 -0.9569403357322078
    outer loop
      vertex 4.1 23.784 4.032110874355238
      vertex 4.081870443551898 5.783999999999999 4.026611333531434
      vertex 4.081870443551898 23.784 4.026611333531434
    endloop
  endfacet
  facet normal 0 1 0
    outer loop
      vertex 4.1 -23.784 4.032110874355238
      vertex 4.1 -23.784 2.9678891256447635
      vertex 4.081870443551898 -23.784 2.9733886664685674
    endloop
  endfacet
  facet normal 0 1 0
    outer loop
      vertex 4.1 -23.784 4.032110874355238
      vertex 3.9833249671788256 -23.784 3.02606232098755
      vertex 3.896949134723666 -23.784 3.096949134723669
    endloop
  endfacet
  facet normal 0 1 0
    outer loop
      vertex 4.1 -23.784 4.032110874355238
      vertex 3.896949134723666 -23.784 3.096949134723669
      vertex 3.826062320987548 -23.784 3.1833249671788275
    endloop
  endfacet
  facet normal 0 1 0
    outer loop
      vertex 4.1 -23.784 4.032110874355238
      vertex 3.826062320987548 -23.784 3.1833249671788275
      vertex 3.7733886664685663 -23.784 3.2818704435518997
    endloop
  endfacet
  facet normal 0 1 0
    outer loop
      vertex 4.1 -23.784 4.032110874355238
      vertex 4.081870443551898 -23.784 2.9733886664685674
      vertex 3.9833249671788256 -23.784 3.02606232098755
    endloop
  endfacet
  facet normal 0 1 0
    outer loop
      vertex 4.1 -23.784 4.032110874355238
      vertex 3.7733886664685663 -23.784 3.2818704435518997
      vertex 3.7409523901701576 -23.784 3.388798516450808
    endloop
  endfacet
  facet normal 0 1 0
    outer loop
      vertex 4.1 -23.784 4.032110874355238
      vertex 3.7409523901701576 -23.784 3.388798516450808
      vertex 3.7299999999999986 -23.784 3.500000000000001
    endloop
  endfacet
  facet normal 0 1 0
    outer loop
      vertex 4.1 -23.784 4.032110874355238
      vertex 3.7299999999999986 -23.784 3.500000000000001
      vertex 3.7409523901701576 -23.784 3.611201483549194
    endloop
  endfacet
  facet normal 0 1 0
    outer loop
      vertex 4.1 -23.784 4.032110874355238
      vertex 3.7409523901701576 -23.784 3.611201483549194
      vertex 3.7733886664685663 -23.784 3.718129556448102
    endloop
  endfacet
  facet normal 0.6343932841636458 0 0.7730104533627369
    outer loop
      vertex 3.9833249671788256 -5.783999999999999 3.02606232098755
      vertex 3.896949134723666 -23.784 3.096949134723669
      vertex 3.9833249671788256 -23.784 3.02606232098755
    endloop
  endfacet
  facet normal 0.29028467725446566 0 0.9569403357322078
    outer loop
      vertex 4.081870443551898 -5.783999999999999 2.9733886664685674
      vertex 4.081870443551898 -23.784 2.9733886664685674
      vertex 4.1 -23.784 2.9678891256447635
    endloop
  endfacet
  facet normal 0.47139673682599637 0 0.8819212643483557
    outer loop
      vertex 4.081870443551898 -5.783999999999999 2.9733886664685674
      vertex 3.9833249671788256 -23.784 3.02606232098755
      vertex 4.081870443551898 -23.784 2.9733886664685674
    endloop
  endfacet
  facet normal 0.7730104533627374 0 0.6343932841636448
    outer loop
      vertex 3.826062320987548 -5.783999999999999 3.1833249671788275
      vertex 3.826062320987548 -23.784 3.1833249671788275
      vertex 3.896949134723666 -23.784 3.096949134723669
    endloop
  endfacet
  facet normal 0.8819212643483589 0 0.47139673682599015
    outer loop
      vertex 3.7733886664685663 -5.783999999999999 3.2818704435518997
      vertex 3.7733886664685663 -23.784 3.2818704435518997
      vertex 3.826062320987548 -23.784 3.1833249671788275
    endloop
  endfacet
  facet normal 0.9569403357322068 0 0.2902846772544689
    outer loop
      vertex 3.7409523901701576 -5.783999999999999 3.388798516450808
      vertex 3.7409523901701576 -23.784 3.388798516450808
      vertex 3.7733886664685663 -23.784 3.2818704435518997
    endloop
  endfacet
  facet normal 0.9951847266721965 0 0.09801714032956313
    outer loop
      vertex 3.7299999999999986 -5.783999999999999 3.500000000000001
      vertex 3.7299999999999986 -23.784 3.500000000000001
      vertex 3.7409523901701576 -23.784 3.388798516450808
    endloop
  endfacet
  facet normal 0.9951847266721965 0 -0.09801714032956313
    outer loop
      vertex 3.7409523901701576 -5.783999999999999 3.611201483549194
      vertex 3.7409523901701576 -23.784 3.611201483549194
      vertex 3.7299999999999986 -23.784 3.500000000000001
    endloop
  endfacet
  facet normal 0.9569403357322068 0 -0.2902846772544689
    outer loop
      vertex 3.7733886664685663 -5.783999999999999 3.718129556448102
      vertex 3.7733886664685663 -23.784 3.718129556448102
      vertex 3.7409523901701576 -23.784 3.611201483549194
    endloop
  endfacet
  facet normal 0.8819212643483589 0 -0.47139673682599015
    outer loop
      vertex 3.826062320987548 -5.783999999999999 3.8166750328211743
      vertex 3.826062320987548 -23.784 3.8166750328211743
      vertex 3.7733886664685663 -23.784 3.718129556448102
    endloop
  endfacet
  facet normal 0.6343932841636458 0 0.7730104533627369
    outer loop
      vertex 3.896949134723666 -5.783999999999999 3.096949134723669
      vertex 3.896949134723666 -23.784 3.096949134723669
      vertex 3.9833249671788256 -5.783999999999999 3.02606232098755
    endloop
  endfacet
  facet normal 0.29028467725446566 0 0.9569403357322078
    outer loop
      vertex 4.081870443551898 -5.783999999999999 2.9733886664685674
      vertex 4.1 -23.784 2.9678891256447635
      vertex 4.1 -5.783999999999999 2.9678891256447635
    endloop
  endfacet
  facet normal 0.47139673682599637 0 0.8819212643483557
    outer loop
      vertex 3.9833249671788256 -5.783999999999999 3.02606232098755
      vertex 3.9833249671788256 -23.784 3.02606232098755
      vertex 4.081870443551898 -5.783999999999999 2.9733886664685674
    endloop
  endfacet
  facet normal 0.7730104533627374 0 0.6343932841636448
    outer loop
      vertex 3.826062320987548 -5.783999999999999 3.1833249671788275
      vertex 3.896949134723666 -23.784 3.096949134723669
      vertex 3.896949134723666 -5.783999999999999 3.096949134723669
    endloop
  endfacet
  facet normal 0.8819212643483589 0 0.47139673682599015
    outer loop
      vertex 3.7733886664685663 -5.783999999999999 3.2818704435518997
      vertex 3.826062320987548 -23.784 3.1833249671788275
      vertex 3.826062320987548 -5.783999999999999 3.1833249671788275
    endloop
  endfacet
  facet normal 0.9569403357322068 0 0.2902846772544689
    outer loop
      vertex 3.7409523901701576 -5.783999999999999 3.388798516450808
      vertex 3.7733886664685663 -23.784 3.2818704435518997
      vertex 3.7733886664685663 -5.783999999999999 3.2818704435518997
    endloop
  endfacet
  facet normal 0.9951847266721965 0 0.09801714032956313
    outer loop
      vertex 3.7299999999999986 -5.783999999999999 3.500000000000001
      vertex 3.7409523901701576 -23.784 3.388798516450808
      vertex 3.7409523901701576 -5.783999999999999 3.388798516450808
    endloop
  endfacet
  facet normal 0.9951847266721965 0 -0.09801714032956313
    outer loop
      vertex 3.7409523901701576 -5.783999999999999 3.611201483549194
      vertex 3.7299999999999986 -23.784 3.500000000000001
      vertex 3.7299999999999986 -5.783999999999999 3.500000000000001
    endloop
  endfacet
  facet normal 0.9569403357322068 0 -0.2902846772544689
    outer loop
      vertex 3.7733886664685663 -5.783999999999999 3.718129556448102
      vertex 3.7409523901701576 -23.784 3.611201483549194
      vertex 3.7409523901701576 -5.783999999999999 3.611201483549194
    endloop
  endfacet
  facet normal 0.8819212643483589 0 -0.47139673682599015
    outer loop
      vertex 3.826062320987548 -5.783999999999999 3.8166750328211743
      vertex 3.7733886664685663 -23.784 3.718129556448102
      vertex 3.7733886664685663 -5.783999999999999 3.718129556448102
    endloop
  endfacet
  facet normal 0 -1 0
    outer loop
      vertex 3.896949134723666 -5.783999999999999 3.096949134723669
      vertex 3.9833249671788256 -5.783999999999999 3.02606232098755
      vertex 4.1 -5.783999999999999 2.9678891256447635
    endloop
  endfacet
  facet normal 0 -1 0
    outer loop
      vertex 3.826062320987548 -5.783999999999999 3.1833249671788275
      vertex 3.896949134723666 -5.783999999999999 3.096949134723669
      vertex 4.1 -5.783999999999999 2.9678891256447635
    endloop
  endfacet
  facet normal 0 -1 0
    outer loop
      vertex 3.9833249671788256 -5.783999999999999 3.02606232098755
      vertex 4.081870443551898 -5.783999999999999 2.9733886664685674
      vertex 4.1 -5.783999999999999 2.9678891256447635
    endloop
  endfacet
  facet normal 0 -1 0
    outer loop
      vertex 3.7733886664685663 -5.783999999999999 3.2818704435518997
      vertex 3.826062320987548 -5.783999999999999 3.1833249671788275
      vertex 4.1 -5.783999999999999 2.9678891256447635
    endloop
  endfacet
  facet normal 0 -1 0
    outer loop
      vertex 3.7409523901701576 -5.783999999999999 3.388798516450808
      vertex 3.7733886664685663 -5.783999999999999 3.2818704435518997
      vertex 4.1 -5.783999999999999 2.9678891256447635
    endloop
  endfacet
  facet normal 0 -1 0
    outer loop
      vertex 3.7299999999999986 -5.783999999999999 3.500000000000001
      vertex 3.7409523901701576 -5.783999999999999 3.388798516450808
      vertex 4.1 -5.783999999999999 2.9678891256447635
    endloop
  endfacet
  facet normal 0 -1 0
    outer loop
      vertex 3.7409523901701576 -5.783999999999999 3.611201483549194
      vertex 3.7299999999999986 -5.783999999999999 3.500000000000001
      vertex 4.1 -5.783999999999999 2.9678891256447635
    endloop
  endfacet
  facet normal 0 -1 0
    outer loop
      vertex 3.7733886664685663 -5.783999999999999 3.718129556448102
      vertex 3.7409523901701576 -5.783999999999999 3.611201483549194
      vertex 4.1 -5.783999999999999 2.9678891256447635
    endloop
  endfacet
  facet normal 0 -1 0
    outer loop
      vertex 3.826062320987548 -5.783999999999999 3.8166750328211743
      vertex 3.7733886664685663 -5.783999999999999 3.718129556448102
      vertex 4.1 -5.783999999999999 2.9678891256447635
    endloop
  endfacet
  facet normal 0 -1 0
    outer loop
      vertex 3.896949134723666 -5.783999999999999 3.9030508652763327
      vertex 3.826062320987548 -5.783999999999999 3.8166750328211743
      vertex 4.1 -5.783999999999999 2.9678891256447635
    endloop
  endfacet
  facet normal 0 -1 0
    outer loop
      vertex 3.9833249671788256 -5.783999999999999 3.973937679012452
      vertex 3.896949134723666 -5.783999999999999 3.9030508652763327
      vertex 4.1 -5.783999999999999 2.9678891256447635
    endloop
  endfacet
  facet normal 0 -1 0
    outer loop
      vertex 3.9833249671788256 -5.783999999999999 3.973937679012452
      vertex 4.1 -5.783999999999999 2.9678891256447635
      vertex 4.081870443551898 -5.783999999999999 4.026611333531434
    endloop
  endfacet
  facet normal 0 -1 0
    outer loop
      vertex 4.1 -5.783999999999999 4.032110874355238
      vertex 4.081870443551898 -5.783999999999999 4.026611333531434
      vertex 4.1 -5.783999999999999 2.9678891256447635
    endloop
  endfacet
  facet normal 0 1 0
    outer loop
      vertex 4.1 -23.784 4.032110874355238
      vertex 3.7733886664685663 -23.784 3.718129556448102
      vertex 3.826062320987548 -23.784 3.8166750328211743
    endloop
  endfacet
  facet normal 0 1 0
    outer loop
      vertex 3.896949134723666 -23.784 3.9030508652763327
      vertex 4.1 -23.784 4.032110874355238
      vertex 3.826062320987548 -23.784 3.8166750328211743
    endloop
  endfacet
  facet normal 0 1 0
    outer loop
      vertex 3.9833249671788256 -23.784 3.973937679012452
      vertex 4.1 -23.784 4.032110874355238
      vertex 3.896949134723666 -23.784 3.9030508652763327
    endloop
  endfacet
  facet normal 0 1 0
    outer loop
      vertex 3.9833249671788256 -23.784 3.973937679012452
      vertex 4.081870443551898 -23.784 4.026611333531434
      vertex 4.1 -23.784 4.032110874355238
    endloop
  endfacet
  facet normal 0.7730104533627374 0 -0.6343932841636448
    outer loop
      vertex 3.896949134723666 -5.783999999999999 3.9030508652763327
      vertex 3.896949134723666 -23.784 3.9030508652763327
      vertex 3.826062320987548 -23.784 3.8166750328211743
    endloop
  endfacet
  facet normal 0.6343932841636458 0 -0.7730104533627369
    outer loop
      vertex 3.896949134723666 -5.783999999999999 3.9030508652763327
      vertex 3.9833249671788256 -23.784 3.973937679012452
      vertex 3.896949134723666 -23.784 3.9030508652763327
    endloop
  endfacet
  facet normal 0.47139673682599637 0 -0.8819212643483557
    outer loop
      vertex 3.9833249671788256 -5.783999999999999 3.973937679012452
      vertex 4.081870443551898 -23.784 4.026611333531434
      vertex 3.9833249671788256 -23.784 3.973937679012452
    endloop
  endfacet
  facet normal 0.29028467725446566 0 -0.9569403357322078
    outer loop
      vertex 4.1 -5.783999999999999 4.032110874355238
      vertex 4.1 -23.784 4.032110874355238
      vertex 4.081870443551898 -23.784 4.026611333531434
    endloop
  endfacet
  facet normal 0.7730104533627374 0 -0.6343932841636448
    outer loop
      vertex 3.896949134723666 -5.783999999999999 3.9030508652763327
      vertex 3.826062320987548 -23.784 3.8166750328211743
      vertex 3.826062320987548 -5.783999999999999 3.8166750328211743
    endloop
  endfacet
  facet normal 0.6343932841636458 0 -0.7730104533627369
    outer loop
      vertex 3.9833249671788256 -5.783999999999999 3.973937679012452
      vertex 3.9833249671788256 -23.784 3.973937679012452
      vertex 3.896949134723666 -5.783999999999999 3.9030508652763327
    endloop
  endfacet
  facet normal 0.47139673682599637 0 -0.8819212643483557
    outer loop
      vertex 3.9833249671788256 -5.783999999999999 3.973937679012452
      vertex 4.081870443551898 -5.783999999999999 4.026611333531434
      vertex 4.081870443551898 -23.784 4.026611333531434
    endloop
  endfacet
  facet normal 0.29028467725446566 0 -0.9569403357322078
    outer loop
      vertex 4.1 -5.783999999999999 4.032110874355238
      vertex 4.081870443551898 -23.784 4.026611333531434
      vertex 4.081870443551898 -5.783999999999999 4.026611333531434
    endloop
  endfacet
  facet normal 0 1 0
    outer loop
      vertex 24.716675032821172 5.783999999999999 3.02606232098755
      vertex 24.618129556448103 5.783999999999999 2.9733886664685674
      vertex 24.6 5.783999999999999 2.9678891256447635
    endloop
  endfacet
  facet normal 0 1 0
    outer loop
      vertex 24.803050865276333 5.783999999999999 3.096949134723669
      vertex 24.716675032821172 5.783999999999999 3.02606232098755
      vertex 24.6 5.783999999999999 2.9678891256447635
    endloop
  endfacet
  facet normal 0 1 0
    outer loop
      vertex 24.87393767901245 5.783999999999999 3.1833249671788275
      vertex 24.803050865276333 5.783999999999999 3.096949134723669
      vertex 24.6 5.783999999999999 2.9678891256447635
    endloop
  endfacet
  facet normal 0 1 0
    outer loop
      vertex 24.926611333531433 5.783999999999999 3.2818704435518997
      vertex 24.87393767901245 5.783999999999999 3.1833249671788275
      vertex 24.6 5.783999999999999 2.9678891256447635
    endloop
  endfacet
  facet normal 0 1 0
    outer loop
      vertex 24.95904760982984 5.783999999999999 3.388798516450808
      vertex 24.926611333531433 5.783999999999999 3.2818704435518997
      vertex 24.6 5.783999999999999 2.9678891256447635
    endloop
  endfacet
  facet normal 0 1 0
    outer loop
      vertex 24.97 5.783999999999999 3.500000000000001
      vertex 24.95904760982984 5.783999999999999 3.388798516450808
      vertex 24.6 5.783999999999999 2.9678891256447635
    endloop
  endfacet
  facet normal 0 1 0
    outer loop
      vertex 24.95904760982984 5.783999999999999 3.611201483549194
      vertex 24.97 5.783999999999999 3.500000000000001
      vertex 24.6 5.783999999999999 2.9678891256447635
    endloop
  endfacet
  facet normal 0 1 0
    outer loop
      vertex 24.926611333531433 5.783999999999999 3.718129556448102
      vertex 24.95904760982984 5.783999999999999 3.611201483549194
      vertex 24.6 5.783999999999999 2.9678891256447635
    endloop
  endfacet
  facet normal 0 1 0
    outer loop
      vertex 24.87393767901245 5.783999999999999 3.8166750328211743
      vertex 24.926611333531433 5.783999999999999 3.718129556448102
      vertex 24.6 5.783999999999999 2.9678891256447635
    endloop
  endfacet
  facet normal 0 1 0
    outer loop
      vertex 24.803050865276333 5.783999999999999 3.9030508652763327
      vertex 24.87393767901245 5.783999999999999 3.8166750328211743
      vertex 24.6 5.783999999999999 2.9678891256447635
    endloop
  endfacet
  facet normal 0 1 0
    outer loop
      vertex 24.716675032821172 5.783999999999999 3.973937679012452
      vertex 24.803050865276333 5.783999999999999 3.9030508652763327
      vertex 24.6 5.783999999999999 2.9678891256447635
    endloop
  endfacet
  facet normal 0 1 0
    outer loop
      vertex 24.618129556448103 5.783999999999999 4.026611333531434
      vertex 24.716675032821172 5.783999999999999 3.973937679012452
      vertex 24.6 5.783999999999999 2.9678891256447635
    endloop
  endfacet
  facet normal 0 1 0
    outer loop
      vertex 24.6 5.783999999999999 4.032110874355238
      vertex 24.618129556448103 5.783999999999999 4.026611333531434
      vertex 24.6 5.783999999999999 2.9678891256447635
    endloop
  endfacet
  facet normal -0.29028467725446566 0 0.9569403357322078
    outer loop
      vertex 24.6 23.784 2.9678891256447635
      vertex 24.6 5.783999999999999 2.9678891256447635
      vertex 24.618129556448103 5.783999999999999 2.9733886664685674
    endloop
  endfacet
  facet normal -0.4713967368260096 0 0.8819212643483486
    outer loop
      vertex 24.716675032821172 23.784 3.02606232098755
      vertex 24.618129556448103 5.783999999999999 2.9733886664685674
      vertex 24.716675032821172 5.783999999999999 3.02606232098755
    endloop
  endfacet
  facet normal -0.6343932841636379 0 0.7730104533627432
    outer loop
      vertex 24.803050865276333 23.784 3.096949134723669
      vertex 24.716675032821172 5.783999999999999 3.02606232098755
      vertex 24.803050865276333 5.783999999999999 3.096949134723669
    endloop
  endfacet
  facet normal -0.7730104533627453 0 0.6343932841636354
    outer loop
      vertex 24.803050865276333 23.784 3.096949134723669
      vertex 24.803050865276333 5.783999999999999 3.096949134723669
      vertex 24.87393767901245 5.783999999999999 3.1833249671788275
    endloop
  endfacet
  facet normal -0.8819212643483526 0 0.47139673682600264
    outer loop
      vertex 24.87393767901245 23.784 3.1833249671788275
      vertex 24.87393767901245 5.783999999999999 3.1833249671788275
      vertex 24.926611333531433 5.783999999999999 3.2818704435518997
    endloop
  endfacet
  facet normal -0.9569403357322068 0 0.2902846772544689
    outer loop
      vertex 24.926611333531433 23.784 3.2818704435518997
      vertex 24.926611333531433 5.783999999999999 3.2818704435518997
      vertex 24.95904760982984 5.783999999999999 3.388798516450808
    endloop
  endfacet
  facet normal -0.995184726672198 0 0.09801714032954739
    outer loop
      vertex 24.95904760982984 23.784 3.388798516450808
      vertex 24.95904760982984 5.783999999999999 3.388798516450808
      vertex 24.97 5.783999999999999 3.500000000000001
    endloop
  endfacet
  facet normal -0.995184726672198 0 -0.09801714032954739
    outer loop
      vertex 24.97 23.784 3.500000000000001
      vertex 24.97 5.783999999999999 3.500000000000001
      vertex 24.95904760982984 5.783999999999999 3.611201483549194
    endloop
  endfacet
  facet normal -0.9569403357322068 0 -0.2902846772544689
    outer loop
      vertex 24.95904760982984 23.784 3.611201483549194
      vertex 24.95904760982984 5.783999999999999 3.611201483549194
      vertex 24.926611333531433 5.783999999999999 3.718129556448102
    endloop
  endfacet
  facet normal -0.8819212643483526 0 -0.47139673682600264
    outer loop
      vertex 24.926611333531433 23.784 3.718129556448102
      vertex 24.926611333531433 5.783999999999999 3.718129556448102
      vertex 24.87393767901245 5.783999999999999 3.8166750328211743
    endloop
  endfacet
  facet normal -0.29028467725446566 0 0.9569403357322078
    outer loop
      vertex 24.618129556448103 23.784 2.9733886664685674
      vertex 24.6 23.784 2.9678891256447635
      vertex 24.618129556448103 5.783999999999999 2.9733886664685674
    endloop
  endfacet
  facet normal -0.4713967368260096 0 0.8819212643483486
    outer loop
      vertex 24.716675032821172 23.784 3.02606232098755
      vertex 24.618129556448103 23.784 2.9733886664685674
      vertex 24.618129556448103 5.783999999999999 2.9733886664685674
    endloop
  endfacet
  facet normal -0.6343932841636379 0 0.7730104533627432
    outer loop
      vertex 24.803050865276333 23.784 3.096949134723669
      vertex 24.716675032821172 23.784 3.02606232098755
      vertex 24.716675032821172 5.783999999999999 3.02606232098755
    endloop
  endfacet
  facet normal -0.7730104533627453 0 0.6343932841636354
    outer loop
      vertex 24.87393767901245 23.784 3.1833249671788275
      vertex 24.803050865276333 23.784 3.096949134723669
      vertex 24.87393767901245 5.783999999999999 3.1833249671788275
    endloop
  endfacet
  facet normal -0.8819212643483526 0 0.47139673682600264
    outer loop
      vertex 24.926611333531433 23.784 3.2818704435518997
      vertex 24.87393767901245 23.784 3.1833249671788275
      vertex 24.926611333531433 5.783999999999999 3.2818704435518997
    endloop
  endfacet
  facet normal -0.9569403357322068 0 0.2902846772544689
    outer loop
      vertex 24.95904760982984 23.784 3.388798516450808
      vertex 24.926611333531433 23.784 3.2818704435518997
      vertex 24.95904760982984 5.783999999999999 3.388798516450808
    endloop
  endfacet
  facet normal -0.995184726672198 0 0.09801714032954739
    outer loop
      vertex 24.97 23.784 3.500000000000001
      vertex 24.95904760982984 23.784 3.388798516450808
      vertex 24.97 5.783999999999999 3.500000000000001
    endloop
  endfacet
  facet normal -0.8819212643483526 0 -0.47139673682600264
    outer loop
      vertex 24.87393767901245 23.784 3.8166750328211743
      vertex 24.926611333531433 23.784 3.718129556448102
      vertex 24.87393767901245 5.783999999999999 3.8166750328211743
    endloop
  endfacet
  facet normal -0.995184726672198 0 -0.09801714032954739
    outer loop
      vertex 24.95904760982984 23.784 3.611201483549194
      vertex 24.97 23.784 3.500000000000001
      vertex 24.95904760982984 5.783999999999999 3.611201483549194
    endloop
  endfacet
  facet normal -0.9569403357322068 0 -0.2902846772544689
    outer loop
      vertex 24.926611333531433 23.784 3.718129556448102
      vertex 24.95904760982984 23.784 3.611201483549194
      vertex 24.926611333531433 5.783999999999999 3.718129556448102
    endloop
  endfacet
  facet normal 0 -1 0
    outer loop
      vertex 24.6 23.784 4.032110874355238
      vertex 24.6 23.784 2.9678891256447635
      vertex 24.618129556448103 23.784 2.9733886664685674
    endloop
  endfacet
  facet normal 0 -1 0
    outer loop
      vertex 24.6 23.784 4.032110874355238
      vertex 24.618129556448103 23.784 2.9733886664685674
      vertex 24.716675032821172 23.784 3.02606232098755
    endloop
  endfacet
  facet normal 0 -1 0
    outer loop
      vertex 24.6 23.784 4.032110874355238
      vertex 24.716675032821172 23.784 3.02606232098755
      vertex 24.803050865276333 23.784 3.096949134723669
    endloop
  endfacet
  facet normal 0 -1 0
    outer loop
      vertex 24.6 23.784 4.032110874355238
      vertex 24.803050865276333 23.784 3.096949134723669
      vertex 24.87393767901245 23.784 3.1833249671788275
    endloop
  endfacet
  facet normal 0 -1 0
    outer loop
      vertex 24.6 23.784 4.032110874355238
      vertex 24.87393767901245 23.784 3.1833249671788275
      vertex 24.926611333531433 23.784 3.2818704435518997
    endloop
  endfacet
  facet normal 0 -1 0
    outer loop
      vertex 24.6 23.784 4.032110874355238
      vertex 24.926611333531433 23.784 3.2818704435518997
      vertex 24.95904760982984 23.784 3.388798516450808
    endloop
  endfacet
  facet normal 0 -1 0
    outer loop
      vertex 24.6 23.784 4.032110874355238
      vertex 24.95904760982984 23.784 3.388798516450808
      vertex 24.97 23.784 3.500000000000001
    endloop
  endfacet
  facet normal 0 -1 0
    outer loop
      vertex 24.6 23.784 4.032110874355238
      vertex 24.97 23.784 3.500000000000001
      vertex 24.95904760982984 23.784 3.611201483549194
    endloop
  endfacet
  facet normal 0 -1 0
    outer loop
      vertex 24.6 23.784 4.032110874355238
      vertex 24.95904760982984 23.784 3.611201483549194
      vertex 24.926611333531433 23.784 3.718129556448102
    endloop
  endfacet
  facet normal -0.7730104533627453 0 -0.6343932841636354
    outer loop
      vertex 24.87393767901245 23.784 3.8166750328211743
      vertex 24.87393767901245 5.783999999999999 3.8166750328211743
      vertex 24.803050865276333 5.783999999999999 3.9030508652763327
    endloop
  endfacet
  facet normal -0.6343932841636379 0 -0.7730104533627432
    outer loop
      vertex 24.716675032821172 23.784 3.973937679012452
      vertex 24.803050865276333 5.783999999999999 3.9030508652763327
      vertex 24.716675032821172 5.783999999999999 3.973937679012452
    endloop
  endfacet
  facet normal -0.4713967368260096 0 -0.8819212643483486
    outer loop
      vertex 24.618129556448103 23.784 4.026611333531434
      vertex 24.716675032821172 5.783999999999999 3.973937679012452
      vertex 24.618129556448103 5.783999999999999 4.026611333531434
    endloop
  endfacet
  facet normal -0.29028467725446566 0 -0.9569403357322078
    outer loop
      vertex 24.618129556448103 23.784 4.026611333531434
      vertex 24.618129556448103 5.783999999999999 4.026611333531434
      vertex 24.6 5.783999999999999 4.032110874355238
    endloop
  endfacet
  facet normal -0.7730104533627453 0 -0.6343932841636354
    outer loop
      vertex 24.803050865276333 23.784 3.9030508652763327
      vertex 24.87393767901245 23.784 3.8166750328211743
      vertex 24.803050865276333 5.783999999999999 3.9030508652763327
    endloop
  endfacet
  facet normal -0.6343932841636379 0 -0.7730104533627432
    outer loop
      vertex 24.716675032821172 23.784 3.973937679012452
      vertex 24.803050865276333 23.784 3.9030508652763327
      vertex 24.803050865276333 5.783999999999999 3.9030508652763327
    endloop
  endfacet
  facet normal -0.4713967368260096 0 -0.8819212643483486
    outer loop
      vertex 24.618129556448103 23.784 4.026611333531434
      vertex 24.716675032821172 23.784 3.973937679012452
      vertex 24.716675032821172 5.783999999999999 3.973937679012452
    endloop
  endfacet
  facet normal -0.29028467725446566 0 -0.9569403357322078
    outer loop
      vertex 24.6 23.784 4.032110874355238
      vertex 24.618129556448103 23.784 4.026611333531434
      vertex 24.6 5.783999999999999 4.032110874355238
    endloop
  endfacet
  facet normal 0 -1 0
    outer loop
      vertex 24.6 23.784 4.032110874355238
      vertex 24.926611333531433 23.784 3.718129556448102
      vertex 24.87393767901245 23.784 3.8166750328211743
    endloop
  endfacet
  facet normal 0 -1 0
    outer loop
      vertex 24.6 23.784 4.032110874355238
      vertex 24.87393767901245 23.784 3.8166750328211743
      vertex 24.803050865276333 23.784 3.9030508652763327
    endloop
  endfacet
  facet normal 0 -1 0
    outer loop
      vertex 24.6 23.784 4.032110874355238
      vertex 24.803050865276333 23.784 3.9030508652763327
      vertex 24.716675032821172 23.784 3.973937679012452
    endloop
  endfacet
  facet normal 0 -1 0
    outer loop
      vertex 24.6 23.784 4.032110874355238
      vertex 24.716675032821172 23.784 3.973937679012452
      vertex 24.618129556448103 23.784 4.026611333531434
    endloop
  endfacet
  facet normal 0 1 0
    outer loop
      vertex 24.716675032821172 -23.784 3.02606232098755
      vertex 24.618129556448103 -23.784 2.9733886664685674
      vertex 24.6 -23.784 2.9678891256447635
    endloop
  endfacet
  facet normal 0 1 0
    outer loop
      vertex 24.803050865276333 -23.784 3.096949134723669
      vertex 24.716675032821172 -23.784 3.02606232098755
      vertex 24.6 -23.784 2.9678891256447635
    endloop
  endfacet
  facet normal 0 1 0
    outer loop
      vertex 24.87393767901245 -23.784 3.1833249671788275
      vertex 24.803050865276333 -23.784 3.096949134723669
      vertex 24.6 -23.784 2.9678891256447635
    endloop
  endfacet
  facet normal 0 1 0
    outer loop
      vertex 24.926611333531433 -23.784 3.2818704435518997
      vertex 24.87393767901245 -23.784 3.1833249671788275
      vertex 24.6 -23.784 2.9678891256447635
    endloop
  endfacet
  facet normal 0 1 0
    outer loop
      vertex 24.95904760982984 -23.784 3.388798516450808
      vertex 24.926611333531433 -23.784 3.2818704435518997
      vertex 24.6 -23.784 2.9678891256447635
    endloop
  endfacet
  facet normal 0 1 0
    outer loop
      vertex 24.97 -23.784 3.500000000000001
      vertex 24.95904760982984 -23.784 3.388798516450808
      vertex 24.6 -23.784 2.9678891256447635
    endloop
  endfacet
  facet normal 0 1 0
    outer loop
      vertex 24.95904760982984 -23.784 3.611201483549194
      vertex 24.97 -23.784 3.500000000000001
      vertex 24.6 -23.784 2.9678891256447635
    endloop
  endfacet
  facet normal 0 1 0
    outer loop
      vertex 24.926611333531433 -23.784 3.718129556448102
      vertex 24.95904760982984 -23.784 3.611201483549194
      vertex 24.6 -23.784 2.9678891256447635
    endloop
  endfacet
  facet normal 0 1 0
    outer loop
      vertex 24.87393767901245 -23.784 3.8166750328211743
      vertex 24.926611333531433 -23.784 3.718129556448102
      vertex 24.6 -23.784 2.9678891256447635
    endloop
  endfacet
  facet normal 0 1 0
    outer loop
      vertex 24.803050865276333 -23.784 3.9030508652763327
      vertex 24.87393767901245 -23.784 3.8166750328211743
      vertex 24.6 -23.784 2.9678891256447635
    endloop
  endfacet
  facet normal 0 1 0
    outer loop
      vertex 24.716675032821172 -23.784 3.973937679012452
      vertex 24.803050865276333 -23.784 3.9030508652763327
      vertex 24.6 -23.784 2.9678891256447635
    endloop
  endfacet
  facet normal 0 1 0
    outer loop
      vertex 24.618129556448103 -23.784 4.026611333531434
      vertex 24.716675032821172 -23.784 3.973937679012452
      vertex 24.6 -23.784 2.9678891256447635
    endloop
  endfacet
  facet normal 0 1 0
    outer loop
      vertex 24.6 -23.784 4.032110874355238
      vertex 24.618129556448103 -23.784 4.026611333531434
      vertex 24.6 -23.784 2.9678891256447635
    endloop
  endfacet
  facet normal -0.29028467725446566 0 0.9569403357322078
    outer loop
      vertex 24.6 -5.783999999999999 2.9678891256447635
      vertex 24.6 -23.784 2.9678891256447635
      vertex 24.618129556448103 -23.784 2.9733886664685674
    endloop
  endfacet
  facet normal -0.4713967368260096 0 0.8819212643483486
    outer loop
      vertex 24.716675032821172 -5.783999999999999 3.02606232098755
      vertex 24.618129556448103 -23.784 2.9733886664685674
      vertex 24.716675032821172 -23.784 3.02606232098755
    endloop
  endfacet
  facet normal -0.6343932841636379 0 0.7730104533627432
    outer loop
      vertex 24.803050865276333 -5.783999999999999 3.096949134723669
      vertex 24.716675032821172 -23.784 3.02606232098755
      vertex 24.803050865276333 -23.784 3.096949134723669
    endloop
  endfacet
  facet normal -0.7730104533627453 0 0.6343932841636354
    outer loop
      vertex 24.803050865276333 -5.783999999999999 3.096949134723669
      vertex 24.803050865276333 -23.784 3.096949134723669
      vertex 24.87393767901245 -23.784 3.1833249671788275
    endloop
  endfacet
  facet normal -0.8819212643483526 0 0.47139673682600264
    outer loop
      vertex 24.87393767901245 -5.783999999999999 3.1833249671788275
      vertex 24.87393767901245 -23.784 3.1833249671788275
      vertex 24.926611333531433 -23.784 3.2818704435518997
    endloop
  endfacet
  facet normal -0.9569403357322068 0 0.2902846772544689
    outer loop
      vertex 24.926611333531433 -5.783999999999999 3.2818704435518997
      vertex 24.926611333531433 -23.784 3.2818704435518997
      vertex 24.95904760982984 -23.784 3.388798516450808
    endloop
  endfacet
  facet normal -0.995184726672198 0 0.09801714032954739
    outer loop
      vertex 24.95904760982984 -5.783999999999999 3.388798516450808
      vertex 24.95904760982984 -23.784 3.388798516450808
      vertex 24.97 -23.784 3.500000000000001
    endloop
  endfacet
  facet normal -0.995184726672198 0 -0.09801714032954739
    outer loop
      vertex 24.97 -5.783999999999999 3.500000000000001
      vertex 24.97 -23.784 3.500000000000001
      vertex 24.95904760982984 -23.784 3.611201483549194
    endloop
  endfacet
  facet normal -0.9569403357322068 0 -0.2902846772544689
    outer loop
      vertex 24.95904760982984 -5.783999999999999 3.611201483549194
      vertex 24.95904760982984 -23.784 3.611201483549194
      vertex 24.926611333531433 -23.784 3.718129556448102
    endloop
  endfacet
  facet normal -0.8819212643483526 0 -0.47139673682600264
    outer loop
      vertex 24.926611333531433 -5.783999999999999 3.718129556448102
      vertex 24.926611333531433 -23.784 3.718129556448102
      vertex 24.87393767901245 -23.784 3.8166750328211743
    endloop
  endfacet
  facet normal -0.29028467725446566 0 0.9569403357322078
    outer loop
      vertex 24.618129556448103 -5.783999999999999 2.9733886664685674
      vertex 24.6 -5.783999999999999 2.9678891256447635
      vertex 24.618129556448103 -23.784 2.9733886664685674
    endloop
  endfacet
  facet normal -0.4713967368260096 0 0.8819212643483486
    outer loop
      vertex 24.716675032821172 -5.783999999999999 3.02606232098755
      vertex 24.618129556448103 -5.783999999999999 2.9733886664685674
      vertex 24.618129556448103 -23.784 2.9733886664685674
    endloop
  endfacet
  facet normal -0.6343932841636379 0 0.7730104533627432
    outer loop
      vertex 24.803050865276333 -5.783999999999999 3.096949134723669
      vertex 24.716675032821172 -5.783999999999999 3.02606232098755
      vertex 24.716675032821172 -23.784 3.02606232098755
    endloop
  endfacet
  facet normal -0.7730104533627453 0 0.6343932841636354
    outer loop
      vertex 24.87393767901245 -5.783999999999999 3.1833249671788275
      vertex 24.803050865276333 -5.783999999999999 3.096949134723669
      vertex 24.87393767901245 -23.784 3.1833249671788275
    endloop
  endfacet
  facet normal -0.8819212643483526 0 0.47139673682600264
    outer loop
      vertex 24.926611333531433 -5.783999999999999 3.2818704435518997
      vertex 24.87393767901245 -5.783999999999999 3.1833249671788275
      vertex 24.926611333531433 -23.784 3.2818704435518997
    endloop
  endfacet
  facet normal -0.9569403357322068 0 0.2902846772544689
    outer loop
      vertex 24.95904760982984 -5.783999999999999 3.388798516450808
      vertex 24.926611333531433 -5.783999999999999 3.2818704435518997
      vertex 24.95904760982984 -23.784 3.388798516450808
    endloop
  endfacet
  facet normal -0.995184726672198 0 0.09801714032954739
    outer loop
      vertex 24.97 -5.783999999999999 3.500000000000001
      vertex 24.95904760982984 -5.783999999999999 3.388798516450808
      vertex 24.97 -23.784 3.500000000000001
    endloop
  endfacet
  facet normal -0.8819212643483526 0 -0.47139673682600264
    outer loop
      vertex 24.87393767901245 -5.783999999999999 3.8166750328211743
      vertex 24.926611333531433 -5.783999999999999 3.718129556448102
      vertex 24.87393767901245 -23.784 3.8166750328211743
    endloop
  endfacet
  facet normal -0.995184726672198 0 -0.09801714032954739
    outer loop
      vertex 24.95904760982984 -5.783999999999999 3.611201483549194
      vertex 24.97 -5.783999999999999 3.500000000000001
      vertex 24.95904760982984 -23.784 3.611201483549194
    endloop
  endfacet
  facet normal -0.9569403357322068 0 -0.2902846772544689
    outer loop
      vertex 24.926611333531433 -5.783999999999999 3.718129556448102
      vertex 24.95904760982984 -5.783999999999999 3.611201483549194
      vertex 24.926611333531433 -23.784 3.718129556448102
    endloop
  endfacet
  facet normal 0 -1 0
    outer loop
      vertex 24.716675032821172 -5.783999999999999 3.02606232098755
      vertex 24.6 -5.783999999999999 2.9678891256447635
      vertex 24.618129556448103 -5.783999999999999 2.9733886664685674
    endloop
  endfacet
  facet normal 0 -1 0
    outer loop
      vertex 24.803050865276333 -5.783999999999999 3.096949134723669
      vertex 24.6 -5.783999999999999 2.9678891256447635
      vertex 24.716675032821172 -5.783999999999999 3.02606232098755
    endloop
  endfacet
  facet normal 0 -1 0
    outer loop
      vertex 24.87393767901245 -5.783999999999999 3.1833249671788275
      vertex 24.6 -5.783999999999999 2.9678891256447635
      vertex 24.803050865276333 -5.783999999999999 3.096949134723669
    endloop
  endfacet
  facet normal 0 -1 0
    outer loop
      vertex 24.926611333531433 -5.783999999999999 3.2818704435518997
      vertex 24.6 -5.783999999999999 2.9678891256447635
      vertex 24.87393767901245 -5.783999999999999 3.1833249671788275
    endloop
  endfacet
  facet normal 0 -1 0
    outer loop
      vertex 24.95904760982984 -5.783999999999999 3.388798516450808
      vertex 24.6 -5.783999999999999 2.9678891256447635
      vertex 24.926611333531433 -5.783999999999999 3.2818704435518997
    endloop
  endfacet
  facet normal 0 -1 0
    outer loop
      vertex 24.97 -5.783999999999999 3.500000000000001
      vertex 24.6 -5.783999999999999 2.9678891256447635
      vertex 24.95904760982984 -5.783999999999999 3.388798516450808
    endloop
  endfacet
  facet normal 0 -1 0
    outer loop
      vertex 24.6 -5.783999999999999 4.032110874355238
      vertex 24.6 -5.783999999999999 2.9678891256447635
      vertex 24.97 -5.783999999999999 3.500000000000001
    endloop
  endfacet
  facet normal 0 -1 0
    outer loop
      vertex 24.6 -5.783999999999999 4.032110874355238
      vertex 24.97 -5.783999999999999 3.500000000000001
      vertex 24.95904760982984 -5.783999999999999 3.611201483549194
    endloop
  endfacet
  facet normal 0 -1 0
    outer loop
      vertex 24.6 -5.783999999999999 4.032110874355238
      vertex 24.95904760982984 -5.783999999999999 3.611201483549194
      vertex 24.926611333531433 -5.783999999999999 3.718129556448102
    endloop
  endfacet
  facet normal -0.7730104533627453 0 -0.6343932841636354
    outer loop
      vertex 24.87393767901245 -5.783999999999999 3.8166750328211743
      vertex 24.87393767901245 -23.784 3.8166750328211743
      vertex 24.803050865276333 -23.784 3.9030508652763327
    endloop
  endfacet
  facet normal -0.6343932841636379 0 -0.7730104533627432
    outer loop
      vertex 24.716675032821172 -5.783999999999999 3.973937679012452
      vertex 24.803050865276333 -23.784 3.9030508652763327
      vertex 24.716675032821172 -23.784 3.973937679012452
    endloop
  endfacet
  facet normal -0.4713967368260096 0 -0.8819212643483486
    outer loop
      vertex 24.618129556448103 -5.783999999999999 4.026611333531434
      vertex 24.716675032821172 -23.784 3.973937679012452
      vertex 24.618129556448103 -23.784 4.026611333531434
    endloop
  endfacet
  facet normal -0.29028467725446566 0 -0.9569403357322078
    outer loop
      vertex 24.618129556448103 -5.783999999999999 4.026611333531434
      vertex 24.618129556448103 -23.784 4.026611333531434
      vertex 24.6 -23.784 4.032110874355238
    endloop
  endfacet
  facet normal -0.7730104533627453 0 -0.6343932841636354
    outer loop
      vertex 24.803050865276333 -5.783999999999999 3.9030508652763327
      vertex 24.87393767901245 -5.783999999999999 3.8166750328211743
      vertex 24.803050865276333 -23.784 3.9030508652763327
    endloop
  endfacet
  facet normal -0.6343932841636379 0 -0.7730104533627432
    outer loop
      vertex 24.716675032821172 -5.783999999999999 3.973937679012452
      vertex 24.803050865276333 -5.783999999999999 3.9030508652763327
      vertex 24.803050865276333 -23.784 3.9030508652763327
    endloop
  endfacet
  facet normal -0.4713967368260096 0 -0.8819212643483486
    outer loop
      vertex 24.618129556448103 -5.783999999999999 4.026611333531434
      vertex 24.716675032821172 -5.783999999999999 3.973937679012452
      vertex 24.716675032821172 -23.784 3.973937679012452
    endloop
  endfacet
  facet normal -0.29028467725446566 0 -0.9569403357322078
    outer loop
      vertex 24.6 -5.783999999999999 4.032110874355238
      vertex 24.618129556448103 -5.783999999999999 4.026611333531434
      vertex 24.6 -23.784 4.032110874355238
    endloop
  endfacet
  facet normal 0 -1 0
    outer loop
      vertex 24.6 -5.783999999999999 4.032110874355238
      vertex 24.926611333531433 -5.783999999999999 3.718129556448102
      vertex 24.87393767901245 -5.783999999999999 3.8166750328211743
    endloop
  endfacet
  facet normal 0 -1 0
    outer loop
      vertex 24.6 -5.783999999999999 4.032110874355238
      vertex 24.87393767901245 -5.783999999999999 3.8166750328211743
      vertex 24.803050865276333 -5.783999999999999 3.9030508652763327
    endloop
  endfacet
  facet normal 0 -1 0
    outer loop
      vertex 24.6 -5.783999999999999 4.032110874355238
      vertex 24.803050865276333 -5.783999999999999 3.9030508652763327
      vertex 24.716675032821172 -5.783999999999999 3.973937679012452
    endloop
  endfacet
  facet normal 0 -1 0
    outer loop
      vertex 24.6 -5.783999999999999 4.032110874355238
      vertex 24.716675032821172 -5.783999999999999 3.973937679012452
      vertex 24.618129556448103 -5.783999999999999 4.026611333531434
    endloop
  endfacet
  facet normal -1 0 0
    outer loop
      vertex 5.35 25.3 4.800000000000001
      vertex 5.35 29.3 1.3900000000000006
      vertex 5.35 25.3 1.3900000000000006
    endloop
  endfacet
  facet normal 0 -1 0
    outer loop
      vertex 6.75 25.3 4.800000000000001
      vertex 5.35 25.3 1.3900000000000006
      vertex 6.75 25.3 1.3900000000000006
    endloop
  endfacet
  facet normal 0 1 0
    outer loop
      vertex 5.35 29.3 4.800000000000001
      vertex 6.75 29.3 1.3900000000000006
      vertex 5.35 29.3 1.3900000000000006
    endloop
  endfacet
  facet normal 0 -1 0
    outer loop
      vertex 5.35 25.3 4.800000000000001
      vertex 5.35 25.3 1.3900000000000006
      vertex 6.75 25.3 4.800000000000001
    endloop
  endfacet
  facet normal -1 0 0
    outer loop
      vertex 5.35 29.3 4.800000000000001
      vertex 5.35 29.3 1.3900000000000006
      vertex 5.35 25.3 4.800000000000001
    endloop
  endfacet
  facet normal 0 1 0
    outer loop
      vertex 5.35 29.3 4.800000000000001
      vertex 6.75 29.3 4.800000000000001
      vertex 6.75 29.3 1.3900000000000006
    endloop
  endfacet
  facet normal 1 0 0
    outer loop
      vertex 6.75 29.3 4.800000000000001
      vertex 6.75 25.3 1.3900000000000006
      vertex 6.75 29.3 1.3900000000000006
    endloop
  endfacet
  facet normal 1 0 0
    outer loop
      vertex 6.75 29.3 4.800000000000001
      vertex 6.75 25.3 4.800000000000001
      vertex 6.75 25.3 1.3900000000000006
    endloop
  endfacet
  facet normal 0 0 1
    outer loop
      vertex 5.35 29.3 4.800000000000001
      vertex 5.35 25.3 4.800000000000001
      vertex 6.75 25.3 4.800000000000001
    endloop
  endfacet
  facet normal 0 0 1
    outer loop
      vertex 5.35 29.3 4.800000000000001
      vertex 6.75 25.3 4.800000000000001
      vertex 6.75 29.3 4.800000000000001
    endloop
  endfacet
  facet normal 0 -1 0
    outer loop
      vertex 6.75 -27.7 4.800000000000001
      vertex 5.35 -27.7 1.3900000000000006
      vertex 6.75 -27.7 1.3900000000000006
    endloop
  endfacet
  facet normal -1 0 0
    outer loop
      vertex 5.35 -27.7 4.800000000000001
      vertex 5.35 -23.7 1.3900000000000006
      vertex 5.35 -27.7 1.3900000000000006
    endloop
  endfacet
  facet normal 0 -1 0
    outer loop
      vertex 5.35 -27.7 4.800000000000001
      vertex 5.35 -27.7 1.3900000000000006
      vertex 6.75 -27.7 4.800000000000001
    endloop
  endfacet
  facet normal -1 0 0
    outer loop
      vertex 5.35 -23.7 4.800000000000001
      vertex 5.35 -23.7 1.3900000000000006
      vertex 5.35 -27.7 4.800000000000001
    endloop
  endfacet
  facet normal 0 1 0
    outer loop
      vertex 5.35 -23.7 4.800000000000001
      vertex 6.75 -23.7 1.3900000000000006
      vertex 5.35 -23.7 1.3900000000000006
    endloop
  endfacet
  facet normal 0 1 0
    outer loop
      vertex 5.35 -23.7 4.800000000000001
      vertex 6.75 -23.7 4.800000000000001
      vertex 6.75 -23.7 1.3900000000000006
    endloop
  endfacet
  facet normal 1 0 0
    outer loop
      vertex 6.75 -23.7 4.800000000000001
      vertex 6.75 -27.7 1.3900000000000006
      vertex 6.75 -23.7 1.3900000000000006
    endloop
  endfacet
  facet normal 1 0 0
    outer loop
      vertex 6.75 -23.7 4.800000000000001
      vertex 6.75 -27.7 4.800000000000001
      vertex 6.75 -27.7 1.3900000000000006
    endloop
  endfacet
  facet normal 0 0 1
    outer loop
      vertex 5.35 -23.7 4.800000000000001
      vertex 5.35 -27.7 4.800000000000001
      vertex 6.75 -27.7 4.800000000000001
    endloop
  endfacet
  facet normal 0 0 1
    outer loop
      vertex 5.35 -23.7 4.800000000000001
      vertex 6.75 -27.7 4.800000000000001
      vertex 6.75 -23.7 4.800000000000001
    endloop
  endfacet
  facet normal -1 0 0
    outer loop
      vertex 21.95 25.3 4.800000000000001
      vertex 21.95 29.3 1.3900000000000006
      vertex 21.95 25.3 1.3900000000000006
    endloop
  endfacet
  facet normal 0 1 0
    outer loop
      vertex 21.95 29.3 4.800000000000001
      vertex 23.35 29.3 1.3900000000000006
      vertex 21.95 29.3 1.3900000000000006
    endloop
  endfacet
  facet normal 0 -1 0
    outer loop
      vertex 23.35 25.3 4.800000000000001
      vertex 21.95 25.3 1.3900000000000006
      vertex 23.35 25.3 1.3900000000000006
    endloop
  endfacet
  facet normal 1 0 0
    outer loop
      vertex 23.35 29.3 4.800000000000001
      vertex 23.35 25.3 1.3900000000000006
      vertex 23.35 29.3 1.3900000000000006
    endloop
  endfacet
  facet normal 0 -1 0
    outer loop
      vertex 21.95 25.3 4.800000000000001
      vertex 21.95 25.3 1.3900000000000006
      vertex 23.35 25.3 4.800000000000001
    endloop
  endfacet
  facet normal -1 0 0
    outer loop
      vertex 21.95 29.3 4.800000000000001
      vertex 21.95 29.3 1.3900000000000006
      vertex 21.95 25.3 4.800000000000001
    endloop
  endfacet
  facet normal 1 0 0
    outer loop
      vertex 23.35 29.3 4.800000000000001
      vertex 23.35 25.3 4.800000000000001
      vertex 23.35 25.3 1.3900000000000006
    endloop
  endfacet
  facet normal 0 1 0
    outer loop
      vertex 21.95 29.3 4.800000000000001
      vertex 23.35 29.3 4.800000000000001
      vertex 23.35 29.3 1.3900000000000006
    endloop
  endfacet
  facet normal 0 0 1
    outer loop
      vertex 21.95 29.3 4.800000000000001
      vertex 21.95 25.3 4.800000000000001
      vertex 23.35 25.3 4.800000000000001
    endloop
  endfacet
  facet normal 0 0 1
    outer loop
      vertex 21.95 29.3 4.800000000000001
      vertex 23.35 25.3 4.800000000000001
      vertex 23.35 29.3 4.800000000000001
    endloop
  endfacet
  facet normal -1 0 0
    outer loop
      vertex 21.95 -27.7 4.800000000000001
      vertex 21.95 -23.7 1.3900000000000006
      vertex 21.95 -27.7 1.3900000000000006
    endloop
  endfacet
  facet normal 0 -1 0
    outer loop
      vertex 23.35 -27.7 4.800000000000001
      vertex 21.95 -27.7 1.3900000000000006
      vertex 23.35 -27.7 1.3900000000000006
    endloop
  endfacet
  facet normal 1 0 0
    outer loop
      vertex 23.35 -23.7 4.800000000000001
      vertex 23.35 -27.7 1.3900000000000006
      vertex 23.35 -23.7 1.3900000000000006
    endloop
  endfacet
  facet normal 0 -1 0
    outer loop
      vertex 21.95 -27.7 4.800000000000001
      vertex 21.95 -27.7 1.3900000000000006
      vertex 23.35 -27.7 4.800000000000001
    endloop
  endfacet
  facet normal -1 0 0
    outer loop
      vertex 21.95 -23.7 4.800000000000001
      vertex 21.95 -23.7 1.3900000000000006
      vertex 21.95 -27.7 4.800000000000001
    endloop
  endfacet
  facet normal 1 0 0
    outer loop
      vertex 23.35 -23.7 4.800000000000001
      vertex 23.35 -27.7 4.800000000000001
      vertex 23.35 -27.7 1.3900000000000006
    endloop
  endfacet
  facet normal 0 1 0
    outer loop
      vertex 21.95 -23.7 4.800000000000001
      vertex 23.35 -23.7 1.3900000000000006
      vertex 21.95 -23.7 1.3900000000000006
    endloop
  endfacet
  facet normal 0 1 0
    outer loop
      vertex 21.95 -23.7 4.800000000000001
      vertex 23.35 -23.7 4.800000000000001
      vertex 23.35 -23.7 1.3900000000000006
    endloop
  endfacet
  facet normal 0 0 1
    outer loop
      vertex 21.95 -23.7 4.800000000000001
      vertex 21.95 -27.7 4.800000000000001
      vertex 23.35 -27.7 4.800000000000001
    endloop
  endfacet
  facet normal 0 0 1
    outer loop
      vertex 21.95 -23.7 4.800000000000001
      vertex 23.35 -27.7 4.800000000000001
      vertex 23.35 -23.7 4.800000000000001
    endloop
  endfacet
  facet normal 1 0 0
    outer loop
      vertex 8.35 28.48646623818546 0.8779064490725776
      vertex 8.35 28.421668729975114 0.4410771314830235
      vertex 8.35 28.4 0
    endloop
  endfacet
  facet normal 1 0 0
    outer loop
      vertex 8.35 28.593768489205058 1.306281047645081
      vertex 8.35 28.48646623818546 0.8779064490725776
      vertex 8.35 28.4 0
    endloop
  endfacet
  facet normal 1 0 0
    outer loop
      vertex 8.35 28.623723609340107 1.3900000000000006
      vertex 8.35 28.593768489205058 1.306281047645081
      vertex 8.35 28.4 0
    endloop
  endfacet
  facet normal 1 0 0
    outer loop
      vertex 8.35 31.8 1.4000000000000004
      vertex 8.35 28.4 0
      vertex 8.35 32.9 0
    endloop
  endfacet
  facet normal 1 0 0
    outer loop
      vertex 8.35 30.8 1.3900000000000006
      vertex 8.35 28.623723609340107 1.3900000000000006
      vertex 8.35 28.4 0
    endloop
  endfacet
  facet normal 1 0 0
    outer loop
      vertex 8.35 31.8 1.4000000000000004
      vertex 8.35 30.8 1.3900000000000006
      vertex 8.35 28.4 0
    endloop
  endfacet
  facet normal 0 0.9987954562051722 -0.04906767432742025
    outer loop
      vertex 8.35 28.421668729975114 0.4410771314830235
      vertex 20.35 28.421668729975114 0.4410771314830235
      vertex 8.35 28.4 0
    endloop
  endfacet
  facet normal 0 0.9891765099647816 -0.1467304744553578
    outer loop
      vertex 8.35 28.48646623818546 0.8779064490725776
      vertex 20.35 28.48646623818546 0.8779064490725776
      vertex 8.35 28.421668729975114 0.4410771314830235
    endloop
  endfacet
  facet normal 1 0 0
    outer loop
      vertex 8.35 31.8 1.4000000000000004
      vertex 8.35 30.8 1.4000000000000004
      vertex 8.35 30.8 1.3900000000000006
    endloop
  endfacet
  facet normal 0 0.9700312531945441 -0.24298017990326343
    outer loop
      vertex 8.35 28.593768489205058 1.306281047645081
      vertex 20.35 28.593768489205058 1.306281047645081
      vertex 8.35 28.48646623818546 0.8779064490725776
    endloop
  endfacet
  facet normal 0 0.9415440651830159 -0.3368898533922337
    outer loop
      vertex 8.35 28.623723609340107 1.3900000000000006
      vertex 20.35 28.593768489205058 1.306281047645081
      vertex 8.35 28.593768489205058 1.306281047645081
    endloop
  endfacet
  facet normal 1 0 0
    outer loop
      vertex 8.35 32.02209355092742 4.413533761814537
      vertex 8.35 31.8 1.4000000000000004
      vertex 8.35 32.9 0
    endloop
  endfacet
  facet normal 1 0 0
    outer loop
      vertex 8.35 32.45892286851698 4.478331270024886
      vertex 8.35 32.02209355092742 4.413533761814537
      vertex 8.35 32.9 0
    endloop
  endfacet
  facet normal 1 0 0
    outer loop
      vertex 8.35 32.9 4.5
      vertex 8.35 32.45892286851698 4.478331270024886
      vertex 8.35 32.9 0
    endloop
  endfacet
  facet normal 1 0 0
    outer loop
      vertex 8.35 32.02209355092742 4.413533761814537
      vertex 8.35 31.8 4.3579022233646345
      vertex 8.35 31.8 1.4000000000000004
    endloop
  endfacet
  facet normal 0 0.9987954562051722 -0.04906767432742025
    outer loop
      vertex 8.35 28.4 0
      vertex 20.35 28.421668729975114 0.4410771314830235
      vertex 20.35 28.4 0
    endloop
  endfacet
  facet normal 0 0.9891765099647816 -0.1467304744553578
    outer loop
      vertex 8.35 28.421668729975114 0.4410771314830235
      vertex 20.35 28.48646623818546 0.8779064490725776
      vertex 20.35 28.421668729975114 0.4410771314830235
    endloop
  endfacet
  facet normal 0 0.9700312531945441 -0.24298017990326343
    outer loop
      vertex 8.35 28.48646623818546 0.8779064490725776
      vertex 20.35 28.593768489205058 1.306281047645081
      vertex 20.35 28.48646623818546 0.8779064490725776
    endloop
  endfacet
  facet normal 0 0.9415440651830159 -0.3368898533922337
    outer loop
      vertex 8.35 28.623723609340107 1.3900000000000006
      vertex 20.35 28.623723609340107 1.3900000000000006
      vertex 20.35 28.593768489205058 1.306281047645081
    endloop
  endfacet
  facet normal -1 0 0
    outer loop
      vertex 20.35 31.094301373552938 0
      vertex 20.35 28.4 0
      vertex 20.35 28.421668729975114 0.4410771314830235
    endloop
  endfacet
  facet normal -1 0 0
    outer loop
      vertex 20.35 28.48646623818546 0.8779064490725776
      vertex 20.35 31.094301373552938 0
      vertex 20.35 28.421668729975114 0.4410771314830235
    endloop
  endfacet
  facet normal -1 0 0
    outer loop
      vertex 20.35 30.805 1.3900000000000006
      vertex 20.35 32.9 0
      vertex 20.35 31.094301373552938 0
    endloop
  endfacet
  facet normal -1 0 0
    outer loop
      vertex 20.35 28.593768489205058 1.306281047645081
      vertex 20.35 31.094301373552938 0
      vertex 20.35 28.48646623818546 0.8779064490725776
    endloop
  endfacet
  facet normal -1 0 0
    outer loop
      vertex 20.35 28.623723609340107 1.3900000000000006
      vertex 20.35 31.094301373552938 0
      vertex 20.35 28.593768489205058 1.306281047645081
    endloop
  endfacet
  facet normal -1 0 0
    outer loop
      vertex 20.35 30.8 1.3900000000000006
      vertex 20.35 31.094301373552938 0
      vertex 20.35 28.623723609340107 1.3900000000000006
    endloop
  endfacet
  facet normal -1 0 0
    outer loop
      vertex 20.35 30.8 1.4000000000000004
      vertex 20.35 30.805 1.3900000000000006
      vertex 20.35 31.094301373552938 0
    endloop
  endfacet
  facet normal -1 0 0
    outer loop
      vertex 20.35 30.8 1.4000000000000004
      vertex 20.35 31.094301373552938 0
      vertex 20.35 30.8 1.3900000000000006
    endloop
  endfacet
  facet normal -1 0 0
    outer loop
      vertex 20.35 32.9 1.3900000000000006
      vertex 20.35 32.9 0
      vertex 20.35 30.805 1.3900000000000006
    endloop
  endfacet
  facet normal -1 0 0
    outer loop
      vertex 20.35 30.804970674486803 1.4000000000000004
      vertex 20.35 30.805 1.3900000000000006
      vertex 20.35 30.8 1.4000000000000004
    endloop
  endfacet
  facet normal -1 0 0
    outer loop
      vertex 20.35 32.02209355092742 4.413533761814537
      vertex 20.35 31.8 1.4000000000000004
      vertex 20.35 31.8 4.3579022233646345
    endloop
  endfacet
endsolid OpenSCAD_Model
